,name,tuan,tongqin,xiuchang,xiuxing,yichang,banxing,gongyi,xijie,lingxing,kuanshi,小类,中类,大类
0,01635b155c8626cbb79741cd70993e2f.jpg,字母,韩版,长袖,其他,常规,宽松,,,连帽,套头,卫衣,卫衣,卫衣
1,01635b155c8626cbb79741cd70993e2f.jpg,,简约,长袖,,常规,,,,连帽,套头,套头衫,套头衫,套头衫
2,01635b155c8626cbb79741cd70993e2f.jpg,字母 ,韩版 ,长袖 ,常规 ,常规 ,宽松 纯电商(只在线上销售) ,,链条 ,连帽 ,链条 套头 ,卫衣,卫衣,卫衣
3,01635b155c8626cbb79741cd70993e2f.jpg,,,长袖,,,宽松,,绣花,连帽,绣花套头,卫衣,卫衣,卫衣
4,01635b155c8626cbb79741cd70993e2f.jpg,字母,韩版,长袖,,常规,宽松,,,连帽,套头,卫衣,卫衣,卫衣
5,01635b155c8626cbb79741cd70993e2f.jpg,其他,,,,,棉内胆,,,,,打底衫,打底衫,打底衫
6,01635b155c8626cbb79741cd70993e2f.jpg,,,长袖,插肩袖,,宽松,,绣花,连帽,绣花套头,T恤,T恤,T恤
7,01635b155c8626cbb79741cd70993e2f.jpg,,,长袖,,常规,,,,,,卫衣,卫衣,卫衣
8,01635b155c8626cbb79741cd70993e2f.jpg,纯色,,长袖,常规,常规,宽松,,印花/印染,连帽,印花/印染套头,卫衣,卫衣,卫衣
9,01635b155c8626cbb79741cd70993e2f.jpg,,,,,,,,,,套头,套头衫,套头衫,套头衫
10,061999e0171c5a8570563d94cb789767.jpg,,,,,,,,,,,打底衫,打底衫,打底衫
11,061999e0171c5a8570563d94cb789767.jpg,条纹,休闲,,常规,,宽松,,,,套头,卫衣,卫衣,卫衣
12,061999e0171c5a8570563d94cb789767.jpg,3D效果,休闲,,常规,,宽松,,绣花,圆领,绣花套头,卫衣,卫衣,卫衣
13,061999e0171c5a8570563d94cb789767.jpg,条纹,休闲,,常规,,宽松,,,,套头,卫衣,卫衣,卫衣
14,061999e0171c5a8570563d94cb789767.jpg,其他,,,,,,,,,套头,卫衣,卫衣,卫衣
15,061999e0171c5a8570563d94cb789767.jpg,,,,,,,,,,,卫衣,卫衣,卫衣
16,061999e0171c5a8570563d94cb789767.jpg,色块,,,,,,,,,套头,卫衣,卫衣,卫衣
17,061999e0171c5a8570563d94cb789767.jpg,其他 ,休闲 ,,常规 ,,修身型 纯电商(只在线上销售) ,,印花 ,圆领 ,印花 套头 ,套头衫,套头衫,套头衫
18,061999e0171c5a8570563d94cb789767.jpg,其他 ,,,,,,,,,,卫衣,卫衣,卫衣
19,061999e0171c5a8570563d94cb789767.jpg,其他 ,,长袖 ,常规 ,常规款 ,直筒 纯电商(只在线上销售) ,,绣花 ,POLO领 ,绣花 套头 ,毛衫,毛衫,毛衫
20,11f13c8044313cd657d1e057103e9812.jpg,其他,休闲,,常规,,直筒,,,圆领,套头,卫衣,卫衣,卫衣
21,11f13c8044313cd657d1e057103e9812.jpg,其他,休闲,,常规,,直筒,,请见宝贝描述,圆领,请见宝贝描述套头,卫衣,卫衣,卫衣
22,11f13c8044313cd657d1e057103e9812.jpg,字母,韩版,长袖,常规,常规,棉内胆宽松,,,连帽,套头,卫衣,卫衣,卫衣
23,11f13c8044313cd657d1e057103e9812.jpg,骷髅,休闲,,常规,,直筒,,,连帽,套头,卫衣,卫衣,卫衣
24,11f13c8044313cd657d1e057103e9812.jpg,,,,,,,,,连帽,,卫衣,卫衣,卫衣
25,11f13c8044313cd657d1e057103e9812.jpg,人物,韩版,长袖,常规,常规,棉内胆宽松,,,立领,套头,卫衣,卫衣,卫衣
26,11f13c8044313cd657d1e057103e9812.jpg,纯色 ,休闲 ,,常规 ,,宽松 ,,印花 ,连帽 ,印花 套头 ,套头衫,套头衫,套头衫
27,11f13c8044313cd657d1e057103e9812.jpg,字母,韩版,长袖,常规,常规,棉内胆宽松,,"口袋,印花",连帽,"口袋,印花套头",卫衣,卫衣,卫衣
28,11f13c8044313cd657d1e057103e9812.jpg,,,长袖,,常规,宽松,,,连帽,套头,卫衣,卫衣,卫衣
29,11f13c8044313cd657d1e057103e9812.jpg,,,,,,,,,,,卫衣,卫衣,卫衣
30,137c95158451e3f69d927702110bfffd.jpg,纯色,韩版,长袖,常规,常规,宽松,,袋鼠兜,连帽,袋鼠兜套头,卫衣,卫衣,卫衣
31,137c95158451e3f69d927702110bfffd.jpg,纯色,休闲,,常规,,宽松,,印花,连帽,印花套头,卫衣,卫衣,卫衣
32,137c95158451e3f69d927702110bfffd.jpg,纯色,韩版,长袖,常规,常规,宽松,,"口袋,螺纹",连帽,"口袋,螺纹套头",卫衣,卫衣,卫衣
33,137c95158451e3f69d927702110bfffd.jpg,纯色,韩版,长袖,常规,常规,棉内胆宽松,,纯色,连帽,纯色套头,卫衣,卫衣,卫衣
34,137c95158451e3f69d927702110bfffd.jpg,纯色,韩版,长袖,蝙蝠袖,常规,棉内胆宽松,,,连帽,套头,卫衣,卫衣,卫衣
35,137c95158451e3f69d927702110bfffd.jpg,纯色,休闲,,常规,,宽松,,其他,圆领,其他套头,卫衣,卫衣,卫衣
36,137c95158451e3f69d927702110bfffd.jpg,,,,,,,,,,,卫衣,卫衣,卫衣
37,137c95158451e3f69d927702110bfffd.jpg,纯色,韩版,长袖,常规,常规,宽松,,"口袋,系带,螺纹",连帽,"口袋,系带,螺纹套头",卫衣,卫衣,卫衣
38,137c95158451e3f69d927702110bfffd.jpg,纯色,韩版,长袖,常规,常规,直筒,,"袋鼠兜,绣花",连帽,"袋鼠兜,绣花套头",卫衣,卫衣,卫衣
39,137c95158451e3f69d927702110bfffd.jpg,纯色,韩版,长袖,常规,常规,棉内胆宽松,,"袋鼠兜,口袋,拼接,螺纹,抽绳",连帽,"袋鼠兜,口袋,拼接,螺纹,抽绳套头",卫衣,卫衣,卫衣
40,1431a37d5d7aeffb8feececfca88f31d.jpg,其他 ,休闲 ,,常规 ,,直筒 ,,印花 ,圆领 ,印花 套头 ,卫衣,卫衣,卫衣
41,1431a37d5d7aeffb8feececfca88f31d.jpg,几何图案,休闲,,常规,,直筒,,,圆领,套头,卫衣,卫衣,卫衣
42,1431a37d5d7aeffb8feececfca88f31d.jpg,其他,,长袖,,,,,,圆领,,打底衫,打底衫,打底衫
43,1431a37d5d7aeffb8feececfca88f31d.jpg,字母数字字母数字,日常,长袖,常规,,修身字母数字,,绣标,圆领,绣标,打底衫,打底衫,打底衫
44,1431a37d5d7aeffb8feececfca88f31d.jpg,几何图案 ,休闲 ,,常规 ,,直筒 纯电商(只在线上销售) ,,印花 ,圆领 ,印花 套头 ,卫衣,卫衣,卫衣
45,1431a37d5d7aeffb8feececfca88f31d.jpg,几何图案,,,常规,,宽松,,印花,圆领,印花套头,卫衣,卫衣,卫衣
46,1431a37d5d7aeffb8feececfca88f31d.jpg,其他 ,运动 ,,常规 ,,宽松 纯电商(只在线上销售) ,,印花 ,圆领 ,印花 套头 ,卫衣,卫衣,卫衣
47,1431a37d5d7aeffb8feececfca88f31d.jpg,,,长袖 ,常规 ,常规 ,修身 纯电商(只在线上销售) ,,印花 ,圆领 ,印花 套头 ,卫衣,卫衣,卫衣
48,1431a37d5d7aeffb8feececfca88f31d.jpg,其他 ,,,,,纯电商(只在线上销售) ,,,圆领 ,套头 ,卫衣,卫衣,卫衣
49,1431a37d5d7aeffb8feececfca88f31d.jpg,,,,,,,,,,,毛衫,毛衫,毛衫
50,15533c5f75243fbc11b20acd0adafdd3.jpg,,,,,,,,,,,打底衫,打底衫,打底衫
51,15533c5f75243fbc11b20acd0adafdd3.jpg,,,,,,,,,,,卫衣,卫衣,卫衣
52,15533c5f75243fbc11b20acd0adafdd3.jpg,3D效果,休闲,,常规,,宽松,,绣花,圆领,绣花套头,卫衣,卫衣,卫衣
53,15533c5f75243fbc11b20acd0adafdd3.jpg,,,,,,,,,,,套头衫,套头衫,套头衫
54,15533c5f75243fbc11b20acd0adafdd3.jpg,其他 ,,,,,毛内胆 ,,,,,套头衫,套头衫,套头衫
55,15533c5f75243fbc11b20acd0adafdd3.jpg,,,长袖 ,,常规 ,商场同款(线上线下都销售) ,,,圆领 ,套头 ,卫衣,卫衣,卫衣
56,15533c5f75243fbc11b20acd0adafdd3.jpg,卡通动漫,,长袖,,,,,,圆领,,打底衫,打底衫,打底衫
57,15533c5f75243fbc11b20acd0adafdd3.jpg,其他 ,休闲 ,,常规 ,,修身型 纯电商(只在线上销售) ,,印花 ,圆领 ,印花 套头 ,套头衫,套头衫,套头衫
58,15533c5f75243fbc11b20acd0adafdd3.jpg,纯色 ,,,,,,,,,,卫衣,卫衣,卫衣
59,15533c5f75243fbc11b20acd0adafdd3.jpg,其他 ,,,,,,,,,,卫衣,卫衣,卫衣
60,164da379efeb1ba5bb355258b75723ba.jpg,其他 ,,,,,,,,圆领 ,套头 ,卫衣,卫衣,卫衣
61,164da379efeb1ba5bb355258b75723ba.jpg,其他,居家,,常规,,宽松,,绣花,圆领,绣花套头,卫衣,卫衣,卫衣
62,164da379efeb1ba5bb355258b75723ba.jpg,卡通动漫,简约,长袖,常规,常规,棉内胆宽松,,印花,圆领,印花套头,卫衣,卫衣,卫衣
63,164da379efeb1ba5bb355258b75723ba.jpg,其他 ,休闲 ,,常规 ,,直筒 商场同款(线上线下都销售) ,,缉明线 ,圆领 ,缉明线 套头 ,卫衣,卫衣,卫衣
64,164da379efeb1ba5bb355258b75723ba.jpg,其他 ,,,,,商场同款(线上线下都销售) ,,,,套头 ,卫衣,卫衣,卫衣
65,164da379efeb1ba5bb355258b75723ba.jpg,卡通动漫 ,简约 ,长袖 ,常规 ,常规 ,棉内胆 宽松 纯电商(只在线上销售) ,,印花 ,圆领 ,印花 套头 ,卫衣,卫衣,卫衣
66,164da379efeb1ba5bb355258b75723ba.jpg,,,,,,,,,,,卫衣,卫衣,卫衣
67,164da379efeb1ba5bb355258b75723ba.jpg,,,,,,,,,,,卫衣,卫衣,卫衣
68,164da379efeb1ba5bb355258b75723ba.jpg,,其他休闲 ,长袖 ,,,标准 ,,,其他 ,,T恤,T恤,T恤
69,164da379efeb1ba5bb355258b75723ba.jpg,,,,,,,,,,,T恤,T恤,T恤
70,16c39cefda191f4994ee4984c9189006.jpg,卡通动漫 ,韩版 ,长袖 ,常规 ,常规 ,棉内胆 宽松 纯电商(只在线上销售) ,,袋鼠兜 口袋 印花 螺纹 抽绳 ,连帽 ,袋鼠兜 口袋 印花 螺纹 抽绳 套头 ,卫衣,卫衣,卫衣
71,16c39cefda191f4994ee4984c9189006.jpg,,,长袖,,常规,,,,连帽,套头,卫衣,卫衣,卫衣
72,16c39cefda191f4994ee4984c9189006.jpg,,,,,,,,,,,卫衣,卫衣,卫衣
73,16c39cefda191f4994ee4984c9189006.jpg,其他,休闲,,常规,,宽松,,印花,圆领,印花套头,卫衣,卫衣,卫衣
74,16c39cefda191f4994ee4984c9189006.jpg,卡通动漫,休闲,,常规,,宽松,,印花,圆领,印花套头,打底衫,打底衫,打底衫
75,16c39cefda191f4994ee4984c9189006.jpg,纯色,休闲,,常规,,宽松,,印花,圆领,印花套头,卫衣,卫衣,卫衣
76,16c39cefda191f4994ee4984c9189006.jpg,其他 ,,,,,纯电商(只在线上销售) ,,,连帽 ,套头 ,卫衣,卫衣,卫衣
77,16c39cefda191f4994ee4984c9189006.jpg,搞怪,休闲,,常规,,宽松,,印花,连帽,印花套头,卫衣,卫衣,卫衣
78,16c39cefda191f4994ee4984c9189006.jpg,纯色,休闲,,常规,,宽松,,其他,圆领,其他套头,卫衣,卫衣,卫衣
79,16c39cefda191f4994ee4984c9189006.jpg,,,,,,,,,,,卫衣,卫衣,卫衣
80,18e0b1bf0a1b41031a7ec6444aba6d0b.jpg,其他 ,休闲 ,,常规 ,,,,缉明线 ,圆领 ,缉明线 套头 ,卫衣,卫衣,卫衣
81,18e0b1bf0a1b41031a7ec6444aba6d0b.jpg,,其他休闲,长袖,,,标准,,,圆领,,打底衫,打底衫,打底衫
82,18e0b1bf0a1b41031a7ec6444aba6d0b.jpg,纯色纯色,其他休闲,长袖,插肩袖,,时尚潮牌宽松纯色,,口袋,圆领,口袋,打底衫,打底衫,打底衫
83,18e0b1bf0a1b41031a7ec6444aba6d0b.jpg,,,长袖,,,,,,圆领,,打底衫,打底衫,打底衫
84,18e0b1bf0a1b41031a7ec6444aba6d0b.jpg,,日常,长袖,,,非品牌宽松,,,圆领,,卫衣,卫衣,卫衣
85,18e0b1bf0a1b41031a7ec6444aba6d0b.jpg,纯色纯色,其他休闲,长袖,常规,,国内非知名品牌宽松纯色,,口袋,圆领,口袋,卫衣,卫衣,卫衣
86,18e0b1bf0a1b41031a7ec6444aba6d0b.jpg,其他 ,运动 ,,常规 ,,直筒 纯电商(只在线上销售) ,,印花 ,圆领 ,印花 套头 ,卫衣,卫衣,卫衣
87,18e0b1bf0a1b41031a7ec6444aba6d0b.jpg,创意,,,,,,,,,套头,卫衣,卫衣,卫衣
88,18e0b1bf0a1b41031a7ec6444aba6d0b.jpg,,简约 ,长袖 ,,常规款 ,,,,半高圆领 ,套头 ,毛衫,毛衫,毛衫
89,18e0b1bf0a1b41031a7ec6444aba6d0b.jpg,纯色,,长袖,,,,,,圆领,,打底衫,打底衫,打底衫
90,1b8adb67f3a38b51d331e3ada8889e9c.jpg,卡通动漫,,,常规,,宽松,,,圆领,套头,卫衣,卫衣,卫衣
91,1b8adb67f3a38b51d331e3ada8889e9c.jpg,其他,休闲,,常规,,宽松,,印花,连帽,印花套头,卫衣,卫衣,卫衣
92,1b8adb67f3a38b51d331e3ada8889e9c.jpg,其他,休闲,,常规,,,,,,套头,衬衫,衬衫,衬衫
93,1b8adb67f3a38b51d331e3ada8889e9c.jpg,,,,,,,,,,,卫衣,卫衣,卫衣
94,1b8adb67f3a38b51d331e3ada8889e9c.jpg,简笔画 ,休闲 ,,常规 ,,宽松 纯电商(只在线上销售) ,,印花 ,连帽 ,印花 套头 ,卫衣,卫衣,卫衣
95,1b8adb67f3a38b51d331e3ada8889e9c.jpg,其他,休闲,,常规,,宽松,,,连帽,套头,卫衣,卫衣,卫衣
96,1b8adb67f3a38b51d331e3ada8889e9c.jpg,,,,其他,常规,宽松,,,,套头,卫衣,卫衣,卫衣
97,1b8adb67f3a38b51d331e3ada8889e9c.jpg,,,长袖,插肩袖,中长款,宽松,,印花,圆领,印花套头,卫衣,卫衣,卫衣
98,1b8adb67f3a38b51d331e3ada8889e9c.jpg,,,长袖,常规,常规,棉内胆宽松,,,连帽,套头,卫衣,卫衣,卫衣
99,1b8adb67f3a38b51d331e3ada8889e9c.jpg,纯色,休闲,,常规,,宽松,,印花,连帽,印花套头,卫衣,卫衣,卫衣
100,1d38ecfa2e7120425fdd60ddea7f7b83.jpg,字母 ,,长袖 ,其他 ,中长款 ,宽松 商场同款(线上线下都销售) ,,绣花 ,连帽 ,绣花 套头 ,卫衣,卫衣,卫衣
101,1d38ecfa2e7120425fdd60ddea7f7b83.jpg,,,长袖 ,,,,,,,,套装,套装,套装
102,1d38ecfa2e7120425fdd60ddea7f7b83.jpg,字母,,长袖,常规,常规,直筒,,绣花,连帽,绣花套头,卫衣,卫衣,卫衣
103,1d38ecfa2e7120425fdd60ddea7f7b83.jpg,纯色,休闲,,,,宽松,,,连帽,套头,卫衣,卫衣,卫衣
104,1d38ecfa2e7120425fdd60ddea7f7b83.jpg,,,,,,宽松,,印花,,印花,卫衣,卫衣,卫衣
105,1d38ecfa2e7120425fdd60ddea7f7b83.jpg,几何图案,休闲,,常规,,宽松,,绣花,连帽,绣花套头,卫衣,卫衣,卫衣
106,1d38ecfa2e7120425fdd60ddea7f7b83.jpg,几何图案 ,休闲 ,,常规 ,,修身型 ,,,连帽 ,套头 ,卫衣,卫衣,卫衣
107,1d38ecfa2e7120425fdd60ddea7f7b83.jpg,字母,韩版,长袖,常规,常规,宽松,,"绣花,拼接",连帽,"绣花,拼接套头",卫衣,卫衣,卫衣
108,1d38ecfa2e7120425fdd60ddea7f7b83.jpg,其他,,,,,,,,,,衬衫,衬衫,衬衫
109,1d38ecfa2e7120425fdd60ddea7f7b83.jpg,字母,韩版,长袖,常规,常规,棉内胆宽松,,"贴布,拼接",连帽,"贴布,拼接套头",卫衣,卫衣,卫衣
110,1da33bd44412681bb874eff770d747e7.jpg,,,,,,,,,,,卫衣,卫衣,卫衣
111,1da33bd44412681bb874eff770d747e7.jpg,条纹,,长袖,常规,常规,棉内胆宽松,,"印花,拼接",圆领,"印花,拼接套头",卫衣,卫衣,卫衣
112,1da33bd44412681bb874eff770d747e7.jpg,,,,,,,,,,,打底衫,打底衫,打底衫
113,1da33bd44412681bb874eff770d747e7.jpg,条纹,,,,,棉内胆,,,,,卫衣,卫衣,卫衣
114,1da33bd44412681bb874eff770d747e7.jpg,条纹,,,,,,,,,,套头衫,套头衫,套头衫
115,1da33bd44412681bb874eff770d747e7.jpg,条纹,,,,,,,,,,套头衫,套头衫,套头衫
116,1da33bd44412681bb874eff770d747e7.jpg,,,长袖,,中长款,,,,,,套头衫,套头衫,套头衫
117,1da33bd44412681bb874eff770d747e7.jpg,条纹,,,,,,,,,,卫衣,卫衣,卫衣
118,1da33bd44412681bb874eff770d747e7.jpg,,,,,,,,,,,卫衣,卫衣,卫衣
119,1da33bd44412681bb874eff770d747e7.jpg,条纹,,长袖,,,,,,圆领,,打底衫,打底衫,打底衫
120,1f0b83565252461fcb4222d555cf54c6.jpg,其他,休闲,,常规,,宽松,,,连帽,套头,卫衣,卫衣,卫衣
121,1f0b83565252461fcb4222d555cf54c6.jpg,,,,,,,,,,,T恤,T恤,T恤
122,1f0b83565252461fcb4222d555cf54c6.jpg,纯色,韩版,长袖,常规,常规,棉内胆宽松,,口袋,连帽,口袋套头,卫衣,卫衣,卫衣
123,1f0b83565252461fcb4222d555cf54c6.jpg,字母,运动,,常规,,宽松,,,连帽,套头,卫衣,卫衣,卫衣
124,1f0b83565252461fcb4222d555cf54c6.jpg,纯色,休闲,,常规,,直筒,,,连帽,套头,卫衣,卫衣,卫衣
125,1f0b83565252461fcb4222d555cf54c6.jpg,,简约,长袖,常规,常规,棉内胆修身,,,圆领,套头,卫衣,卫衣,卫衣
126,1f0b83565252461fcb4222d555cf54c6.jpg,字母,韩版,长袖,常规,常规,棉内胆宽松,,"袋鼠兜,绣花",连帽,"袋鼠兜,绣花套头",卫衣,卫衣,卫衣
127,1f0b83565252461fcb4222d555cf54c6.jpg,字母,韩版,长袖,常规,常规,棉内胆宽松,,"袋鼠兜,绣花",连帽,"袋鼠兜,绣花套头",卫衣,卫衣,卫衣
128,1f0b83565252461fcb4222d555cf54c6.jpg,纯色,韩版,长袖,常规,常规,棉内胆宽松,,口袋,连帽,口袋套头,卫衣,卫衣,卫衣
129,1f0b83565252461fcb4222d555cf54c6.jpg,纯色,韩版,长袖,常规,常规,棉内胆宽松,,口袋,连帽,口袋套头,卫衣,卫衣,卫衣
130,1ffdce96f089976fd63f0b8aec639e75.jpg,条纹,旅游,长袖,常规,,修身型,,,圆领,套头,毛衫,毛衫,毛衫
131,1ffdce96f089976fd63f0b8aec639e75.jpg,条纹,,长袖,,常规,宽松,,,圆领,套头,卫衣,卫衣,卫衣
132,1ffdce96f089976fd63f0b8aec639e75.jpg,条纹 ,韩版 ,长袖 ,常规 ,常规 ,棉内胆 直筒 纯电商(只在线上销售) ,,,圆领 ,套头 ,卫衣,卫衣,卫衣
133,1ffdce96f089976fd63f0b8aec639e75.jpg,,日常 ,长袖 ,,,标准 ,,,圆领 ,,T恤,T恤,T恤
134,1ffdce96f089976fd63f0b8aec639e75.jpg,,,,,,,,,圆领,,卫衣,卫衣,卫衣
135,1ffdce96f089976fd63f0b8aec639e75.jpg,卡通动漫青春青春,韩版,长袖,常规,常规款,宽松,,,圆领,,T恤,T恤,T恤
136,1ffdce96f089976fd63f0b8aec639e75.jpg,卡通动漫,,长袖,常规,常规,修身,,,连帽,套头,卫衣,卫衣,卫衣
137,1ffdce96f089976fd63f0b8aec639e75.jpg,其他,,,,,,,,,套头,卫衣,卫衣,卫衣
138,1ffdce96f089976fd63f0b8aec639e75.jpg,条纹 ,运动 ,,常规 ,,宽松 ,,,圆领 ,套头 ,卫衣,卫衣,卫衣
139,1ffdce96f089976fd63f0b8aec639e75.jpg,条纹,休闲家居,长袖,,,,,,圆领,,家居服,家居服,家居服
140,28a75331fa4d334ecb42cec9cdc0f794.jpg,字母,,长袖,其他,中长款,宽松,,绣花,连帽,绣花套头,卫衣,卫衣,卫衣
141,28a75331fa4d334ecb42cec9cdc0f794.jpg,,,长袖,荷叶袖,短款,修身,,,圆领,套头,打底衫,打底衫,打底衫
142,28a75331fa4d334ecb42cec9cdc0f794.jpg,,,,,,,,,,,风衣,风衣,外套
143,28a75331fa4d334ecb42cec9cdc0f794.jpg,,复古,,,中长款,直筒,,,连帽,套头,卫衣,卫衣,卫衣
144,28a75331fa4d334ecb42cec9cdc0f794.jpg,,,,,,商场同款(线上线下都销售) ,,,,,套装,套装,套装
145,28a75331fa4d334ecb42cec9cdc0f794.jpg,其他,,九分袖,常规,常规款,直筒,,,POLO领,,衬衫,衬衫,衬衫
146,28a75331fa4d334ecb42cec9cdc0f794.jpg,,,,,,,,,,,卫衣,卫衣,卫衣
147,28a75331fa4d334ecb42cec9cdc0f794.jpg,条纹 ,,长袖 ,常规 ,中长款 ,直筒 纯电商(只在线上销售) ,,,高领 ,套头 ,连衣裙,连衣裙,连衣裙
148,28a75331fa4d334ecb42cec9cdc0f794.jpg,,,,,,,,,,,连衣裙,连衣裙,连衣裙
149,28a75331fa4d334ecb42cec9cdc0f794.jpg,,,,,,,,,,,T恤,T恤,T恤
150,2d5cb8cfbcea3d9077486306b3dd7613.jpg,其他,,,,,,,,,,卫衣,卫衣,卫衣
151,2d5cb8cfbcea3d9077486306b3dd7613.jpg,,,长袖,,,66,,,,长爬,,,
152,2d5cb8cfbcea3d9077486306b3dd7613.jpg,,,长袖,,,,,印花,小圆领,印花,外套,外套,外套
153,2d5cb8cfbcea3d9077486306b3dd7613.jpg,卡通动漫,,长袖,常规,常规,宽松,,绣花,圆领,绣花套头,卫衣,卫衣,卫衣
154,2d5cb8cfbcea3d9077486306b3dd7613.jpg,,,,,,,,,,,卫衣,卫衣,卫衣
155,2d5cb8cfbcea3d9077486306b3dd7613.jpg,字母,,长袖,,,,,印花,普通圆领,印花,内着,内着,内着
156,2d5cb8cfbcea3d9077486306b3dd7613.jpg,,,,,,,,,,,卫衣,卫衣,卫衣
157,2d5cb8cfbcea3d9077486306b3dd7613.jpg,字母 ,休闲 ,,,,,,,,套头 ,卫衣,卫衣,卫衣
158,2d5cb8cfbcea3d9077486306b3dd7613.jpg,,,,,,,,,,,T恤,T恤,T恤
159,2d5cb8cfbcea3d9077486306b3dd7613.jpg,其他其他,其他休闲,长袖,常规,,超修身其他,,印花,圆领,印花,打底衫,打底衫,打底衫
160,2f89539dbf5f004a997c1f7641501792.jpg,其他,,,,,,,,,,卫衣,卫衣,卫衣
161,2f89539dbf5f004a997c1f7641501792.jpg,字母,,长袖,插肩袖,中长款,,,,圆领,套头,连衣裙,连衣裙,连衣裙
162,2f89539dbf5f004a997c1f7641501792.jpg,,,,,,,,,圆领,,毛衫,毛衫,毛衫
163,2f89539dbf5f004a997c1f7641501792.jpg,纯色,,长袖,,,,,,高领,,打底衫,打底衫,打底衫
164,2f89539dbf5f004a997c1f7641501792.jpg,,,,,,,,,,,毛衫,毛衫,毛衫
165,2f89539dbf5f004a997c1f7641501792.jpg,纯色,,长袖,常规,短款,,,,低圆领,套头,毛衫,毛衫,毛衫
166,2f89539dbf5f004a997c1f7641501792.jpg,,,长袖,,,,,,,长爬,,,
167,2f89539dbf5f004a997c1f7641501792.jpg,卡通动漫,,长袖,,,,,,V领,,家居服,家居服,家居服
168,2f89539dbf5f004a997c1f7641501792.jpg,,,长袖,,,QY-1820,,,,长爬,,,
169,2f89539dbf5f004a997c1f7641501792.jpg,字母数字 字母数字 ,其他休闲 ,长袖 ,常规 ,,国内知名品牌 修身 字母数字 ,,印花 ,圆领 ,印花 ,卫衣,卫衣,卫衣
170,31d0c6f8fcd8f70d92d6c7c13afd24e2.jpg,,,,,,,,,,,卫衣,卫衣,卫衣
171,31d0c6f8fcd8f70d92d6c7c13afd24e2.jpg,其他 ,,,,,,,,,,卫衣,卫衣,卫衣
172,31d0c6f8fcd8f70d92d6c7c13afd24e2.jpg,,,,,,,,,,,打底衫,打底衫,打底衫
173,31d0c6f8fcd8f70d92d6c7c13afd24e2.jpg,,,长袖,,常规,,,,圆领,,卫衣,卫衣,卫衣
174,31d0c6f8fcd8f70d92d6c7c13afd24e2.jpg,卡通动漫,,,,,,,,,,套头衫,套头衫,套头衫
175,31d0c6f8fcd8f70d92d6c7c13afd24e2.jpg,纯色,,长袖,,,,,,圆领,,T恤,T恤,T恤
176,31d0c6f8fcd8f70d92d6c7c13afd24e2.jpg,,,长袖,,常规,,,,圆领,,卫衣,卫衣,卫衣
177,31d0c6f8fcd8f70d92d6c7c13afd24e2.jpg,,,,,,,,,,,卫衣,卫衣,卫衣
178,31d0c6f8fcd8f70d92d6c7c13afd24e2.jpg,,,,,,,,,,,卫衣,卫衣,卫衣
179,31d0c6f8fcd8f70d92d6c7c13afd24e2.jpg,,,长袖,,,,,,圆领,,T恤,T恤,T恤
180,3718f532ef21a305737832cc840f79e7.jpg,,,,,,,,,,,卫衣,卫衣,卫衣
181,3718f532ef21a305737832cc840f79e7.jpg,,,,,,,,,,,卫衣,卫衣,卫衣
182,3718f532ef21a305737832cc840f79e7.jpg,,,,,,,,"品牌LOGO,字母,胶印",圆领,"品牌LOGO,字母,胶印",卫衣,卫衣,卫衣
183,3718f532ef21a305737832cc840f79e7.jpg,字母,,长袖,,常规,宽松,,,圆领,套头,卫衣,卫衣,卫衣
184,3718f532ef21a305737832cc840f79e7.jpg,字母,,长袖,其他,常规,宽松,,,圆领,套头,卫衣,卫衣,卫衣
185,3718f532ef21a305737832cc840f79e7.jpg,纯色,,长袖,,,,,,圆领,,卫衣,卫衣,卫衣
186,3718f532ef21a305737832cc840f79e7.jpg,纯色,,长袖,,,,,,圆领,,打底衫,打底衫,打底衫
187,3718f532ef21a305737832cc840f79e7.jpg,纯色,,,,,棉内胆,,,,,打底衫,打底衫,打底衫
188,3718f532ef21a305737832cc840f79e7.jpg,,,,,,,,,,,卫衣,卫衣,卫衣
189,3718f532ef21a305737832cc840f79e7.jpg,纯色,,,,,棉内胆,,,,,打底衫,打底衫,打底衫
190,382e6433b37441ffadb6fcc752f26a74.jpg,,其他休闲,,,,标准,,,圆领,,套头衫,套头衫,套头衫
191,382e6433b37441ffadb6fcc752f26a74.jpg,,,长袖,,,,,撞色,圆领,套头撞色,套头衫,套头衫,套头衫
192,382e6433b37441ffadb6fcc752f26a74.jpg,其他 ,休闲 ,,常规 ,,宽松 商场同款(线上线下都销售) ,,,连帽 ,套头 ,套头衫,套头衫,套头衫
193,382e6433b37441ffadb6fcc752f26a74.jpg,,,,,,,,"胶印,字母,品牌LOGO,图案",圆领,"胶印,字母,品牌LOGO,图案",卫衣,卫衣,卫衣
194,382e6433b37441ffadb6fcc752f26a74.jpg,纯色,,长袖,常规,常规款,直筒,,,连帽,套头,毛衫,毛衫,毛衫
195,382e6433b37441ffadb6fcc752f26a74.jpg,,,长袖,,,修身型,,,带帽,套头,毛衫,毛衫,毛衫
196,382e6433b37441ffadb6fcc752f26a74.jpg,纯色 ,休闲 ,长袖 ,常规 ,,宽松 纯电商(只在线上销售) ,,撞色 ,带帽 ,套头 撞色 ,卫衣,卫衣,卫衣
197,382e6433b37441ffadb6fcc752f26a74.jpg,,,,,,,,,,,套装,套装,套装
198,382e6433b37441ffadb6fcc752f26a74.jpg,其他,,,,,,,,,套头,卫衣,卫衣,卫衣
199,382e6433b37441ffadb6fcc752f26a74.jpg,字母 创意 创意 ,韩版 ,长袖 ,常规 ,常规款 ,宽松 纯电商(只在线上销售) ,,,连帽 ,,卫衣,卫衣,卫衣
200,3ec6ff222689da8e69134d82e882f08d.jpg,,韩版,长袖,常规,中长款,棉内胆宽松,,袋鼠兜,连帽,袋鼠兜套头,卫衣,卫衣,卫衣
201,3ec6ff222689da8e69134d82e882f08d.jpg,,韩版,长袖,插肩袖,中长款,修身,,,连帽,套头,卫衣,卫衣,卫衣
202,3ec6ff222689da8e69134d82e882f08d.jpg,其他,休闲,,常规,,直筒,,请见宝贝描述,圆领,请见宝贝描述套头,卫衣,卫衣,卫衣
203,3ec6ff222689da8e69134d82e882f08d.jpg,其他,休闲,,常规,,直筒,,,圆领,套头,卫衣,卫衣,卫衣
204,3ec6ff222689da8e69134d82e882f08d.jpg,字母,韩版,长袖,常规,常规,宽松,,"绣花,口袋,抽绳",连帽,"绣花,口袋,抽绳套头",卫衣,卫衣,卫衣
205,3ec6ff222689da8e69134d82e882f08d.jpg,字母,,长袖,蝙蝠袖,中长款,宽松,,"绣花,口袋,系带,螺纹,立体装饰,3D,抽绳",连帽,"绣花,口袋,系带,螺纹,立体装饰,3D,抽绳套头",卫衣,卫衣,卫衣
206,3ec6ff222689da8e69134d82e882f08d.jpg,其他 ,休闲 ,,常规 ,,宽松 纯电商(只在线上销售) ,,印花 ,连帽 ,印花 套头 ,卫衣,卫衣,卫衣
207,3ec6ff222689da8e69134d82e882f08d.jpg,纯色 ,休闲 ,,常规 ,,宽松 ,,印花 ,连帽 ,印花 套头 ,套头衫,套头衫,套头衫
208,3ec6ff222689da8e69134d82e882f08d.jpg,几何图案 ,休闲 ,,常规 ,,宽松 纯电商(只在线上销售) ,,印花 ,连帽 ,印花 套头 ,卫衣,卫衣,卫衣
209,3ec6ff222689da8e69134d82e882f08d.jpg,其他,,,,,,,,,套头,卫衣,卫衣,卫衣
210,4a181ffdc8a01a16f91b60ac8a466693.jpg,几何图案 ,休闲 ,,常规 ,,宽松 纯电商(只在线上销售) ,,印花 ,连帽 ,印花 套头 ,卫衣,卫衣,卫衣
211,4a181ffdc8a01a16f91b60ac8a466693.jpg,其他 ,休闲 ,,常规 ,,宽松 纯电商(只在线上销售) ,,印花 ,连帽 ,印花 套头 ,卫衣,卫衣,卫衣
212,4a181ffdc8a01a16f91b60ac8a466693.jpg,纯色 ,休闲 ,,常规 ,,宽松 ,,印花 ,连帽 ,印花 套头 ,套头衫,套头衫,套头衫
213,4a181ffdc8a01a16f91b60ac8a466693.jpg,动物图案 ,休闲 ,,常规 ,,宽松 纯电商(只在线上销售) ,,印花 ,连帽 ,印花 套头 ,卫衣,卫衣,卫衣
214,4a181ffdc8a01a16f91b60ac8a466693.jpg,字母,韩版,长袖,常规,中长款,宽松,,印花,连帽,印花套头,卫衣,卫衣,卫衣
215,4a181ffdc8a01a16f91b60ac8a466693.jpg,纯色,旅游,,,,宽松,,,连帽,套头,卫衣,卫衣,卫衣
216,4a181ffdc8a01a16f91b60ac8a466693.jpg,字母 ,韩版 ,长袖 ,常规 ,常规 ,宽松 纯电商(只在线上销售) ,,绣花 ,连帽 ,绣花 套头 ,卫衣,卫衣,卫衣
217,4a181ffdc8a01a16f91b60ac8a466693.jpg,其他,休闲,,常规,,直筒,,,圆领,套头,卫衣,卫衣,卫衣
218,4a181ffdc8a01a16f91b60ac8a466693.jpg,字母,,长袖,常规,中长款,宽松,,印花,连帽,印花套头,卫衣,卫衣,卫衣
219,4a181ffdc8a01a16f91b60ac8a466693.jpg,纯色,,长袖,,常规,宽松,,,连帽,套头,套头衫,套头衫,套头衫
220,4b272b765c206120dd1d06ef3352e63c.jpg,字母,,长袖,常规,常规,宽松,,印花,圆领,印花套头,卫衣,卫衣,卫衣
221,4b272b765c206120dd1d06ef3352e63c.jpg,字母 ,韩版 ,长袖 ,喇叭袖 ,常规 ,宽松 ,,印花 ,圆领 ,印花 套头 ,卫衣,卫衣,卫衣
222,4b272b765c206120dd1d06ef3352e63c.jpg,字母,韩版,长袖,喇叭袖,常规,宽松,,印花,圆领,印花套头,卫衣,卫衣,卫衣
223,4b272b765c206120dd1d06ef3352e63c.jpg,,,,,,,,,,,卫衣,卫衣,卫衣
224,4b272b765c206120dd1d06ef3352e63c.jpg,字母,淑女,长袖,常规,短款,棉内胆修身,,,圆领,套头,外套,外套,外套
225,4b272b765c206120dd1d06ef3352e63c.jpg,,韩版,,常规,常规,直筒,,,圆领,套头,卫衣,卫衣,卫衣
226,4b272b765c206120dd1d06ef3352e63c.jpg,字母 ,韩版 ,长袖 ,衬衫袖 ,常规 ,棉内胆 宽松 纯电商(只在线上销售) ,,印花 拼接 ,圆领 ,印花 拼接 套头 ,卫衣,卫衣,卫衣
227,4b272b765c206120dd1d06ef3352e63c.jpg,卡通动漫 ,,长袖 ,常规 ,常规 ,棉内胆 宽松 纯电商(只在线上销售) ,,印花 ,圆领 ,印花 套头 ,卫衣,卫衣,卫衣
228,4b272b765c206120dd1d06ef3352e63c.jpg,其他 ,休闲 ,,常规 ,,直筒 纯电商(只在线上销售) ,,,圆领 ,套头 ,卫衣,卫衣,卫衣
229,4b272b765c206120dd1d06ef3352e63c.jpg,,,,,,,,,,,打底衫,打底衫,打底衫
230,4ba3735f249cfda4e038085fa9d8886e.jpg,植物花卉 ,韩版 ,长袖 ,其他 ,常规 ,宽松 ,,绣花 ,连帽 ,绣花 套头 ,卫衣,卫衣,卫衣
231,4ba3735f249cfda4e038085fa9d8886e.jpg,植物花卉,韩版,长袖,其他,常规,宽松,,,连帽,套头,卫衣,卫衣,卫衣
232,4ba3735f249cfda4e038085fa9d8886e.jpg,,,,,,,,,,,卫衣,卫衣,卫衣
233,4ba3735f249cfda4e038085fa9d8886e.jpg,,,,,,,,,,,T恤,T恤,T恤
234,4ba3735f249cfda4e038085fa9d8886e.jpg,卡通动漫,,长袖,,,,,,圆领,,打底衫,打底衫,打底衫
235,4ba3735f249cfda4e038085fa9d8886e.jpg,字母,韩版,长袖,常规,常规款,修身,,,低圆领,套头,毛衫,毛衫,毛衫
236,4ba3735f249cfda4e038085fa9d8886e.jpg,其他 ,,,,,,,,,套头 ,卫衣,卫衣,卫衣
237,4ba3735f249cfda4e038085fa9d8886e.jpg,游戏动漫 ,休闲 ,,常规 ,,宽松 纯电商(只在线上销售) ,,印花 ,圆领 ,印花 套头 ,卫衣,卫衣,卫衣
238,4ba3735f249cfda4e038085fa9d8886e.jpg,,,长袖,常规,常规款,,,,其他,套头,毛衫,毛衫,毛衫
239,4ba3735f249cfda4e038085fa9d8886e.jpg,,,,,,,,,,,上衣,上衣,上衣
240,5214c51cfae07d27b701f716ee7fb7c1.jpg,,,,,,,,,,,打底衫,打底衫,打底衫
241,5214c51cfae07d27b701f716ee7fb7c1.jpg,,,,,,,,,,,打底衫,打底衫,打底衫
242,5214c51cfae07d27b701f716ee7fb7c1.jpg,,,,,,商场同款(线上线下都销售) ,,,,,卫衣,卫衣,卫衣
243,5214c51cfae07d27b701f716ee7fb7c1.jpg,其他 ,,,,,,,,,套头 ,卫衣,卫衣,卫衣
244,5214c51cfae07d27b701f716ee7fb7c1.jpg,,,长袖,,,,,,圆领,,卫衣,卫衣,卫衣
245,5214c51cfae07d27b701f716ee7fb7c1.jpg,其他 ,,,,,商场同款(线上线下都销售) ,,,,套头 ,卫衣,卫衣,卫衣
246,5214c51cfae07d27b701f716ee7fb7c1.jpg,卡通动漫,,,,,,,,,,套头衫,套头衫,套头衫
247,5214c51cfae07d27b701f716ee7fb7c1.jpg,,,,,,,,,,,卫衣,卫衣,卫衣
248,5214c51cfae07d27b701f716ee7fb7c1.jpg,其他,,,,,棉内胆,,,,,卫衣,卫衣,卫衣
249,5214c51cfae07d27b701f716ee7fb7c1.jpg,,,长袖,,,,,,圆领,套头,毛衫,毛衫,毛衫
250,53280d9f9d5f9f5827f058bda1c8223b.jpg,植物花卉 ,韩版 ,长袖 ,常规 ,中长款 ,宽松 纯电商(只在线上销售) ,,口袋 印花 拼接 抽绳 ,连帽 ,口袋 印花 拼接 抽绳 套头 ,卫衣,卫衣,卫衣
251,53280d9f9d5f9f5827f058bda1c8223b.jpg,,,,,,,,,,,卫衣,卫衣,卫衣
252,53280d9f9d5f9f5827f058bda1c8223b.jpg,纯色 ,休闲 ,,常规 ,,宽松 ,,印花 ,连帽 ,印花 套头 ,套头衫,套头衫,套头衫
253,53280d9f9d5f9f5827f058bda1c8223b.jpg,其他,,,,,,,,,套头,卫衣,卫衣,卫衣
254,53280d9f9d5f9f5827f058bda1c8223b.jpg,,韩版 ,长袖 ,常规 ,中长款 ,毛内胆 宽松 ,,,连帽 ,套头 ,卫衣,卫衣,卫衣
255,53280d9f9d5f9f5827f058bda1c8223b.jpg,字母,韩版,长袖,常规,中长款,棉内胆宽松,,"印花,螺纹,抽绳",连帽,"印花,螺纹,抽绳套头",卫衣,卫衣,卫衣
256,53280d9f9d5f9f5827f058bda1c8223b.jpg,字母 ,韩版 ,长袖 ,常规 ,中长款 ,棉内胆 宽松 纯电商(只在线上销售) ,,印花 螺纹 抽绳 ,连帽 ,印花 螺纹 抽绳 套头 ,卫衣,卫衣,卫衣
257,53280d9f9d5f9f5827f058bda1c8223b.jpg,,,,,,,,,,,卫衣,卫衣,卫衣
258,53280d9f9d5f9f5827f058bda1c8223b.jpg,字母,,长袖,,常规,宽松,,,连帽,套头,卫衣,卫衣,卫衣
259,53280d9f9d5f9f5827f058bda1c8223b.jpg,其他,,,,,,,,,套头,卫衣,卫衣,卫衣
260,54f7a13f21df7b7c8e315526fac807c5.jpg,其他,,,,,,,,,,卫衣,卫衣,卫衣
261,54f7a13f21df7b7c8e315526fac807c5.jpg,其他,,,,,棉内胆,,,,,卫衣,卫衣,卫衣
262,54f7a13f21df7b7c8e315526fac807c5.jpg,,,,,,,,,,,连衣裙,连衣裙,连衣裙
263,54f7a13f21df7b7c8e315526fac807c5.jpg,,,,,,,,,,,连衣裙,连衣裙,连衣裙
264,54f7a13f21df7b7c8e315526fac807c5.jpg,,,长袖 ,,,,,,圆领 ,,T恤,T恤,T恤
265,54f7a13f21df7b7c8e315526fac807c5.jpg,,,,,,,,,,,,,
266,54f7a13f21df7b7c8e315526fac807c5.jpg,卡通动漫,,长袖,常规,常规,宽松,,绣花,圆领,绣花套头,卫衣,卫衣,卫衣
267,54f7a13f21df7b7c8e315526fac807c5.jpg,,,长袖 ,,,,,,圆领 ,,毛衫,毛衫,毛衫
268,54f7a13f21df7b7c8e315526fac807c5.jpg,,,长袖,,,66,,,,长爬,,,
269,54f7a13f21df7b7c8e315526fac807c5.jpg,,,,,,,,,,,套装,套装,套装
270,5b7d2e6956b37a2a7123edc5f7350f3e.jpg,几何图案,休闲,,常规,,直筒,,印花,圆领,印花套头,卫衣,卫衣,卫衣
271,5b7d2e6956b37a2a7123edc5f7350f3e.jpg,体育运动,居家,,常规,,直筒,,印花,圆领,印花套头,卫衣,卫衣,卫衣
272,5b7d2e6956b37a2a7123edc5f7350f3e.jpg,几何图案,,,常规,,宽松,,印花,圆领,印花套头,卫衣,卫衣,卫衣
273,5b7d2e6956b37a2a7123edc5f7350f3e.jpg,其他,,,,,,,,,,打底衫,打底衫,打底衫
274,5b7d2e6956b37a2a7123edc5f7350f3e.jpg,,,,,,,,,,,卫衣,卫衣,卫衣
275,5b7d2e6956b37a2a7123edc5f7350f3e.jpg,坦克世界 坦克世界 ,日常 ,长袖 ,常规 ,,设计师品牌 宽松 坦克世界 纯电商(只在线上销售) ,,印花 ,圆领 ,印花 ,T恤,T恤,T恤
276,5b7d2e6956b37a2a7123edc5f7350f3e.jpg,,,,,,,,,,,家居服,家居服,家居服
277,5b7d2e6956b37a2a7123edc5f7350f3e.jpg,几何图案,休闲,,常规,,直筒,,,圆领,套头,卫衣,卫衣,卫衣
278,5b7d2e6956b37a2a7123edc5f7350f3e.jpg,,日常,长袖,常规,,设计师品牌宽松,,印花,圆领,印花,T恤,T恤,T恤
279,5b7d2e6956b37a2a7123edc5f7350f3e.jpg,人物 ,运动 ,,常规 ,,修身型 纯电商(只在线上销售) ,,印花 ,连帽 ,印花 套头 ,卫衣,卫衣,卫衣
280,5f6e2bbcf8795cb362f982c05f7cecbf.jpg,其他,,,,,,,,,,卫衣,卫衣,卫衣
281,5f6e2bbcf8795cb362f982c05f7cecbf.jpg,其他,,,,,棉内胆,,,,,卫衣,卫衣,卫衣
282,5f6e2bbcf8795cb362f982c05f7cecbf.jpg,,,,,,,,,,,连衣裙,连衣裙,连衣裙
283,5f6e2bbcf8795cb362f982c05f7cecbf.jpg,,,,,,,,,,,连衣裙,连衣裙,连衣裙
284,5f6e2bbcf8795cb362f982c05f7cecbf.jpg,卡通动漫 ,,长袖 ,,,,,,圆领 ,,打底衫,打底衫,打底衫
285,5f6e2bbcf8795cb362f982c05f7cecbf.jpg,,,,,,,,,,,套装,套装,套装
286,5f6e2bbcf8795cb362f982c05f7cecbf.jpg,,,,,,,,,,,卫衣,卫衣,卫衣
287,5f6e2bbcf8795cb362f982c05f7cecbf.jpg,卡通动漫 ,生日 ,,,,,,,,,连衣裙,连衣裙,连衣裙
288,5f6e2bbcf8795cb362f982c05f7cecbf.jpg,,,,,,,,,,,套头衫,套头衫,套头衫
289,5f6e2bbcf8795cb362f982c05f7cecbf.jpg,卡通动漫 ,,,,,,,,,,连衣裙,连衣裙,连衣裙
290,5fc8b5a4ee5f8443b3f9397cffa09037.jpg,其他,上学送礼,,,,,,,,,卫衣,卫衣,卫衣
291,5fc8b5a4ee5f8443b3f9397cffa09037.jpg,字母,简约,长袖,蝙蝠袖,中长款,棉内胆宽松,,"绣花,贴布,抽绳",连帽,"绣花,贴布,抽绳套头",卫衣,卫衣,卫衣
292,5fc8b5a4ee5f8443b3f9397cffa09037.jpg,纯色,,,,,棉内胆,,,,,卫衣,卫衣,卫衣
293,5fc8b5a4ee5f8443b3f9397cffa09037.jpg,,,,,,,,,,,卫衣,卫衣,卫衣
294,5fc8b5a4ee5f8443b3f9397cffa09037.jpg,字母,韩版,长袖,常规,常规,宽松,,,连帽,套头,卫衣,卫衣,卫衣
295,5fc8b5a4ee5f8443b3f9397cffa09037.jpg,字母,,长袖,插肩袖,常规,修身,,,连帽,套头,卫衣,卫衣,卫衣
296,5fc8b5a4ee5f8443b3f9397cffa09037.jpg,,休闲,长袖,常规,,宽松,,,带帽,套头,毛衫,毛衫,毛衫
297,5fc8b5a4ee5f8443b3f9397cffa09037.jpg,,韩版,长袖,常规,常规,宽松,,,连帽,套头,卫衣,卫衣,卫衣
298,5fc8b5a4ee5f8443b3f9397cffa09037.jpg,纯色,上学送礼,,,,,,,,,套装,套装,套装
299,5fc8b5a4ee5f8443b3f9397cffa09037.jpg,拼色,,长袖,常规,中长款,,,,连帽,套头,套头衫,套头衫,套头衫
300,61a9fb822bad90bfded6a46d8b6ae7a2.jpg,字母,,长袖,常规,中长款,修身,,印花,连帽,印花套头,卫衣,卫衣,卫衣
301,61a9fb822bad90bfded6a46d8b6ae7a2.jpg,其他 ,,,,,,,,,套头 ,卫衣,卫衣,卫衣
302,61a9fb822bad90bfded6a46d8b6ae7a2.jpg,纯色,休闲,,常规,,宽松,,,连帽,套头,卫衣,卫衣,卫衣
303,61a9fb822bad90bfded6a46d8b6ae7a2.jpg,卡通动漫,运动,,,,,,,,套头,卫衣,卫衣,卫衣
304,61a9fb822bad90bfded6a46d8b6ae7a2.jpg,其他,,,,,,,,,套头,卫衣,卫衣,卫衣
305,61a9fb822bad90bfded6a46d8b6ae7a2.jpg,宗教民族,休闲,,常规,,,,,连帽,套头,卫衣,卫衣,卫衣
306,61a9fb822bad90bfded6a46d8b6ae7a2.jpg,创意,休闲,,常规,,修身型,,印花,连帽,印花套头,卫衣,卫衣,卫衣
307,61a9fb822bad90bfded6a46d8b6ae7a2.jpg,其他,,,,,,,,,套头,卫衣,卫衣,卫衣
308,61a9fb822bad90bfded6a46d8b6ae7a2.jpg,宗教民族,休闲,,常规,,宽松,,,连帽,套头,卫衣,卫衣,卫衣
309,61a9fb822bad90bfded6a46d8b6ae7a2.jpg,创意,,,常规,,宽松,,,连帽,套头,打底衫,打底衫,打底衫
310,66df49950a21da0b32873095d900e169.jpg,,,,,,,,,,套头,待定,待定,待定
311,66df49950a21da0b32873095d900e169.jpg,,,,,,,,,圆领,,套头衫,套头衫,套头衫
312,66df49950a21da0b32873095d900e169.jpg,其他,休闲,,常规,,宽松,,印花,圆领,印花套头,卫衣,卫衣,卫衣
313,66df49950a21da0b32873095d900e169.jpg,字母,韩版,长袖,其他,常规,宽松,,植绒,圆领,植绒套头,卫衣,卫衣,卫衣
314,66df49950a21da0b32873095d900e169.jpg,其他,,,,,,,,,套头,卫衣,卫衣,卫衣
315,66df49950a21da0b32873095d900e169.jpg,,,,,,,,,,,卫衣,卫衣,卫衣
316,66df49950a21da0b32873095d900e169.jpg,其他 ,,,,,,,,,套头 ,套头衫,套头衫,套头衫
317,66df49950a21da0b32873095d900e169.jpg,其他 ,,,,,直筒 ,,,圆领 ,套头 ,卫衣,卫衣,卫衣
318,66df49950a21da0b32873095d900e169.jpg,其他,,,,,,,,圆领,,毛衫,毛衫,毛衫
319,66df49950a21da0b32873095d900e169.jpg,其他,休闲,,常规,,宽松,,印花,圆领,印花套头,卫衣,卫衣,卫衣
320,6e9bbcb4ba38f45919d17d0fc07d8ac6.jpg,其他,,,,,,,,,,卫衣,卫衣,卫衣
321,6e9bbcb4ba38f45919d17d0fc07d8ac6.jpg,纯色,,,,,,,,,,卫衣,卫衣,卫衣
322,6e9bbcb4ba38f45919d17d0fc07d8ac6.jpg,,,,,,,,,,,裙子,裙子,裙子
323,6e9bbcb4ba38f45919d17d0fc07d8ac6.jpg,,,长袖,,,宽松,,口袋,,口袋,家居服,家居服,家居服
324,6e9bbcb4ba38f45919d17d0fc07d8ac6.jpg,,,,,,,,,圆领,,毛衫,毛衫,毛衫
325,6e9bbcb4ba38f45919d17d0fc07d8ac6.jpg,字母,休闲,长袖,常规,,修身型,,拼色,圆领,套头拼色,毛衫,毛衫,毛衫
326,6e9bbcb4ba38f45919d17d0fc07d8ac6.jpg,其他,,,,,,,,,套头,卫衣,卫衣,卫衣
327,6e9bbcb4ba38f45919d17d0fc07d8ac6.jpg,条纹 ,,长袖 ,常规 ,常规款 ,直筒 纯电商(只在线上销售) ,,,圆领 ,套头 ,裙子,裙子,裙子
328,6e9bbcb4ba38f45919d17d0fc07d8ac6.jpg,创意,休闲,,常规,,,,,,套头,卫衣,卫衣,卫衣
329,6e9bbcb4ba38f45919d17d0fc07d8ac6.jpg,其他,,,,,,,,,,打底衫,打底衫,打底衫
330,6ebfd3bfffa8e62d62e5af2f3eafb1cf.jpg,条纹 ,韩版 ,七分袖 ,常规 ,,中腰 A字裙 ,,,圆领 ,,连衣裙,连衣裙,连衣裙
331,6ebfd3bfffa8e62d62e5af2f3eafb1cf.jpg,条纹,,七分袖,常规,,宽松腰A字裙,,,圆领,,连衣裙,连衣裙,连衣裙
332,6ebfd3bfffa8e62d62e5af2f3eafb1cf.jpg,条纹 ,,七分袖 ,常规 ,,中腰 A字裙 ,,,半高领 ,其他/other ,连衣裙,连衣裙,连衣裙
333,6ebfd3bfffa8e62d62e5af2f3eafb1cf.jpg,其他,韩版,长袖,常规,,高腰A字裙,,,圆领,其他/other,连衣裙,连衣裙,连衣裙
334,6ebfd3bfffa8e62d62e5af2f3eafb1cf.jpg,,,,,,,,,,,连衣裙,连衣裙,连衣裙
335,6ebfd3bfffa8e62d62e5af2f3eafb1cf.jpg,纯色,,七分袖,常规,,宽松腰A字裙,,,立领,挂脖式,连衣裙,连衣裙,连衣裙
336,6ebfd3bfffa8e62d62e5af2f3eafb1cf.jpg,条纹,韩版,七分袖,常规,,宽松腰A字裙,,,圆领,,连衣裙,连衣裙,连衣裙
337,6ebfd3bfffa8e62d62e5af2f3eafb1cf.jpg,,,,,,,,,,,连衣裙,连衣裙,连衣裙
338,6ebfd3bfffa8e62d62e5af2f3eafb1cf.jpg,纯色,,七分袖,常规,,宽松腰,,,立领,,连衣裙,连衣裙,连衣裙
339,6ebfd3bfffa8e62d62e5af2f3eafb1cf.jpg,纯色,,五分袖,,,,,,圆领,,连衣裙,连衣裙,连衣裙
340,7543cc755f290c81f667f9644011dc50.jpg,圆点,,,,,,,,,,卫衣,卫衣,卫衣
341,7543cc755f290c81f667f9644011dc50.jpg,其他,,,,,棉内胆,,,,,卫衣,卫衣,卫衣
342,7543cc755f290c81f667f9644011dc50.jpg,卡通动漫,爱意表达,,,,,,,,,卫衣,卫衣,卫衣
343,7543cc755f290c81f667f9644011dc50.jpg,其他,,,,,,,,,套头,卫衣,卫衣,卫衣
344,7543cc755f290c81f667f9644011dc50.jpg,纯色,,,,,棉内胆,,,,,套头衫,套头衫,套头衫
345,7543cc755f290c81f667f9644011dc50.jpg,纯色,,,,,毛内胆,,,,,套头衫,套头衫,套头衫
346,7543cc755f290c81f667f9644011dc50.jpg,卡通动漫,,长袖,,,,,,圆领,,卫衣,卫衣,卫衣
347,7543cc755f290c81f667f9644011dc50.jpg,人物,韩版,长袖,常规,常规,棉内胆宽松,,"印花,拼接,螺纹",圆领,"印花,拼接,螺纹套头",卫衣,卫衣,卫衣
348,7543cc755f290c81f667f9644011dc50.jpg,纯色,,,,,,,,圆领,,卫衣,卫衣,卫衣
349,7543cc755f290c81f667f9644011dc50.jpg,纯色,,,,,棉内胆,,,,,卫衣,卫衣,卫衣
350,77ae1ae33df570f5b0b17f8cb01f7b1f.jpg,几何图案,休闲,,常规,,,,其他,圆领,其他套头,卫衣,卫衣,卫衣
351,77ae1ae33df570f5b0b17f8cb01f7b1f.jpg,其他,,,常规,,,,,,套头,卫衣,卫衣,卫衣
352,77ae1ae33df570f5b0b17f8cb01f7b1f.jpg,其他 ,休闲 ,,常规 ,,宽松 ,,缉明线 ,圆领 ,缉明线 套头 ,套头衫,套头衫,套头衫
353,77ae1ae33df570f5b0b17f8cb01f7b1f.jpg,纯色,,长袖,,,,,,圆领,,打底衫,打底衫,打底衫
354,77ae1ae33df570f5b0b17f8cb01f7b1f.jpg,卡通动漫,韩版,长袖,常规,中长款,毛内胆宽松,,"拼接,绣花",圆领,"拼接,绣花套头",卫衣,卫衣,卫衣
355,77ae1ae33df570f5b0b17f8cb01f7b1f.jpg,字母,,长袖,常规,常规,宽松,,,圆领,套头,卫衣,卫衣,卫衣
356,77ae1ae33df570f5b0b17f8cb01f7b1f.jpg,,,长袖,,,,,,,卫衣,卫衣,卫衣,卫衣
357,77ae1ae33df570f5b0b17f8cb01f7b1f.jpg,其他 ,上班 ,,常规 ,,修身型 纯电商(只在线上销售) ,,印花 ,圆领 ,印花 套头 ,卫衣,卫衣,卫衣
358,77ae1ae33df570f5b0b17f8cb01f7b1f.jpg,创意,,,常规,,宽松,,印花,圆领,印花套头,卫衣,卫衣,卫衣
359,77ae1ae33df570f5b0b17f8cb01f7b1f.jpg,其他,,,,,,,,,套头,卫衣,卫衣,卫衣
360,7ef1f51e7136feef218530dee05019dc.jpg,字母,韩版,长袖,常规,常规,宽松,,,圆领,套头,卫衣,卫衣,卫衣
361,7ef1f51e7136feef218530dee05019dc.jpg,,,,,,,,,,,卫衣,卫衣,卫衣
362,7ef1f51e7136feef218530dee05019dc.jpg,格子,,,,,棉内胆,,,,,套头衫,套头衫,套头衫
363,7ef1f51e7136feef218530dee05019dc.jpg,卡通动漫,,,,,,,,,,打底衫,打底衫,打底衫
364,7ef1f51e7136feef218530dee05019dc.jpg,纯色 ,文艺 ,长袖 ,蝙蝠袖 ,常规 ,宽松 ,,拼接 ,圆领 ,拼接 套头 ,卫衣,卫衣,卫衣
365,7ef1f51e7136feef218530dee05019dc.jpg,纯色,,,,,,,,,,卫衣,卫衣,卫衣
366,7ef1f51e7136feef218530dee05019dc.jpg,纯色,,,,,,,,,,卫衣,卫衣,卫衣
367,7ef1f51e7136feef218530dee05019dc.jpg,纯色,,,,,棉内胆,,,,,套头衫,套头衫,套头衫
368,7ef1f51e7136feef218530dee05019dc.jpg,卡通动漫,,长袖,,,,,,圆领,,T恤,T恤,T恤
369,7ef1f51e7136feef218530dee05019dc.jpg,其他,,,,,棉内胆,,,,,卫衣,卫衣,卫衣
370,87b3fa782ca4982829d90b46fd73d537.jpg,卡通动漫 ,,长袖 ,常规 ,常规 ,棉内胆 宽松 纯电商(只在线上销售) ,,印花 ,圆领 ,印花 套头 ,卫衣,卫衣,卫衣
371,87b3fa782ca4982829d90b46fd73d537.jpg,其他 ,休闲 ,,常规 ,,宽松 纯电商(只在线上销售) ,,印花 ,圆领 ,印花 套头 ,卫衣,卫衣,卫衣
372,87b3fa782ca4982829d90b46fd73d537.jpg,其他 ,休闲 ,,常规 ,,宽松 纯电商(只在线上销售) ,,印花 ,圆领 ,印花 套头 ,卫衣,卫衣,卫衣
373,87b3fa782ca4982829d90b46fd73d537.jpg,其他 ,休闲 ,,常规 ,,直筒 纯电商(只在线上销售) ,,印花 ,圆领 ,印花 套头 ,卫衣,卫衣,卫衣
374,87b3fa782ca4982829d90b46fd73d537.jpg,其他 其他 ,日常 ,长袖 ,常规 ,,设计师品牌 标准 其他 纯电商(只在线上销售) ,,印花 ,圆领 ,印花 ,T恤,T恤,T恤
375,87b3fa782ca4982829d90b46fd73d537.jpg,卡通动漫,,长袖,常规,常规,直筒,,,圆领,,卫衣,卫衣,卫衣
376,87b3fa782ca4982829d90b46fd73d537.jpg,人物 ,休闲 ,,常规 ,,直筒 纯电商(只在线上销售) ,,印花 ,圆领 ,印花 套头 ,卫衣,卫衣,卫衣
377,87b3fa782ca4982829d90b46fd73d537.jpg,其他 ,运动 ,,,,宽松 纯电商(只在线上销售) ,,印花 ,圆领 ,印花 套头 ,卫衣,卫衣,卫衣
378,87b3fa782ca4982829d90b46fd73d537.jpg,几何图案 ,,,,,,,,,套头 ,卫衣,卫衣,卫衣
379,87b3fa782ca4982829d90b46fd73d537.jpg,其他 ,,,,,毛内胆 ,,,,,打底衫,打底衫,打底衫
380,894e83362ae3ece015ff2d7850416bef.jpg,,,,,,,,,,,毛衫,毛衫,毛衫
381,894e83362ae3ece015ff2d7850416bef.jpg,条纹,,,,,,,,V字领,,毛衫,毛衫,毛衫
382,894e83362ae3ece015ff2d7850416bef.jpg,条纹 ,休闲 ,,常规 ,,宽松 纯电商(只在线上销售) ,,拼色 ,圆领 ,拼色 套头 ,打底衫,打底衫,打底衫
383,894e83362ae3ece015ff2d7850416bef.jpg,条纹i,休闲i,,常规i,,宽松i,,,圆领i,套头,卫衣,卫衣,卫衣
384,894e83362ae3ece015ff2d7850416bef.jpg,条纹 ,,长袖 ,,,,,,圆领 ,,打底衫,打底衫,打底衫
385,894e83362ae3ece015ff2d7850416bef.jpg,,,,,,,,,,,卫衣,卫衣,卫衣
386,894e83362ae3ece015ff2d7850416bef.jpg,,,长袖,,,,,,,套头,卫衣,卫衣,卫衣
387,894e83362ae3ece015ff2d7850416bef.jpg,条纹,,,,,,,,圆领,,毛衫,毛衫,毛衫
388,894e83362ae3ece015ff2d7850416bef.jpg,条纹,,长袖,,常规,宽松,,,圆领,套头,卫衣,卫衣,卫衣
389,894e83362ae3ece015ff2d7850416bef.jpg,其他,爱意表达,,,,,,,,,套装,套装,套装
390,8b89624f9886f0c69ee1ca0761984ce3.jpg,字母 ,韩版 ,长袖 ,其他 ,常规 ,直筒 ,,,圆领 ,套头 ,打底衫,打底衫,打底衫
391,8b89624f9886f0c69ee1ca0761984ce3.jpg,字母,,长袖,常规,常规,修身,,,圆领,套头,打底衫,打底衫,打底衫
392,8b89624f9886f0c69ee1ca0761984ce3.jpg,字母,韩版,长袖,常规,常规,修身,,,圆领,套头,打底衫,打底衫,打底衫
393,8b89624f9886f0c69ee1ca0761984ce3.jpg,,,,,,,,,,,卫衣,卫衣,卫衣
394,8b89624f9886f0c69ee1ca0761984ce3.jpg,几何图案,休闲,,常规,,宽松,,印花,圆领,印花套头,卫衣,卫衣,卫衣
395,8b89624f9886f0c69ee1ca0761984ce3.jpg,,韩版,,,常规,宽松,,印花,圆领,印花,卫衣,卫衣,卫衣
396,8b89624f9886f0c69ee1ca0761984ce3.jpg,纯色,韩版,长袖,常规,常规,宽松,,印花,圆领,印花套头,卫衣,卫衣,卫衣
397,8b89624f9886f0c69ee1ca0761984ce3.jpg,纯色 ,休闲 ,,常规 ,,宽松 纯电商(只在线上销售) ,,印花 ,圆领 ,印花 套头 ,卫衣,卫衣,卫衣
398,8b89624f9886f0c69ee1ca0761984ce3.jpg,字母,韩版,长袖,常规,常规,棉内胆宽松,,,圆领,套头,卫衣,卫衣,卫衣
399,8b89624f9886f0c69ee1ca0761984ce3.jpg,,,,,,棉内胆,,,,,卫衣,卫衣,卫衣
400,9394bf55bc0fc8590e9bc1bd6cc733b9.jpg,纯色 ,休闲 ,,常规 ,,宽松 纯电商(只在线上销售) ,,印花 ,连帽 ,印花 套头 ,卫衣,卫衣,卫衣
401,9394bf55bc0fc8590e9bc1bd6cc733b9.jpg,中文特色,休闲,,常规,,直筒,,印花,连帽,印花套头,卫衣,卫衣,卫衣
402,9394bf55bc0fc8590e9bc1bd6cc733b9.jpg,,,,,,,,"图案,字母",连帽,"图案,字母",卫衣,卫衣,卫衣
403,9394bf55bc0fc8590e9bc1bd6cc733b9.jpg,创意,休闲,,常规,,宽松,,印花,连帽,印花套头,卫衣,卫衣,卫衣
404,9394bf55bc0fc8590e9bc1bd6cc733b9.jpg,迷彩,,,,,,,,,套头,卫衣,卫衣,卫衣
405,9394bf55bc0fc8590e9bc1bd6cc733b9.jpg,字母,,长袖,常规,中长款,修身,,印花,连帽,印花套头,卫衣,卫衣,卫衣
406,9394bf55bc0fc8590e9bc1bd6cc733b9.jpg,字母 ,韩版 ,长袖 ,常规 ,常规 ,棉内胆 宽松 纯电商(只在线上销售) ,,印花 ,连帽 ,印花 套头 ,卫衣,卫衣,卫衣
407,9394bf55bc0fc8590e9bc1bd6cc733b9.jpg,其他,,,,,,,,,套头,卫衣,卫衣,卫衣
408,9394bf55bc0fc8590e9bc1bd6cc733b9.jpg,,,长袖,,中长款,,,,,套头,卫衣,卫衣,卫衣
409,9394bf55bc0fc8590e9bc1bd6cc733b9.jpg,其他,休闲,,常规,,宽松,,印花,连帽,印花套头,卫衣,卫衣,卫衣
410,95dce8ce3ffb6175da18635b66168a81.jpg,其他 ,休闲 ,,常规 ,,直筒 ,,贴布装饰 ,圆领 ,贴布装饰 套头 ,打底衫,打底衫,打底衫
411,95dce8ce3ffb6175da18635b66168a81.jpg,其他,,,,,,,,,套头,打底衫,打底衫,打底衫
412,95dce8ce3ffb6175da18635b66168a81.jpg,字母,韩版,长袖,,常规,宽松,,印花,半高领,印花套头,卫衣,卫衣,卫衣
413,95dce8ce3ffb6175da18635b66168a81.jpg,,,,,,,,,,,套头衫,套头衫,套头衫
414,95dce8ce3ffb6175da18635b66168a81.jpg,文字,,,,,,,,,套头,打底衫,打底衫,打底衫
415,95dce8ce3ffb6175da18635b66168a81.jpg,,,,,,,,,,,卫衣,卫衣,卫衣
416,95dce8ce3ffb6175da18635b66168a81.jpg,,,,,长款 ,宽松 纯电商(只在线上销售) ,,,,,卫衣,卫衣,卫衣
417,95dce8ce3ffb6175da18635b66168a81.jpg,,,长袖,,常规,,,,圆领,套头,卫衣,卫衣,卫衣
418,95dce8ce3ffb6175da18635b66168a81.jpg,创意,休闲,,常规,,宽松,,,圆领,套头,卫衣,卫衣,卫衣
419,95dce8ce3ffb6175da18635b66168a81.jpg,,,长袖,常规,常规,棉内胆宽松,,,圆领,套头,卫衣,卫衣,卫衣
420,96bfa08a695d2644a90a30e8d30c50e2.jpg,,,长袖,常规,常规款,宽松,,,圆领,,卫衣,卫衣,卫衣
421,96bfa08a695d2644a90a30e8d30c50e2.jpg,纯色,复古,长袖,常规,短款,修身,,,低圆领,套头,毛衫,毛衫,毛衫
422,96bfa08a695d2644a90a30e8d30c50e2.jpg,其他 ,韩版 ,长袖 ,常规 ,短款 ,宽松 纯电商(只在线上销售) ,,,低圆领 ,套头 ,毛衫,毛衫,毛衫
423,96bfa08a695d2644a90a30e8d30c50e2.jpg,,,长袖 ,,,修身型 纯电商(只在线上销售) ,,,圆领 ,套头 ,毛衫,毛衫,毛衫
424,96bfa08a695d2644a90a30e8d30c50e2.jpg,卡通动漫,韩版,长袖,常规,常规,宽松,,,圆领,套头,卫衣,卫衣,卫衣
425,96bfa08a695d2644a90a30e8d30c50e2.jpg,,,,,,,,,,,毛衫,毛衫,毛衫
426,96bfa08a695d2644a90a30e8d30c50e2.jpg,卡通动漫 ,韩版 ,长袖 ,蝙蝠袖 ,常规 ,宽松 纯电商(只在线上销售) ,,印花 拼接 螺纹 ,圆领 ,印花 拼接 螺纹 套头 ,卫衣,卫衣,卫衣
427,96bfa08a695d2644a90a30e8d30c50e2.jpg,卡通动漫,韩版,长袖,常规,常规,宽松,,,圆领,套头,卫衣,卫衣,卫衣
428,96bfa08a695d2644a90a30e8d30c50e2.jpg,卡通动漫,韩版,长袖,其他,常规,,,印花,圆领,印花套头,卫衣,卫衣,卫衣
429,96bfa08a695d2644a90a30e8d30c50e2.jpg,,,,,,,,,,,卫衣,卫衣,卫衣
430,99eef03c65d8feb3b8626ddfd93c1058.jpg,,,,,,,,,,,卫衣,卫衣,卫衣
431,99eef03c65d8feb3b8626ddfd93c1058.jpg,卡通动漫,,,,,,,,,,套装,套装,套装
432,99eef03c65d8feb3b8626ddfd93c1058.jpg,,,,,,,,,,,卫衣,卫衣,卫衣
433,99eef03c65d8feb3b8626ddfd93c1058.jpg,,,,,,,,,,,打底衫,打底衫,打底衫
434,99eef03c65d8feb3b8626ddfd93c1058.jpg,纯色,,,,,,,,,,毛衫,毛衫,毛衫
435,99eef03c65d8feb3b8626ddfd93c1058.jpg,植物花卉,,长袖,常规,常规,宽松,,"绣花,绑带",圆领,"绣花,绑带套头",卫衣,卫衣,卫衣
436,99eef03c65d8feb3b8626ddfd93c1058.jpg,其他,,长袖,,,,,,圆领,,卫衣,卫衣,卫衣
437,99eef03c65d8feb3b8626ddfd93c1058.jpg,植物花卉,,长袖,常规,常规,宽松,,绣花,圆领,绣花套头,卫衣,卫衣,卫衣
438,99eef03c65d8feb3b8626ddfd93c1058.jpg,其他,,,,,,,,,,套头衫,套头衫,套头衫
439,99eef03c65d8feb3b8626ddfd93c1058.jpg,,,,,,,,,,,套装,套装,套装
440,9b29c10421818ddf2427f9f05bd3d11e.jpg,几何图案,,,常规,,,,,圆领,套头,T恤,T恤,T恤
441,9b29c10421818ddf2427f9f05bd3d11e.jpg,字母数字字母数字,日常,短袖,常规,,修身字母数字,,,圆领,,打底衫,打底衫,打底衫
442,9b29c10421818ddf2427f9f05bd3d11e.jpg,字母数字 字母数字 ,其他休闲 ,短袖 ,常规 ,,时尚潮牌 修身 字母数字 ,,印花 ,圆领 ,印花 ,T恤,T恤,T恤
443,9b29c10421818ddf2427f9f05bd3d11e.jpg,字母数字字母数字,日常,短袖,常规,,修身字母数字,,印花,圆领,印花,T恤,T恤,T恤
444,9b29c10421818ddf2427f9f05bd3d11e.jpg,字母数字 字母数字 ,日常 ,短袖 ,常规 ,,设计师品牌 修身 字母数字 纯电商(只在线上销售) ,,印花 ,圆领 ,印花 ,打底衫,打底衫,打底衫
445,9b29c10421818ddf2427f9f05bd3d11e.jpg,,日常,短袖,,,标准,,,圆领,,T恤,T恤,T恤
446,9b29c10421818ddf2427f9f05bd3d11e.jpg,字母数字字母数字,其他休闲,五分袖,常规,,时尚潮牌宽松字母数字,,印花,圆领,印花,T恤,T恤,T恤
447,9b29c10421818ddf2427f9f05bd3d11e.jpg,字母数字 字母数字 ,日常 ,短袖 ,常规 ,,时尚潮牌 修身 字母数字 纯电商(只在线上销售) ,,印花 ,圆领 ,印花 ,打底衫,打底衫,打底衫
448,9b29c10421818ddf2427f9f05bd3d11e.jpg,,日常,短袖,常规,,时尚潮牌宽松,,,圆领,,T恤,T恤,T恤
449,9b29c10421818ddf2427f9f05bd3d11e.jpg,,日常,短袖,常规,,宽松,,,圆领,,T恤,T恤,T恤
450,9f3574f3b5f43deb78bef61a81535c86.jpg,其他 ,休闲 ,,常规 ,,直筒 ,,贴布装饰 ,圆领 ,贴布装饰 套头 ,打底衫,打底衫,打底衫
451,9f3574f3b5f43deb78bef61a81535c86.jpg,其他,,,,,,,,,套头,打底衫,打底衫,打底衫
452,9f3574f3b5f43deb78bef61a81535c86.jpg,字母,韩版,长袖,,常规,宽松,,印花,半高领,印花套头,卫衣,卫衣,卫衣
453,9f3574f3b5f43deb78bef61a81535c86.jpg,,,长袖,,常规,,,,圆领,套头,卫衣,卫衣,卫衣
454,9f3574f3b5f43deb78bef61a81535c86.jpg,,,,,,,,,,,套头衫,套头衫,套头衫
455,9f3574f3b5f43deb78bef61a81535c86.jpg,,,长袖,常规,常规,棉内胆宽松,,,圆领,套头,卫衣,卫衣,卫衣
456,9f3574f3b5f43deb78bef61a81535c86.jpg,,,,,,,,,,,卫衣,卫衣,卫衣
457,9f3574f3b5f43deb78bef61a81535c86.jpg,,,,,,,,,,,卫衣,卫衣,卫衣
458,9f3574f3b5f43deb78bef61a81535c86.jpg,,,,,,,,,,,卫衣,卫衣,卫衣
459,9f3574f3b5f43deb78bef61a81535c86.jpg,,,,,,,,,圆领,,套头衫,套头衫,套头衫
460,a4ca4948ecab56de2951d838a8bc8fee.jpg,,,长袖,,,直筒,,,圆领,套头,打底衫,打底衫,打底衫
461,a4ca4948ecab56de2951d838a8bc8fee.jpg,,,长袖,,,,,,圆领,套头,待定,待定,待定
462,a4ca4948ecab56de2951d838a8bc8fee.jpg,条纹,爱意表达,,,,,,,,,套装,套装,套装
463,a4ca4948ecab56de2951d838a8bc8fee.jpg,条纹,,,,,,,,圆领,,毛衫,毛衫,毛衫
464,a4ca4948ecab56de2951d838a8bc8fee.jpg,,韩版,长袖,常规,常规款,宽松,,,圆领,,T恤,T恤,T恤
465,a4ca4948ecab56de2951d838a8bc8fee.jpg,条纹,休闲,长袖,常规,,修身型,,,圆领,套头,毛衫,毛衫,毛衫
466,a4ca4948ecab56de2951d838a8bc8fee.jpg,条纹,,,,,,,,圆领,,毛衫,毛衫,毛衫
467,a4ca4948ecab56de2951d838a8bc8fee.jpg,条纹,休闲,,,,合体型,,,无领,套头,卫衣,卫衣,卫衣
468,a4ca4948ecab56de2951d838a8bc8fee.jpg,条纹,,长袖,,常规,,,,圆领,套头,套头衫,套头衫,套头衫
469,a4ca4948ecab56de2951d838a8bc8fee.jpg,条纹,,长袖,常规,常规,宽松,,,圆领,套头,卫衣,卫衣,卫衣
470,a71a772663ce4697fd3f1bf1eb5841e3.jpg,几何图案,休闲,,常规,,直筒,,,圆领,套头,卫衣,卫衣,卫衣
471,a71a772663ce4697fd3f1bf1eb5841e3.jpg,其他 ,休闲 ,,常规 ,,直筒 ,,印花 ,圆领 ,印花 套头 ,卫衣,卫衣,卫衣
472,a71a772663ce4697fd3f1bf1eb5841e3.jpg,卡通动漫,,长袖,常规,中长款,宽松,,,圆领,套头,卫衣,卫衣,卫衣
473,a71a772663ce4697fd3f1bf1eb5841e3.jpg,其他 ,休闲 ,,常规 ,,修身型 ,,,圆领 ,套头 ,打底衫,打底衫,打底衫
474,a71a772663ce4697fd3f1bf1eb5841e3.jpg,其他,,,常规,,宽松,,,圆领,套头,卫衣,卫衣,卫衣
475,a71a772663ce4697fd3f1bf1eb5841e3.jpg,,日常 ,长袖 ,,,标准 ,,,圆领 ,,套头衫,套头衫,套头衫
476,a71a772663ce4697fd3f1bf1eb5841e3.jpg,,日常 ,长袖 ,,,标准 ,,,圆领 ,,打底衫,打底衫,打底衫
477,a71a772663ce4697fd3f1bf1eb5841e3.jpg,几何图案 几何图案 ,日常 ,长袖 ,常规 ,,时尚潮牌 标准 几何图案 纯电商(只在线上销售) ,,印花 ,圆领 ,印花 ,卫衣,卫衣,卫衣
478,a71a772663ce4697fd3f1bf1eb5841e3.jpg,动物图案 ,休闲 ,,常规 ,,宽松 纯电商(只在线上销售) ,,印花 ,圆领 ,印花 套头 ,卫衣,卫衣,卫衣
479,a71a772663ce4697fd3f1bf1eb5841e3.jpg,其他 ,休闲 ,,常规 ,,宽松 ,,印花 ,圆领 ,印花 套头 ,卫衣,卫衣,卫衣
480,aae47e7441a65e69118d1e8f4fb6b99e.jpg,其他 ,休闲 ,,常规 ,,宽松 商场同款(线上线下都销售) ,,,连帽 ,套头 ,套头衫,套头衫,套头衫
481,aae47e7441a65e69118d1e8f4fb6b99e.jpg,其他,休闲,,常规,,宽松,,,连帽,套头,套头衫,套头衫,套头衫
482,aae47e7441a65e69118d1e8f4fb6b99e.jpg,,,长袖,,,,,撞色,圆领,套头撞色,套头衫,套头衫,套头衫
483,aae47e7441a65e69118d1e8f4fb6b99e.jpg,,其他休闲,,,,标准,,,圆领,,套头衫,套头衫,套头衫
484,aae47e7441a65e69118d1e8f4fb6b99e.jpg,其他 ,休闲 ,,常规 ,,宽松 商场同款(线上线下都销售) ,,,连帽 ,套头 ,套头衫,套头衫,套头衫
485,aae47e7441a65e69118d1e8f4fb6b99e.jpg,,休闲,长袖,常规,,宽松,,,带帽,套头,毛衫,毛衫,毛衫
486,aae47e7441a65e69118d1e8f4fb6b99e.jpg,纯色 ,韩版 ,长袖 ,其他 ,常规 ,宽松 ,,口袋 ,连帽 ,口袋 ,卫衣,卫衣,卫衣
487,aae47e7441a65e69118d1e8f4fb6b99e.jpg,纯色,休闲,,插肩袖,,宽松,,缉明线,连帽,缉明线套头,卫衣,卫衣,卫衣
488,aae47e7441a65e69118d1e8f4fb6b99e.jpg,纯色,休闲,,常规,,宽松,,拼色,连帽,拼色套头,卫衣,卫衣,卫衣
489,aae47e7441a65e69118d1e8f4fb6b99e.jpg,几何图案,休闲,,常规,,宽松,,拼接,连帽,拼接套头,卫衣,卫衣,卫衣
490,ad86cf6f97891d6e0ece7d6b0f5527a6.jpg,,,,,,,,,,,卫衣,卫衣,卫衣
491,ad86cf6f97891d6e0ece7d6b0f5527a6.jpg,,,,,,,,,,,裤子,休闲中裤,休闲裤
492,ad86cf6f97891d6e0ece7d6b0f5527a6.jpg,条纹 ,,,,,,,,,,卫衣,卫衣,卫衣
493,ad86cf6f97891d6e0ece7d6b0f5527a6.jpg,条纹 ,休闲 ,,常规 ,,纯电商(只在线上销售) ,,印花 ,圆领 ,印花 套头 ,卫衣,卫衣,卫衣
494,ad86cf6f97891d6e0ece7d6b0f5527a6.jpg,条纹,,长袖,常规,常规,棉内胆宽松,,"印花,拼接",圆领,"印花,拼接套头",卫衣,卫衣,卫衣
495,ad86cf6f97891d6e0ece7d6b0f5527a6.jpg,"字母,拼色经典经典",韩版,长袖,常规,中长款,宽松,,,POLO领,,打底衫,打底衫,打底衫
496,ad86cf6f97891d6e0ece7d6b0f5527a6.jpg,条纹 ,,长袖 ,,,,,,圆领 ,,T恤,T恤,T恤
497,ad86cf6f97891d6e0ece7d6b0f5527a6.jpg,卡通动漫,,长袖,,,,,,圆领,,打底衫,打底衫,打底衫
498,ad86cf6f97891d6e0ece7d6b0f5527a6.jpg,条纹,爱意表达,,,,,,,,,套装,套装,套装
499,ad86cf6f97891d6e0ece7d6b0f5527a6.jpg,其他,爱意表达,,,,,,,,,套装,套装,套装
500,af2adc365424095e9251f878cc5309ee.jpg,字母,,长袖,常规,常规,宽松,,印花,圆领,印花套头,卫衣,卫衣,卫衣
501,af2adc365424095e9251f878cc5309ee.jpg,字母 ,韩版 ,长袖 ,喇叭袖 ,常规 ,宽松 ,,印花 ,圆领 ,印花 套头 ,卫衣,卫衣,卫衣
502,af2adc365424095e9251f878cc5309ee.jpg,字母,韩版,长袖,喇叭袖,常规,宽松,,印花,圆领,印花套头,卫衣,卫衣,卫衣
503,af2adc365424095e9251f878cc5309ee.jpg,纯色 ,,,,,,,,,,运动裤,休闲长裤,休闲裤
504,af2adc365424095e9251f878cc5309ee.jpg,其他 ,,,,,,,,,,打底衫,打底衫,打底衫
505,af2adc365424095e9251f878cc5309ee.jpg,纯色,,长袖,,,,,,圆领,,T恤,T恤,T恤
506,af2adc365424095e9251f878cc5309ee.jpg,其他 ,休闲 ,,常规 ,,直筒 纯电商(只在线上销售) ,,,圆领 ,套头 ,卫衣,卫衣,卫衣
507,af2adc365424095e9251f878cc5309ee.jpg,动物图案,休闲,,,,宽松,,印花,圆领,印花套头,卫衣,卫衣,卫衣
508,af2adc365424095e9251f878cc5309ee.jpg,,韩版,,常规,常规,直筒,,,圆领,套头,卫衣,卫衣,卫衣
509,af2adc365424095e9251f878cc5309ee.jpg,字母 ,,长袖 ,,常规款 ,,,,圆领 ,,卫衣,卫衣,卫衣
510,b14874232e13c8ecd0ec61ebe959876e.jpg,纯色 ,,长袖 ,喇叭袖 ,常规款 ,宽松 ,,,,套头 ,毛衫,毛衫,毛衫
511,b14874232e13c8ecd0ec61ebe959876e.jpg,纯色,韩版,长袖,喇叭袖,常规,直筒,,,圆领,套头,卫衣,卫衣,卫衣
512,b14874232e13c8ecd0ec61ebe959876e.jpg,纯色 ,简约 ,长袖 ,常规 ,常规款 ,直筒 纯电商(只在线上销售) ,,拼接 ,圆领 ,拼接 ,衬衫,衬衫,衬衫
513,b14874232e13c8ecd0ec61ebe959876e.jpg,,,,,,,,,,,背心,背心,背心
514,b14874232e13c8ecd0ec61ebe959876e.jpg,纯色,,长袖,喇叭袖,常规款,直筒,,"系带,绑带,纽扣",方领,"系带,绑带,纽扣",上衣,上衣,上衣
515,b14874232e13c8ecd0ec61ebe959876e.jpg,,,,,,,,,,,卫衣,卫衣,卫衣
516,b14874232e13c8ecd0ec61ebe959876e.jpg,,,长袖 ,,常规款 ,,,,,,T恤,T恤,T恤
517,b14874232e13c8ecd0ec61ebe959876e.jpg,纯色,文艺,长袖,喇叭袖,常规款,直筒,,,圆领,,衬衫,衬衫,衬衫
518,b14874232e13c8ecd0ec61ebe959876e.jpg,纯色 ,,长袖 ,蝙蝠袖 ,常规款 ,直筒 ,,褶皱 ,圆领 ,褶皱 ,衬衫,衬衫,衬衫
519,b14874232e13c8ecd0ec61ebe959876e.jpg,,,,,,,,,,,卫衣,卫衣,卫衣
520,b2f691a094b9eeab4a0913625c280d99.jpg,,,,,,,,,,,毛衫,毛衫,毛衫
521,b2f691a094b9eeab4a0913625c280d99.jpg,纯色 ,,长袖 ,常规 ,常规款 ,修身 纯电商(只在线上销售) ,,,圆领 ,套头 ,打底衫,打底衫,打底衫
522,b2f691a094b9eeab4a0913625c280d99.jpg,,,长袖,,短款,,,,圆领,套头,卫衣,卫衣,卫衣
523,b2f691a094b9eeab4a0913625c280d99.jpg,,,长袖 ,,常规款 ,宽松 纯电商(只在线上销售) ,,,低圆领 ,套头 ,毛衫,毛衫,毛衫
524,b2f691a094b9eeab4a0913625c280d99.jpg,,,,,,,,,,,毛衫,毛衫,毛衫
525,b2f691a094b9eeab4a0913625c280d99.jpg,,,,,,,,,,,卫衣,卫衣,卫衣
526,b2f691a094b9eeab4a0913625c280d99.jpg,,,,,,,,,,,毛衫,毛衫,毛衫
527,b2f691a094b9eeab4a0913625c280d99.jpg,,,,,,,,,,,毛衫,毛衫,毛衫
528,b2f691a094b9eeab4a0913625c280d99.jpg,,,长袖,,常规,,,,圆领,套头,上衣,上衣,上衣
529,b2f691a094b9eeab4a0913625c280d99.jpg,,,,,,,,,,,毛衫,毛衫,毛衫
530,b3d4ef2a0e7a36e0b71d001b7d538f44.jpg,,,长袖,常规,常规,,,,圆领,,卫衣,卫衣,卫衣
531,b3d4ef2a0e7a36e0b71d001b7d538f44.jpg,字母 ,韩版 ,长袖 ,喇叭袖 ,常规 ,宽松 ,,,圆领 ,套头 ,套头衫,套头衫,套头衫
532,b3d4ef2a0e7a36e0b71d001b7d538f44.jpg,字母,韩版,长袖,喇叭袖,常规,直筒,,请见宝贝描述,圆领,请见宝贝描述套头,套头衫,套头衫,套头衫
533,b3d4ef2a0e7a36e0b71d001b7d538f44.jpg,,,,,,,,,,,套头衫,套头衫,套头衫
534,b3d4ef2a0e7a36e0b71d001b7d538f44.jpg,,,长袖,,,,,,圆领,,打底衫,打底衫,打底衫
535,b3d4ef2a0e7a36e0b71d001b7d538f44.jpg,字母,韩版,长袖,喇叭袖,常规,直筒,,请见宝贝描述,圆领,请见宝贝描述套头,套头衫,套头衫,套头衫
536,b3d4ef2a0e7a36e0b71d001b7d538f44.jpg,纯色,,长袖,,,,,,,,T恤,T恤,T恤
537,b3d4ef2a0e7a36e0b71d001b7d538f44.jpg,纯色,,,,,,,,,,牛仔裤,牛仔长裤,牛仔裤
538,b3d4ef2a0e7a36e0b71d001b7d538f44.jpg,,,,,,,,,,,打底衫,打底衫,打底衫
539,b3d4ef2a0e7a36e0b71d001b7d538f44.jpg,,,长袖 ,,常规款 ,商场同款(线上线下都销售) ,,,,,毛衫,毛衫,毛衫
540,b75815c3888441e43019f947541106b1.jpg,,日常,短袖,,,宽松,,,圆领,,鞋配,鞋配,鞋配
541,b75815c3888441e43019f947541106b1.jpg,"卡通动漫,粗横条纹",,短袖,,常规款,直筒,,,圆领,,T恤,T恤,T恤
542,b75815c3888441e43019f947541106b1.jpg,,其他休闲,短袖,,,标准,,,圆领,,T恤,T恤,T恤
543,b75815c3888441e43019f947541106b1.jpg,条纹,,短袖,,,,,,圆领,,T恤,T恤,T恤
544,b75815c3888441e43019f947541106b1.jpg,条纹条纹,日常,短袖,常规,,宽松条纹,,绣花,圆领,绣花,POLO,POLO ,POLO 
545,b75815c3888441e43019f947541106b1.jpg,,日常 ,短袖 ,,,标准 商场同款(线上线下都销售) ,,,圆领 ,,T恤,T恤,T恤
546,b75815c3888441e43019f947541106b1.jpg,条纹条纹,其他休闲,短袖,常规,,国内知名品牌标准条纹,,绣标,圆领,绣标,T恤,T恤,T恤
547,b75815c3888441e43019f947541106b1.jpg,条纹条纹,其他休闲,短袖,常规,,标准条纹,,,圆领,,T恤,T恤,T恤
548,b75815c3888441e43019f947541106b1.jpg,条纹条纹,日常,短袖,,,标准条纹,,,圆领,,T恤,T恤,T恤
549,b75815c3888441e43019f947541106b1.jpg,,,,,,,,,,,T恤,T恤,T恤
550,b7bf54baf470e9265153d47c8281c43a.jpg,,,,,,,,,,,卫衣,卫衣,卫衣
551,b7bf54baf470e9265153d47c8281c43a.jpg,其他,休闲,,,,宽松,,,圆领,套头,卫衣,卫衣,卫衣
552,b7bf54baf470e9265153d47c8281c43a.jpg,,,,,,,,,,,卫衣,卫衣,卫衣
553,b7bf54baf470e9265153d47c8281c43a.jpg,其他,,,,,,,,,套头,卫衣,卫衣,卫衣
554,b7bf54baf470e9265153d47c8281c43a.jpg,,,,,,,,,,,套装,套装,套装
555,b7bf54baf470e9265153d47c8281c43a.jpg,其他,,,,,,,,,套头,卫衣,卫衣,卫衣
556,b7bf54baf470e9265153d47c8281c43a.jpg,,,,,,,,,,,卫衣,卫衣,卫衣
557,b7bf54baf470e9265153d47c8281c43a.jpg,字母,,长袖,常规,常规,棉内胆直筒,,,连帽,套头,套头衫,套头衫,套头衫
558,b7bf54baf470e9265153d47c8281c43a.jpg,其他,,,,,,,,,套头,,,
559,b7bf54baf470e9265153d47c8281c43a.jpg,其他,休闲,,,,,,,,套头,卫衣,卫衣,卫衣
560,b7eb0820b5116f4d72ee7d1c3869822b.jpg,字母,韩版,长袖,蝙蝠袖,常规,宽松,,"绣花,印花,拼接,螺纹,抽绳",连帽,"绣花,印花,拼接,螺纹,抽绳套头",卫衣,卫衣,卫衣
561,b7eb0820b5116f4d72ee7d1c3869822b.jpg,字母 ,韩版 ,长袖 ,常规 ,常规 ,宽松 纯电商(只在线上销售) ,,印花 ,连帽 ,印花 套头 ,卫衣,卫衣,卫衣
562,b7eb0820b5116f4d72ee7d1c3869822b.jpg,字母,,长袖,蝙蝠袖,常规,棉内胆宽松,,"系带,印花",连帽,"系带,印花套头",卫衣,卫衣,卫衣
563,b7eb0820b5116f4d72ee7d1c3869822b.jpg,字母 ,韩版 ,长袖 ,常规 ,常规 ,毛内胆 宽松 纯电商(只在线上销售) ,,袋鼠兜 印花 拼接 螺纹 抽绳 ,连帽 ,袋鼠兜 印花 拼接 螺纹 抽绳 套头 ,卫衣,卫衣,卫衣
564,b7eb0820b5116f4d72ee7d1c3869822b.jpg,几何图案,休闲,,常规,,宽松,,印花,连帽,印花套头,卫衣,卫衣,卫衣
565,b7eb0820b5116f4d72ee7d1c3869822b.jpg,其他,休闲,,常规,,宽松,,印花,连帽,印花套头,卫衣,卫衣,卫衣
566,b7eb0820b5116f4d72ee7d1c3869822b.jpg,字母 ,,长袖 ,蝙蝠袖 ,常规 ,棉内胆 宽松 纯电商(只在线上销售) ,,系带 印花 ,连帽 ,系带 印花 套头 ,卫衣,卫衣,卫衣
567,b7eb0820b5116f4d72ee7d1c3869822b.jpg,纯色 ,休闲 ,,常规 ,,宽松 纯电商(只在线上销售) ,,印花 ,连帽 ,印花 套头 ,卫衣,卫衣,卫衣
568,b7eb0820b5116f4d72ee7d1c3869822b.jpg,其他,,,,,,,,连帽,套头,卫衣,卫衣,卫衣
569,b7eb0820b5116f4d72ee7d1c3869822b.jpg,纯色,韩版,长袖,常规,中长款,棉内胆宽松,,套头,连帽,套头套头,卫衣,卫衣,卫衣
570,b7f5693e533a5d1dd7db526b0138c777.jpg,人物 ,休闲 ,,常规 ,,宽松 纯电商(只在线上销售) ,,印花 ,圆领 ,印花 套头 ,卫衣,卫衣,卫衣
571,b7f5693e533a5d1dd7db526b0138c777.jpg,卡通动漫 ,,长袖 ,常规 ,常规款 ,直筒 纯电商(只在线上销售) ,,印花 ,圆领 ,印花 套头 ,毛衫,毛衫,毛衫
572,b7f5693e533a5d1dd7db526b0138c777.jpg,,,,,,,,,,,卫衣,卫衣,卫衣
573,b7f5693e533a5d1dd7db526b0138c777.jpg,,,长袖,常规,常规款,直筒,,,半高圆领,套头,毛衫,毛衫,毛衫
574,b7f5693e533a5d1dd7db526b0138c777.jpg,卡通动漫 ,韩版 ,长袖 ,常规 ,常规 ,棉内胆 宽松 纯电商(只在线上销售) ,,,圆领 ,套头 ,卫衣,卫衣,卫衣
575,b7f5693e533a5d1dd7db526b0138c777.jpg,人物,韩版,长袖,常规,常规,直筒,,,圆领,套头,卫衣,卫衣,卫衣
576,b7f5693e533a5d1dd7db526b0138c777.jpg,卡通动漫,,长袖,常规,常规,棉内胆宽松,,,圆领,套头,卫衣,卫衣,卫衣
577,b7f5693e533a5d1dd7db526b0138c777.jpg,,,长袖,,常规款,,,,圆领,套头,毛衫,毛衫,毛衫
578,b7f5693e533a5d1dd7db526b0138c777.jpg,,,,,,,,,,,卫衣,卫衣,卫衣
579,b7f5693e533a5d1dd7db526b0138c777.jpg,,,,,,,,,,,卫衣,卫衣,卫衣
580,b8c15a3070887e391c074d00968978d2.jpg,请见宝贝描述请见宝贝描述,日常,短袖,常规,,国内知名品牌宽松请见宝贝描述,,请见宝贝描述,圆领,请见宝贝描述,打底衫,打底衫,打底衫
581,b8c15a3070887e391c074d00968978d2.jpg,,其他休闲,短袖,,,标准,,,其他,,打底衫,打底衫,打底衫
582,b8c15a3070887e391c074d00968978d2.jpg,,,短袖,,,常规,,"品牌LOGO,字母",,"品牌LOGO,字母",POLO,POLO ,POLO 
583,b8c15a3070887e391c074d00968978d2.jpg,纯色纯色,日常,短袖,常规,,国际大牌修身纯色,,拼料,圆领,拼料,T恤,T恤,T恤
584,b8c15a3070887e391c074d00968978d2.jpg,,日常 ,短袖 ,,,国际大牌 标准 商场同款(线上线下都销售) ,,,圆领 ,,T恤,T恤,T恤
585,b8c15a3070887e391c074d00968978d2.jpg,粗横条纹青春青春,,短袖,常规,短款,修身,,,圆领,,T恤,T恤,T恤
586,b8c15a3070887e391c074d00968978d2.jpg,,,,,,常规,,品牌LOGO,圆领,品牌LOGO,T恤,T恤,T恤
587,b8c15a3070887e391c074d00968978d2.jpg,,日常,短袖,常规,,国内知名品牌修身,,,衬衫领,,T恤,T恤,T恤
588,b8c15a3070887e391c074d00968978d2.jpg,,日常,短袖,,,修身,,,圆领,,毛衫,毛衫,毛衫
589,b8c15a3070887e391c074d00968978d2.jpg,,,,,,常规,,"品牌LOGO,条纹",圆领,"品牌LOGO,条纹",T恤,T恤,T恤
590,b8d0c466ea3651af43dbcfd83d2c7d06.jpg,几何图案,,,常规,,,,,圆领,套头,T恤,T恤,T恤
591,b8d0c466ea3651af43dbcfd83d2c7d06.jpg,字母数字 字母数字 ,其他休闲 ,短袖 ,常规 ,,时尚潮牌 修身 字母数字 ,,印花 ,圆领 ,印花 ,T恤,T恤,T恤
592,b8d0c466ea3651af43dbcfd83d2c7d06.jpg,字母数字字母数字,日常,短袖,常规,,修身字母数字,,印花,圆领,印花,T恤,T恤,T恤
593,b8d0c466ea3651af43dbcfd83d2c7d06.jpg,字母数字 字母数字 ,其他休闲 ,短袖 ,常规 ,,时尚潮牌 修身 字母数字 纯电商(只在线上销售) ,,拼料 ,圆领 ,拼料 ,T恤,T恤,T恤
594,b8d0c466ea3651af43dbcfd83d2c7d06.jpg,,日常,短袖,常规,,宽松,,,圆领,,T恤,T恤,T恤
595,b8d0c466ea3651af43dbcfd83d2c7d06.jpg,字母数字 字母数字 ,其他休闲 ,短袖 ,常规 ,,时尚潮牌 修身 字母数字 纯电商(只在线上销售) ,,提花 ,圆领 ,提花 ,T恤,T恤,T恤
596,b8d0c466ea3651af43dbcfd83d2c7d06.jpg,,,,,,修身,,,圆领,,T恤,T恤,T恤
597,b8d0c466ea3651af43dbcfd83d2c7d06.jpg,,日常,短袖,常规,,宽松,,,圆领,,T恤,T恤,T恤
598,b8d0c466ea3651af43dbcfd83d2c7d06.jpg,,日常,短袖,,,标准,,,圆领,,T恤,T恤,T恤
599,b8d0c466ea3651af43dbcfd83d2c7d06.jpg,字母数字 字母数字 ,日常 ,短袖 ,常规 ,,时尚潮牌 宽松 字母数字 纯电商(只在线上销售) ,,,圆领 ,,T恤,T恤,T恤
600,bb234ed58c8f7319dda57681d270b613.jpg,字母,韩版,长袖,其他,常规,宽松,,,连帽,套头,卫衣,卫衣,卫衣
601,bb234ed58c8f7319dda57681d270b613.jpg,,简约,长袖,,常规,,,,连帽,套头,套头衫,套头衫,套头衫
602,bb234ed58c8f7319dda57681d270b613.jpg,字母 ,,长袖 ,蝙蝠袖 ,常规 ,宽松 纯电商(只在线上销售) ,,,,套头 ,卫衣,卫衣,卫衣
603,bb234ed58c8f7319dda57681d270b613.jpg,其他 ,休闲 ,,常规 ,,直筒 纯电商(只在线上销售) ,,绣花 ,连帽 ,绣花 套头 ,卫衣,卫衣,卫衣
604,bb234ed58c8f7319dda57681d270b613.jpg,,,长袖,,,,,,,,卫衣,卫衣,卫衣
605,bb234ed58c8f7319dda57681d270b613.jpg,,,长袖,,,,,,,,卫衣,卫衣,卫衣
606,bb234ed58c8f7319dda57681d270b613.jpg,字母 ,韩版 ,长袖 ,插肩袖 ,常规 ,棉内胆 宽松 纯电商(只在线上销售) ,,绣花 口袋 抽绳 ,连帽 ,绣花 口袋 抽绳 套头 ,卫衣,卫衣,卫衣
607,bb234ed58c8f7319dda57681d270b613.jpg,字母,韩版,长袖,常规,常规,修身,,,连帽,套头,卫衣,卫衣,卫衣
608,bb234ed58c8f7319dda57681d270b613.jpg,字母 ,韩版 ,长袖 ,常规 ,常规 ,毛内胆 宽松 纯电商(只在线上销售) ,,袋鼠兜 贴布 绣花 口袋 系带 印花 拼接 抽绳 ,连帽 ,袋鼠兜 贴布 绣花 口袋 系带 印花 拼接 抽绳 套头 ,卫衣,卫衣,卫衣
609,bb234ed58c8f7319dda57681d270b613.jpg,,,长袖,,,,,,,卫衣,卫衣,卫衣,卫衣
610,c0208d3fd0f1599438df3e3c117acb7f.jpg,其他 ,休闲 ,,常规 ,,,,缉明线 ,圆领 ,缉明线 套头 ,卫衣,卫衣,卫衣
611,c0208d3fd0f1599438df3e3c117acb7f.jpg,其他,,,,,,,,,套头,卫衣,卫衣,卫衣
612,c0208d3fd0f1599438df3e3c117acb7f.jpg,其他,,,,,,,,,套头,卫衣,卫衣,卫衣
613,c0208d3fd0f1599438df3e3c117acb7f.jpg,,,,,,,,品牌LOGO ,圆领 ,品牌LOGO ,卫衣,卫衣,卫衣
614,c0208d3fd0f1599438df3e3c117acb7f.jpg,纯色,睡衣,长袖,,,,,贴布,圆领,贴布,套装,套装,套装
615,c0208d3fd0f1599438df3e3c117acb7f.jpg,,,长袖,,常规,,,,圆领,,T恤,T恤,T恤
616,c0208d3fd0f1599438df3e3c117acb7f.jpg,几何图案,休闲,,常规,,直筒,,印花,圆领,印花套头,卫衣,卫衣,卫衣
617,c0208d3fd0f1599438df3e3c117acb7f.jpg,,,,,,,,,,,,,
618,c0208d3fd0f1599438df3e3c117acb7f.jpg,,,长袖 ,,,,,,,卫衣 ,套装,套装,套装
619,c0208d3fd0f1599438df3e3c117acb7f.jpg,几何图案,休闲,,常规,,直筒,,印花,圆领,印花套头,卫衣,卫衣,卫衣
620,c2d371d39c5d2d5c9420a8be6d438f40.jpg,人物,,,,,,,,,套头,卫衣,卫衣,卫衣
621,c2d371d39c5d2d5c9420a8be6d438f40.jpg,其他,休闲,,常规,,宽松,,印花,连帽,印花套头,套头衫,套头衫,套头衫
622,c2d371d39c5d2d5c9420a8be6d438f40.jpg,其他,,,,,,,,,套头,卫衣,卫衣,卫衣
623,c2d371d39c5d2d5c9420a8be6d438f40.jpg,其他,休闲,,,,,,,,套头,衬衫,衬衫,衬衫
624,c2d371d39c5d2d5c9420a8be6d438f40.jpg,纯色,运动,,常规,,宽松,,拉链装饰,连帽,拉链装饰套头,卫衣,卫衣,卫衣
625,c2d371d39c5d2d5c9420a8be6d438f40.jpg,纯色,休闲,,常规,,宽松,,绣花,连帽,绣花套头,卫衣,卫衣,卫衣
626,c2d371d39c5d2d5c9420a8be6d438f40.jpg,,,,,,,,,,,卫衣,卫衣,卫衣
627,c2d371d39c5d2d5c9420a8be6d438f40.jpg,纯色,休闲,,插肩袖,,修身型,,多口袋,连帽,多口袋套头,卫衣,卫衣,卫衣
628,c2d371d39c5d2d5c9420a8be6d438f40.jpg,其他 ,,,,,商场同款(线上线下都销售) ,,,,套头 ,卫衣,卫衣,卫衣
629,c2d371d39c5d2d5c9420a8be6d438f40.jpg,纯色,,,,,,,,,套头,卫衣,卫衣,卫衣
630,c58bc9e86a004d202a549f6074b230f3.jpg,几何图案 ,休闲 ,,常规 ,,宽松 纯电商(只在线上销售) ,,印花 ,连帽 ,印花 套头 ,卫衣,卫衣,卫衣
631,c58bc9e86a004d202a549f6074b230f3.jpg,其他 ,休闲 ,,常规 ,,宽松 纯电商(只在线上销售) ,,印花 ,连帽 ,印花 套头 ,卫衣,卫衣,卫衣
632,c58bc9e86a004d202a549f6074b230f3.jpg,纯色 ,休闲 ,,常规 ,,宽松 ,,印花 ,连帽 ,印花 套头 ,套头衫,套头衫,套头衫
633,c58bc9e86a004d202a549f6074b230f3.jpg,动物图案 ,休闲 ,,常规 ,,宽松 纯电商(只在线上销售) ,,印花 ,连帽 ,印花 套头 ,卫衣,卫衣,卫衣
634,c58bc9e86a004d202a549f6074b230f3.jpg,字母,韩版,长袖,常规,中长款,宽松,,印花,连帽,印花套头,卫衣,卫衣,卫衣
635,c58bc9e86a004d202a549f6074b230f3.jpg,纯色,旅游,,,,宽松,,,连帽,套头,卫衣,卫衣,卫衣
636,c58bc9e86a004d202a549f6074b230f3.jpg,字母 ,韩版 ,长袖 ,常规 ,常规 ,宽松 纯电商(只在线上销售) ,,绣花 ,连帽 ,绣花 套头 ,卫衣,卫衣,卫衣
637,c58bc9e86a004d202a549f6074b230f3.jpg,其他,休闲,,常规,,直筒,,,圆领,套头,卫衣,卫衣,卫衣
638,c58bc9e86a004d202a549f6074b230f3.jpg,字母,,长袖,常规,中长款,宽松,,印花,连帽,印花套头,卫衣,卫衣,卫衣
639,c58bc9e86a004d202a549f6074b230f3.jpg,纯色,,长袖,,常规,宽松,,,连帽,套头,套头衫,套头衫,套头衫
640,cd068ee07f0ca0233b5370c197b45a6f.jpg,,,,,,毛内胆 ,,,,,套装,套装,套装
641,cd068ee07f0ca0233b5370c197b45a6f.jpg,卡通动漫 ,爱意表达 ,,,,,,,,,运动裤,休闲长裤,休闲裤
642,cd068ee07f0ca0233b5370c197b45a6f.jpg,人物 ,休闲 ,,常规 ,,宽松 纯电商(只在线上销售) ,,印花 ,圆领 ,印花 套头 ,卫衣,卫衣,卫衣
643,cd068ee07f0ca0233b5370c197b45a6f.jpg,卡通动漫 ,,长袖 ,常规 ,常规 ,棉内胆 直筒 天猫独家(只在天猫销售) ,,,圆领 ,套头 ,卫衣,卫衣,卫衣
644,cd068ee07f0ca0233b5370c197b45a6f.jpg,财神爷 ,,,,,宽松 纯电商(只在线上销售) ,,,圆领 ,套头 ,卫衣,卫衣,卫衣
645,cd068ee07f0ca0233b5370c197b45a6f.jpg,其他 ,,,,,,,,,套头 ,卫衣,卫衣,卫衣
646,cd068ee07f0ca0233b5370c197b45a6f.jpg,其他,,,,,,,,,套头,卫衣,卫衣,卫衣
647,cd068ee07f0ca0233b5370c197b45a6f.jpg,卡通动漫 ,,长袖 ,常规 ,常规 ,棉内胆 宽松 纯电商(只在线上销售) ,,印花 ,圆领 ,印花 套头 ,套头衫,套头衫,套头衫
648,cd068ee07f0ca0233b5370c197b45a6f.jpg,卡通动漫 ,上学送礼 ,,,,,,,,,套装,套装,套装
649,cd068ee07f0ca0233b5370c197b45a6f.jpg,其他 ,休闲 ,,常规 ,,宽松 纯电商(只在线上销售) ,,印花 ,圆领 ,印花 套头 ,卫衣,卫衣,卫衣
650,d3bd863956154d4a2415705c2934bd9d.jpg,几何图案,,,,,,,,,套头,卫衣,卫衣,卫衣
651,d3bd863956154d4a2415705c2934bd9d.jpg,纯色,,,,,,,,,套头,卫衣,卫衣,卫衣
652,d3bd863956154d4a2415705c2934bd9d.jpg,其他,,,,,,,,,套头,卫衣,卫衣,卫衣
653,d3bd863956154d4a2415705c2934bd9d.jpg,纯色,休闲,长袖,常规,,修身型,,其他,带帽,套头其他,毛衫,毛衫,毛衫
654,d3bd863956154d4a2415705c2934bd9d.jpg,纯色,,长袖,常规,常规,棉内胆宽松,,,连帽,套头,卫衣,卫衣,卫衣
655,d3bd863956154d4a2415705c2934bd9d.jpg,纯色,,长袖,其他,中长款,修身,,,连帽,套头,鞋配,鞋配,鞋配
656,d3bd863956154d4a2415705c2934bd9d.jpg,,,长袖,,,直筒,,,连帽,套头,卫衣,卫衣,卫衣
657,d3bd863956154d4a2415705c2934bd9d.jpg,,,,,,,,,,,卫衣,卫衣,卫衣
658,d3bd863956154d4a2415705c2934bd9d.jpg,其他,,,,,,,,,套头,卫衣,卫衣,卫衣
659,d3bd863956154d4a2415705c2934bd9d.jpg,,,,,,,,,,,卫衣,卫衣,卫衣
660,d6adc0d31579d766f5aa5a9e83896c37.jpg,其他,休闲,,,,,,,圆领,套头,卫衣,卫衣,卫衣
661,d6adc0d31579d766f5aa5a9e83896c37.jpg,几何图案,休闲,长袖,常规,,,,拼色,圆领,套头拼色,毛衫,毛衫,毛衫
662,d6adc0d31579d766f5aa5a9e83896c37.jpg,其他,,,,,,,,,套头,卫衣,卫衣,卫衣
663,d6adc0d31579d766f5aa5a9e83896c37.jpg,字母,,长袖,常规,常规,棉内胆宽松,,,圆领,套头,卫衣,卫衣,卫衣
664,d6adc0d31579d766f5aa5a9e83896c37.jpg,其他,休闲,,常规,,直筒,,贴布装饰,连帽,贴布装饰套头,卫衣,卫衣,卫衣
665,d6adc0d31579d766f5aa5a9e83896c37.jpg,,,长袖,,,,,,圆领,套头,毛衫,毛衫,毛衫
666,d6adc0d31579d766f5aa5a9e83896c37.jpg,,其他休闲,长袖,,,宽松,,,圆领,,T恤,T恤,T恤
667,d6adc0d31579d766f5aa5a9e83896c37.jpg,纯色,休闲,长袖,,,修身型,,,圆领,套头,毛衫,毛衫,毛衫
668,d6adc0d31579d766f5aa5a9e83896c37.jpg,其他,,,,,宽松,,,圆领,套头,T恤,T恤,T恤
669,d6adc0d31579d766f5aa5a9e83896c37.jpg,搞怪,,,,,,,,,套头,卫衣,卫衣,卫衣
670,e159c894bca66849a0f817a500e435b3.jpg,,,,,,,,,,,上衣,上衣,上衣
671,e159c894bca66849a0f817a500e435b3.jpg,,,,,,,,,,,上衣,上衣,上衣
672,e159c894bca66849a0f817a500e435b3.jpg,纯色,韩版,长袖,常规,常规,棉内胆宽松,,"口袋,拼接,抽绳",连帽,"口袋,拼接,抽绳套头",卫衣,卫衣,卫衣
673,e159c894bca66849a0f817a500e435b3.jpg,字母,韩版,长袖,常规,中长款,宽松,,绣花,连帽,绣花套头,卫衣,卫衣,卫衣
674,e159c894bca66849a0f817a500e435b3.jpg,,,长袖,,,,,,,,卫衣,卫衣,卫衣
675,e159c894bca66849a0f817a500e435b3.jpg,字母,,长袖,常规,常规,宽松,,"口袋,印花,螺纹",连帽,"口袋,印花,螺纹套头",卫衣,卫衣,卫衣
676,e159c894bca66849a0f817a500e435b3.jpg,纯色,韩版,长袖,常规,中长款,棉内胆宽松,,,连帽,套头,卫衣,卫衣,卫衣
677,e159c894bca66849a0f817a500e435b3.jpg,,,,,,,,,,,卫衣,卫衣,卫衣
678,e159c894bca66849a0f817a500e435b3.jpg,,韩版,长袖,常规,中长款,宽松,,,连帽,套头,卫衣,卫衣,卫衣
679,e159c894bca66849a0f817a500e435b3.jpg,纯色,韩版,长袖,常规,常规,毛内胆宽松,,口袋,连帽,口袋套头,卫衣,卫衣,卫衣
680,e5d51d350df7bbba4735d05efc7211e2.jpg,字母,韩版,长袖,其他,常规,宽松,,植绒,圆领,植绒套头,卫衣,卫衣,卫衣
681,e5d51d350df7bbba4735d05efc7211e2.jpg,,,,,,,,,,套头,待定,待定,待定
682,e5d51d350df7bbba4735d05efc7211e2.jpg,,,,,,,,,圆领,,套头衫,套头衫,套头衫
683,e5d51d350df7bbba4735d05efc7211e2.jpg,其他,休闲,,常规,,宽松,,印花,圆领,印花套头,卫衣,卫衣,卫衣
684,e5d51d350df7bbba4735d05efc7211e2.jpg,其他,,,,,,,,,套头,卫衣,卫衣,卫衣
685,e5d51d350df7bbba4735d05efc7211e2.jpg,其他 ,,,,,,,,,套头 ,套头衫,套头衫,套头衫
686,e5d51d350df7bbba4735d05efc7211e2.jpg,字母 ,休闲 ,,常规 ,,宽松 纯电商(只在线上销售) ,,绣花 ,圆领 ,绣花 套头 ,卫衣,卫衣,卫衣
687,e5d51d350df7bbba4735d05efc7211e2.jpg,,,,,,,,"字母,刺绣,袋鼠兜",圆领,"字母,刺绣,袋鼠兜",卫衣,卫衣,卫衣
688,e5d51d350df7bbba4735d05efc7211e2.jpg,其他 ,,,,,直筒 ,,,圆领 ,套头 ,卫衣,卫衣,卫衣
689,e5d51d350df7bbba4735d05efc7211e2.jpg,其他 ,休闲 ,,常规 ,,宽松 纯电商(只在线上销售) ,,,圆领 ,套头 ,卫衣,卫衣,卫衣
690,eb8ceb8ac227809663dfbb779cab349c.jpg,,淑女,长袖,常规,常规,直筒,,,圆领,套头,卫衣,卫衣,卫衣
691,eb8ceb8ac227809663dfbb779cab349c.jpg,字母 ,,长袖 ,,,,,印花 ,圆领 ,印花 ,卫衣,卫衣,卫衣
692,eb8ceb8ac227809663dfbb779cab349c.jpg,字母,韩版,长袖,插肩袖,常规,宽松,,印花,圆领,印花套头,卫衣,卫衣,卫衣
693,eb8ceb8ac227809663dfbb779cab349c.jpg,人物青春青春,韩版,长袖,,,宽松,,,圆领,,打底衫,打底衫,打底衫
694,eb8ceb8ac227809663dfbb779cab349c.jpg,卡通动漫,韩版,长袖,常规,中长款,宽松,,"印花,树脂固色",连帽,"印花,树脂固色套头",卫衣,卫衣,卫衣
695,eb8ceb8ac227809663dfbb779cab349c.jpg,,,,,,,,,,,打底衫,打底衫,打底衫
696,eb8ceb8ac227809663dfbb779cab349c.jpg,人物,,长袖,,常规,,,,圆领,套头,卫衣,卫衣,卫衣
697,eb8ceb8ac227809663dfbb779cab349c.jpg,人物,,长袖,,常规,宽松,,,,套头,卫衣,卫衣,卫衣
698,eb8ceb8ac227809663dfbb779cab349c.jpg,字母,韩版,长袖,常规,中长款,宽松,,印花,连帽,印花套头,卫衣,卫衣,卫衣
699,eb8ceb8ac227809663dfbb779cab349c.jpg,其他,爱意表达,,,,,,,,,套装,套装,套装
700,ed4d4acae3a1be41ebd26cdd09d3b81d.jpg,其他,,,,,,,,,,卫衣,卫衣,卫衣
701,ed4d4acae3a1be41ebd26cdd09d3b81d.jpg,纯色,,,,,,,,,,卫衣,卫衣,卫衣
702,ed4d4acae3a1be41ebd26cdd09d3b81d.jpg,其他,学习奖励,,,,,,,,,裤子,休闲中裤,休闲裤
703,ed4d4acae3a1be41ebd26cdd09d3b81d.jpg,,,,,,,,,,,连衣裙,连衣裙,连衣裙
704,ed4d4acae3a1be41ebd26cdd09d3b81d.jpg,,,长袖,,,宽松,,口袋,,口袋,家居服,家居服,家居服
705,ed4d4acae3a1be41ebd26cdd09d3b81d.jpg,,,,,,,,,,,连衣裙,连衣裙,连衣裙
706,ed4d4acae3a1be41ebd26cdd09d3b81d.jpg,其他,上学送礼,,,,,,,,,套装,套装,套装
707,ed4d4acae3a1be41ebd26cdd09d3b81d.jpg,其他,上学送礼,,,,,,,,,裤子,休闲中裤,休闲裤
708,ed4d4acae3a1be41ebd26cdd09d3b81d.jpg,,,,,,,,,,,裤子,休闲中裤,休闲裤
709,ed4d4acae3a1be41ebd26cdd09d3b81d.jpg,纯色,,,,,,,,,,裤子,休闲中裤,休闲裤
710,ed8a955e6fc08ca6b80819a21129abc4.jpg,字母,韩版,长袖,常规,常规,宽松,,"印花,拼接,抽绳",圆领,"印花,拼接,抽绳套头",卫衣,卫衣,卫衣
711,ed8a955e6fc08ca6b80819a21129abc4.jpg,纯色,,长袖,,,,,,圆领,,打底衫,打底衫,打底衫
712,ed8a955e6fc08ca6b80819a21129abc4.jpg,其他 ,休闲 ,,常规 ,,直筒 商场同款(线上线下都销售) ,,,圆领 ,套头 ,卫衣,卫衣,卫衣
713,ed8a955e6fc08ca6b80819a21129abc4.jpg,几何图案,休闲,,常规,,修身型,,,圆领,套头,套装,套装,套装
714,ed8a955e6fc08ca6b80819a21129abc4.jpg,字母 ,韩版 ,长袖 ,,短款 ,宽松 ,,,圆领 ,套头 ,卫衣,卫衣,卫衣
715,ed8a955e6fc08ca6b80819a21129abc4.jpg,条纹,,长袖,常规,常规,棉内胆宽松,,,圆领,套头,卫衣,卫衣,卫衣
716,ed8a955e6fc08ca6b80819a21129abc4.jpg,字母 ,韩版 ,长袖 ,常规 ,常规 ,宽松 纯电商(只在线上销售) ,,印花 ,圆领 ,印花 套头 ,套头衫,套头衫,套头衫
717,ed8a955e6fc08ca6b80819a21129abc4.jpg,纯色,,长袖,,,,,,圆领,,T恤,T恤,T恤
718,ed8a955e6fc08ca6b80819a21129abc4.jpg,字母 创意 创意 ,韩版 ,长袖 ,常规 ,常规款 ,宽松 纯电商(只在线上销售) ,,,圆领 ,,T恤,T恤,T恤
719,ed8a955e6fc08ca6b80819a21129abc4.jpg,字母 ,韩版 ,长袖 ,常规 ,常规 ,宽松 纯电商(只在线上销售) ,,开叉 印花 ,圆领 ,开叉 印花 套头 ,卫衣,卫衣,卫衣
720,f7750a75f3bf50c70e5eba0cfbfe887f.jpg,卡通动漫 ,韩版 ,长袖 ,常规 ,常规 ,宽松 纯电商(只在线上销售) ,,,连帽 ,套头 ,卫衣,卫衣,卫衣
721,f7750a75f3bf50c70e5eba0cfbfe887f.jpg,,,,,,,,,,,卫衣,卫衣,卫衣
722,f7750a75f3bf50c70e5eba0cfbfe887f.jpg,纯色,休闲,,常规,,宽松,,罗纹底摆,圆领,罗纹底摆套头,卫衣,卫衣,卫衣
723,f7750a75f3bf50c70e5eba0cfbfe887f.jpg,纯色,运动,,常规,,修身型,,印花,连帽,印花套头,卫衣,卫衣,卫衣
724,f7750a75f3bf50c70e5eba0cfbfe887f.jpg,,,,,,,,,,,卫衣,卫衣,卫衣
725,f7750a75f3bf50c70e5eba0cfbfe887f.jpg,纯色 ,,,,,宽松 ,,,连帽 ,套头 ,卫衣,卫衣,卫衣
726,f7750a75f3bf50c70e5eba0cfbfe887f.jpg,,,,,,纯电商(只在线上销售) ,,,,,卫衣,卫衣,卫衣
727,f7750a75f3bf50c70e5eba0cfbfe887f.jpg,,,,,,,,,,,卫衣,卫衣,卫衣
728,f7750a75f3bf50c70e5eba0cfbfe887f.jpg,,上班 ,,,,纯电商(只在线上销售) ,,,,,卫衣,卫衣,卫衣
729,f7750a75f3bf50c70e5eba0cfbfe887f.jpg,纯色,休闲,,常规,,宽松,,其他,连帽,其他套头,卫衣,卫衣,卫衣
730,fa3f9de1fc04338ffd92a7372653353b.jpg,其他,休闲,,常规,,,,缉明线,圆领,缉明线套头,卫衣,卫衣,卫衣
731,fa3f9de1fc04338ffd92a7372653353b.jpg,,,长袖,常规,常规,宽松,,印花,圆领,印花套头,卫衣,卫衣,卫衣
732,fa3f9de1fc04338ffd92a7372653353b.jpg,,,,,,,,,,,卫衣,卫衣,卫衣
733,fa3f9de1fc04338ffd92a7372653353b.jpg,动物图案 ,休闲 ,,常规 ,,宽松 ,,,圆领 ,套头 ,卫衣,卫衣,卫衣
734,fa3f9de1fc04338ffd92a7372653353b.jpg,,,长袖,,,,,,圆领,,打底衫,打底衫,打底衫
735,fa3f9de1fc04338ffd92a7372653353b.jpg,卡通动漫,,,,,宽松,,,圆领,套头,卫衣,卫衣,卫衣
736,fa3f9de1fc04338ffd92a7372653353b.jpg,其他 ,,,,,,,,圆领 ,套头 ,卫衣,卫衣,卫衣
737,fa3f9de1fc04338ffd92a7372653353b.jpg,人物 ,休闲 ,,常规 ,,宽松 ,,,圆领 ,套头 ,卫衣,卫衣,卫衣
738,fa3f9de1fc04338ffd92a7372653353b.jpg,鲤鱼,休闲,,常规,,宽松,,印花,圆领,印花套头,卫衣,卫衣,卫衣
739,fa3f9de1fc04338ffd92a7372653353b.jpg,纯色,休闲,,常规,,宽松,,印花,圆领,印花套头,打底衫,打底衫,打底衫
