"","channel","attrs","choosed_sku","choosed_channel","chayi_huizong"
"1","nzb","sm_type","针织裙","中",0.0389141181522037
"2","nzb","sm_type","针织裙","北",0.0371617808865067
"3","nzb","sm_type","针织裙","南",0.0460106057631896
"4","nzb","sm_type","雪纺裙","中",0.0515770445306636
"5","nzb","sm_type","雪纺裙","北",0.0379325226975022
"6","nzb","sm_type","雪纺裙","南",0.0231081419244893
"7","nzb","sm_type","梭织/化纤裙","中",0.0392748726060273
"8","nzb","sm_type","梭织/化纤裙","北",0.0247037468615337
"9","nzb","sm_type","梭织/化纤裙","南",0.0392296171029608
"10","nzb","sm_type","牛仔裙","中",0.0550729040200452
"11","nzb","sm_type","牛仔裙","北",0.0359377056078295
"12","nzb","sm_type","牛仔裙","南",0.0602839282353747
"13","nzb","sm_type","蕾丝/镂空裙","中",0.0655376552140698
"14","nzb","sm_type","蕾丝/镂空裙","北",0.0636239916770666
"15","nzb","sm_type","蕾丝/镂空裙","南",0.090629342281158
"16","nzb","sm_type","衬衫/棉质裙","中",0.0502840488517376
"17","nzb","sm_type","衬衫/棉质裙","北",0.0601533698829531
"18","nzb","sm_type","衬衫/棉质裙","南",0.0615951233332542
"19","nzb","sm_type","毛织裙","中",0.111111111111111
"20","nzb","sm_type","毛织裙","北",0.0833333333333333
"21","nzb","sm_type","毛织裙","南",0.0833333333333333
"22","provi_rank","sm_type","针织裙","县级",0.0334272438066876
"23","provi_rank","sm_type","针织裙","地级",0.0393395924958825
"24","provi_rank","sm_type","针织裙","直辖",0.0499984795428222
"25","provi_rank","sm_type","针织裙","省级",0.0511660248716052
"26","provi_rank","sm_type","针织裙","镇级",0.0355995071191751
"27","provi_rank","sm_type","雪纺裙","县级",0.0251237811293246
"28","provi_rank","sm_type","雪纺裙","地级",0.0559865240636956
"29","provi_rank","sm_type","雪纺裙","直辖",0.0785541804867673
"30","provi_rank","sm_type","雪纺裙","省级",0.0902433008740008
"31","provi_rank","sm_type","雪纺裙","镇级",0.0579219478407428
"32","provi_rank","sm_type","梭织/化纤裙","县级",0.0228095225513259
"33","provi_rank","sm_type","梭织/化纤裙","地级",0.0395302489059488
"34","provi_rank","sm_type","梭织/化纤裙","直辖",0.052995583765573
"35","provi_rank","sm_type","梭织/化纤裙","省级",0.0398755537149951
"36","provi_rank","sm_type","梭织/化纤裙","镇级",0.0285321954873856
"37","provi_rank","sm_type","牛仔裙","县级",0.0376179885036148
"38","provi_rank","sm_type","牛仔裙","地级",0.0518901582069574
"39","provi_rank","sm_type","牛仔裙","直辖",0.110433485733172
"40","provi_rank","sm_type","牛仔裙","省级",0.0665133311120227
"41","provi_rank","sm_type","牛仔裙","镇级",0.0380489475746486
"42","provi_rank","sm_type","蕾丝/镂空裙","县级",0.0570337756554778
"43","provi_rank","sm_type","蕾丝/镂空裙","地级",0.0768800841004789
"44","provi_rank","sm_type","蕾丝/镂空裙","直辖",0.112276315120071
"45","provi_rank","sm_type","蕾丝/镂空裙","省级",0.0663976641140933
"46","provi_rank","sm_type","蕾丝/镂空裙","镇级",0.0793616504528972
"47","provi_rank","sm_type","衬衫/棉质裙","县级",0.0504651293716313
"48","provi_rank","sm_type","衬衫/棉质裙","地级",0.0599760563602804
"49","provi_rank","sm_type","衬衫/棉质裙","直辖",0.0675187310764735
"50","provi_rank","sm_type","衬衫/棉质裙","省级",0.0594174011856469
"51","provi_rank","sm_type","衬衫/棉质裙","镇级",0.0549530852509015
"52","provi_rank","sm_type","毛织裙","县级",0.0666666666666667
"53","provi_rank","sm_type","毛织裙","地级",0.111111111111111
"54","provi_rank","sm_type","毛织裙","省级",0.166666666666667
"55","provi_rank","sm_type","毛织裙","镇级",0.0833333333333333
"56","city_rank","sm_type","针织裙","一线",0.045326625860328
"57","city_rank","sm_type","针织裙","三线",0.0336854700704598
"58","city_rank","sm_type","针织裙","二线",0.0392293604197438
"59","city_rank","sm_type","针织裙","四线",0.0339217999594647
"60","city_rank","sm_type","针织裙","特一线",0.062796362093322
"61","city_rank","sm_type","雪纺裙","一线",0.0811527734893889
"62","city_rank","sm_type","雪纺裙","三线",0.0263702792291032
"63","city_rank","sm_type","雪纺裙","二线",0.0452440404504121
"64","city_rank","sm_type","雪纺裙","四线",0.0673544857729616
"65","city_rank","sm_type","雪纺裙","特一线",0.0863769731270223
"66","city_rank","sm_type","梭织/化纤裙","一线",0.0345061933075961
"67","city_rank","sm_type","梭织/化纤裙","三线",0.0271818737028095
"68","city_rank","sm_type","梭织/化纤裙","二线",0.0361949890424071
"69","city_rank","sm_type","梭织/化纤裙","四线",0.022901352087214
"70","city_rank","sm_type","梭织/化纤裙","特一线",0.0640396200398387
"71","city_rank","sm_type","牛仔裙","一线",0.0709944370081029
"72","city_rank","sm_type","牛仔裙","三线",0.0354191675292963
"73","city_rank","sm_type","牛仔裙","二线",0.0492473258659955
"74","city_rank","sm_type","牛仔裙","四线",0.0370885801403834
"75","city_rank","sm_type","牛仔裙","特一线",0.111621294989088
"76","city_rank","sm_type","蕾丝/镂空裙","一线",0.0727686215789541
"77","city_rank","sm_type","蕾丝/镂空裙","三线",0.0579097966986357
"78","city_rank","sm_type","蕾丝/镂空裙","二线",0.0685801796981803
"79","city_rank","sm_type","蕾丝/镂空裙","四线",0.063789822393614
"80","city_rank","sm_type","蕾丝/镂空裙","特一线",0.192224672345274
"81","city_rank","sm_type","衬衫/棉质裙","一线",0.0573676846716194
"82","city_rank","sm_type","衬衫/棉质裙","三线",0.0536258777975779
"83","city_rank","sm_type","衬衫/棉质裙","二线",0.0584918149475165
"84","city_rank","sm_type","衬衫/棉质裙","四线",0.0534936432632765
"85","city_rank","sm_type","衬衫/棉质裙","特一线",0.0800113352428125
"86","city_rank","sm_type","毛织裙","一线",0.111111111111111
"87","city_rank","sm_type","毛织裙","三线",0.0833333333333333
"88","city_rank","sm_type","毛织裙","二线",0.166666666666667
"89","city_rank","sm_type","毛织裙","四线",0.111111111111111
"90","city_rank","sm_type","毛织裙","特一线",0.333333333333333
"91","area_rank","sm_type","针织裙","(200,400]",0.0372666478201216
"92","area_rank","sm_type","针织裙","(400,600]",0.046978808562325
"93","area_rank","sm_type","针织裙","(600,800]",0.0622339357388967
"94","area_rank","sm_type","针织裙","(800,3e+03]",0.0744626978030702
"95","area_rank","sm_type","针织裙","[0,200]",0.0302679779572708
"96","area_rank","sm_type","雪纺裙","(200,400]",0.0526495320460948
"97","area_rank","sm_type","雪纺裙","(400,600]",0.0575559347255201
"98","area_rank","sm_type","雪纺裙","(600,800]",0.0848579399675781
"99","area_rank","sm_type","雪纺裙","(800,3e+03]",0.102787016727568
"100","area_rank","sm_type","雪纺裙","[0,200]",0.0347602359665094
"101","area_rank","sm_type","梭织/化纤裙","(200,400]",0.0278044537567858
"102","area_rank","sm_type","梭织/化纤裙","(400,600]",0.0466385987087083
"103","area_rank","sm_type","梭织/化纤裙","(600,800]",0.0590954269405977
"104","area_rank","sm_type","梭织/化纤裙","(800,3e+03]",0.0685019970524057
"105","area_rank","sm_type","梭织/化纤裙","[0,200]",0.0262125625750026
"106","area_rank","sm_type","牛仔裙","(200,400]",0.0469927796262453
"107","area_rank","sm_type","牛仔裙","(400,600]",0.0581820118272521
"108","area_rank","sm_type","牛仔裙","(600,800]",0.117735107329243
"109","area_rank","sm_type","牛仔裙","(800,3e+03]",0.141568479678852
"110","area_rank","sm_type","牛仔裙","[0,200]",0.0332827584623797
"111","area_rank","sm_type","蕾丝/镂空裙","(200,400]",0.0650828142913373
"112","area_rank","sm_type","蕾丝/镂空裙","(400,600]",0.0907555048828096
"113","area_rank","sm_type","蕾丝/镂空裙","(600,800]",0.119333135681016
"114","area_rank","sm_type","蕾丝/镂空裙","(800,3e+03]",0.11462600827996
"115","area_rank","sm_type","蕾丝/镂空裙","[0,200]",0.0579641461040451
"116","area_rank","sm_type","衬衫/棉质裙","(200,400]",0.0541585291882684
"117","area_rank","sm_type","衬衫/棉质裙","(400,600]",0.0626178591275377
"118","area_rank","sm_type","衬衫/棉质裙","(600,800]",0.0869571442457833
"119","area_rank","sm_type","衬衫/棉质裙","(800,3e+03]",0.0846786768593545
"120","area_rank","sm_type","衬衫/棉质裙","[0,200]",0.0430714055539725
"121","area_rank","sm_type","毛织裙","(200,400]",0.0833333333333333
"122","area_rank","sm_type","毛织裙","(400,600]",0.166666666666667
"123","area_rank","sm_type","毛织裙","(600,800]",0.166666666666667
"124","area_rank","sm_type","毛织裙","(800,3e+03]",0.166666666666667
"125","area_rank","sm_type","毛织裙","[0,200]",0.0666666666666667
"126","moshi_rank","sm_type","针织裙","NULL",0.0380168144035501
"127","moshi_rank","sm_type","针织裙","SPM",0.0418265632298781
"128","moshi_rank","sm_type","针织裙","商超",0.0364676680521909
"129","moshi_rank","sm_type","针织裙","地铺",0.0378642467420745
"130","moshi_rank","sm_type","针织裙","特卖",0.0466496812987795
"131","moshi_rank","sm_type","雪纺裙","NULL",0.104464982323893
"132","moshi_rank","sm_type","雪纺裙","SPM",0.0928771400477093
"133","moshi_rank","sm_type","雪纺裙","商超",0.0659285996592667
"134","moshi_rank","sm_type","雪纺裙","地铺",0.0494712398996761
"135","moshi_rank","sm_type","雪纺裙","特卖",0.147954603712787
"136","moshi_rank","sm_type","梭织/化纤裙","NULL",0.032076302980896
"137","moshi_rank","sm_type","梭织/化纤裙","SPM",0.0528061858388912
"138","moshi_rank","sm_type","梭织/化纤裙","商超",0.0209016348439685
"139","moshi_rank","sm_type","梭织/化纤裙","地铺",0.0315050218151598
"140","moshi_rank","sm_type","梭织/化纤裙","特卖",0.0537997232152178
"141","moshi_rank","sm_type","牛仔裙","NULL",0.053353638227892
"142","moshi_rank","sm_type","牛仔裙","SPM",0.103564741279998
"143","moshi_rank","sm_type","牛仔裙","商超",0.0562815960108342
"144","moshi_rank","sm_type","牛仔裙","地铺",0.0412816813988338
"145","moshi_rank","sm_type","牛仔裙","特卖",0.106217705244521
"146","moshi_rank","sm_type","蕾丝/镂空裙","NULL",0.0743093998182357
"147","moshi_rank","sm_type","蕾丝/镂空裙","SPM",0.0860295011038441
"148","moshi_rank","sm_type","蕾丝/镂空裙","商超",0.0934149454786779
"149","moshi_rank","sm_type","蕾丝/镂空裙","地铺",0.0597215203262185
"150","moshi_rank","sm_type","蕾丝/镂空裙","特卖",0.0836601796561792
"151","moshi_rank","sm_type","衬衫/棉质裙","NULL",0.050732909505058
"152","moshi_rank","sm_type","衬衫/棉质裙","SPM",0.0663015360369598
"153","moshi_rank","sm_type","衬衫/棉质裙","商超",0.0510705684461839
"154","moshi_rank","sm_type","衬衫/棉质裙","地铺",0.0579968427152983
"155","moshi_rank","sm_type","衬衫/棉质裙","特卖",0.068127795257316
"156","moshi_rank","sm_type","毛织裙","NULL",0.166666666666667
"157","moshi_rank","sm_type","毛织裙","SPM",0.166666666666667
"158","moshi_rank","sm_type","毛织裙","商超",0.111111111111111
"159","moshi_rank","sm_type","毛织裙","地铺",0.0833333333333333
"160","nzb","xiuchang","短袖","中",0.0453808298203977
"161","nzb","xiuchang","短袖","北",0.03546315606817
"162","nzb","xiuchang","短袖","南",0.0505465112229673
"163","nzb","xiuchang","无袖","中",0.0253881023560908
"164","nzb","xiuchang","无袖","北",0.0312297623406208
"165","nzb","xiuchang","无袖","南",0.0511817068047362
"166","nzb","xiuchang","露肩袖","中",0.0708039903156263
"167","nzb","xiuchang","露肩袖","北",0.0790819836423425
"168","nzb","xiuchang","露肩袖","南",0.0784764622826618
"169","nzb","xiuchang","背带","中",0.0829454006104276
"170","nzb","xiuchang","背带","北",0.0666666666666667
"171","nzb","xiuchang","背带","南",0.111111111111111
"172","nzb","xiuchang","中袖","中",0.0544495137011047
"173","nzb","xiuchang","中袖","北",0.0487005414616791
"174","nzb","xiuchang","中袖","南",0.0588965169432921
"175","nzb","xiuchang","长袖","中",0.112351716412081
"176","nzb","xiuchang","长袖","北",0.0965190100345468
"177","nzb","xiuchang","长袖","南",0.102459951460923
"178","nzb","xiuchang","吊带","中",0.123483837733013
"179","nzb","xiuchang","吊带","北",0.121429528760344
"180","nzb","xiuchang","吊带","南",0.14873470361859
"181","provi_rank","xiuchang","短袖","县级",0.0370163708758036
"182","provi_rank","xiuchang","短袖","地级",0.0438966259608132
"183","provi_rank","xiuchang","短袖","直辖",0.0434186979919443
"184","provi_rank","xiuchang","短袖","省级",0.0540621285883214
"185","provi_rank","xiuchang","短袖","镇级",0.0354919588895937
"186","provi_rank","xiuchang","无袖","县级",0.0315138144809783
"187","provi_rank","xiuchang","无袖","地级",0.0400244291980398
"188","provi_rank","xiuchang","无袖","直辖",0.0426020877298567
"189","provi_rank","xiuchang","无袖","省级",0.043777399992589
"190","provi_rank","xiuchang","无袖","镇级",0.0363621748504363
"191","provi_rank","xiuchang","露肩袖","县级",0.0752258271549169
"192","provi_rank","xiuchang","露肩袖","地级",0.0836188643206255
"193","provi_rank","xiuchang","露肩袖","直辖",0.108995042456571
"194","provi_rank","xiuchang","露肩袖","省级",0.094448692774741
"195","provi_rank","xiuchang","露肩袖","镇级",0.0744817683718324
"196","provi_rank","xiuchang","背带","县级",0.095169602076675
"197","provi_rank","xiuchang","背带","地级",0.0740740740740741
"198","provi_rank","xiuchang","背带","直辖",0.124092191161445
"199","provi_rank","xiuchang","背带","省级",0.166666666666667
"200","provi_rank","xiuchang","背带","镇级",0.111111111111111
"201","provi_rank","xiuchang","中袖","县级",0.0526577414014569
"202","provi_rank","xiuchang","中袖","地级",0.0550902928860003
"203","provi_rank","xiuchang","中袖","直辖",0.0460555986713457
"204","provi_rank","xiuchang","中袖","省级",0.0571826262620055
"205","provi_rank","xiuchang","中袖","镇级",0.0529524945305051
"206","provi_rank","xiuchang","长袖","县级",0.0990260308827412
"207","provi_rank","xiuchang","长袖","地级",0.125172499793164
"208","provi_rank","xiuchang","长袖","直辖",0.104566057296673
"209","provi_rank","xiuchang","长袖","省级",0.13814742087804
"210","provi_rank","xiuchang","长袖","镇级",0.126488789281908
"211","provi_rank","xiuchang","吊带","县级",0.111252243017833
"212","provi_rank","xiuchang","吊带","地级",0.101834535655349
"213","provi_rank","xiuchang","吊带","直辖",0.164125654802914
"214","provi_rank","xiuchang","吊带","省级",0.389870865151673
"215","provi_rank","xiuchang","吊带","镇级",0.215870390852279
"216","city_rank","xiuchang","短袖","一线",0.0476212163347085
"217","city_rank","xiuchang","短袖","三线",0.0361555219891158
"218","city_rank","xiuchang","短袖","二线",0.0418280659976035
"219","city_rank","xiuchang","短袖","四线",0.0372518896823673
"220","city_rank","xiuchang","短袖","特一线",0.0543079175393781
"221","city_rank","xiuchang","无袖","一线",0.038720801024761
"222","city_rank","xiuchang","无袖","三线",0.0322218903708827
"223","city_rank","xiuchang","无袖","二线",0.0364188968709534
"224","city_rank","xiuchang","无袖","四线",0.0352208791509837
"225","city_rank","xiuchang","无袖","特一线",0.0348694777757888
"226","city_rank","xiuchang","露肩袖","一线",0.093065758409056
"227","city_rank","xiuchang","露肩袖","三线",0.0773982854511539
"228","city_rank","xiuchang","露肩袖","二线",0.0874562523006494
"229","city_rank","xiuchang","露肩袖","四线",0.0732137694046767
"230","city_rank","xiuchang","露肩袖","特一线",0.102717275430935
"231","city_rank","xiuchang","背带","一线",0.106394111299217
"232","city_rank","xiuchang","背带","三线",0.100344678321769
"233","city_rank","xiuchang","背带","二线",0.0952380952380952
"234","city_rank","xiuchang","背带","四线",0.0833333333333333
"235","city_rank","xiuchang","背带","特一线",0.221524112561765
"236","city_rank","xiuchang","中袖","一线",0.0548326495060396
"237","city_rank","xiuchang","中袖","三线",0.0513193064444793
"238","city_rank","xiuchang","中袖","二线",0.0529135431124884
"239","city_rank","xiuchang","中袖","四线",0.0497594042522137
"240","city_rank","xiuchang","中袖","特一线",0.0695649659900441
"241","city_rank","xiuchang","长袖","一线",0.0981218879582099
"242","city_rank","xiuchang","长袖","三线",0.0913414159038186
"243","city_rank","xiuchang","长袖","二线",0.111966938262965
"244","city_rank","xiuchang","长袖","四线",0.0977096986016657
"245","city_rank","xiuchang","长袖","特一线",0.178900503875897
"246","city_rank","xiuchang","吊带","一线",0.268046725355761
"247","city_rank","xiuchang","吊带","三线",0.113889221588608
"248","city_rank","xiuchang","吊带","二线",0.11777136124984
"249","city_rank","xiuchang","吊带","四线",0.170869213738596
"250","city_rank","xiuchang","吊带","特一线",0.230356802465938
"251","area_rank","xiuchang","短袖","(200,400]",0.0395231840155947
"252","area_rank","xiuchang","短袖","(400,600]",0.0479903382283204
"253","area_rank","xiuchang","短袖","(600,800]",0.0547076834481666
"254","area_rank","xiuchang","短袖","(800,3e+03]",0.0720954213069478
"255","area_rank","xiuchang","短袖","[0,200]",0.0313303380554881
"256","area_rank","xiuchang","无袖","(200,400]",0.036609956188852
"257","area_rank","xiuchang","无袖","(400,600]",0.0484201759124531
"258","area_rank","xiuchang","无袖","(600,800]",0.0651496725856105
"259","area_rank","xiuchang","无袖","(800,3e+03]",0.0795849508262787
"260","area_rank","xiuchang","无袖","[0,200]",0.024816742473899
"261","area_rank","xiuchang","露肩袖","(200,400]",0.0775102042870123
"262","area_rank","xiuchang","露肩袖","(400,600]",0.0949023193712811
"263","area_rank","xiuchang","露肩袖","(600,800]",0.145022281602567
"264","area_rank","xiuchang","露肩袖","(800,3e+03]",0.155501466517921
"265","area_rank","xiuchang","露肩袖","[0,200]",0.0675817731484513
"266","area_rank","xiuchang","背带","(200,400]",0.0952380952380952
"267","area_rank","xiuchang","背带","(400,600]",0.106108056221604
"268","area_rank","xiuchang","背带","(600,800]",0.222222222222222
"269","area_rank","xiuchang","背带","(800,3e+03]",0.222222222222222
"270","area_rank","xiuchang","背带","[0,200]",0.094427692848651
"271","area_rank","xiuchang","中袖","(200,400]",0.0517522876984989
"272","area_rank","xiuchang","中袖","(400,600]",0.0638673035773567
"273","area_rank","xiuchang","中袖","(600,800]",0.0757937378849324
"274","area_rank","xiuchang","中袖","(800,3e+03]",0.0985897810536597
"275","area_rank","xiuchang","中袖","[0,200]",0.0464584020173339
"276","area_rank","xiuchang","长袖","(200,400]",0.111717668936843
"277","area_rank","xiuchang","长袖","(400,600]",0.120488025307908
"278","area_rank","xiuchang","长袖","(600,800]",0.252762211948258
"279","area_rank","xiuchang","长袖","(800,3e+03]",0.248874059188755
"280","area_rank","xiuchang","长袖","[0,200]",0.0887445436759588
"281","area_rank","xiuchang","吊带","(200,400]",0.131590855324076
"282","area_rank","xiuchang","吊带","(400,600]",0.135902181478172
"283","area_rank","xiuchang","吊带","(600,800]",0.22496447334069
"284","area_rank","xiuchang","吊带","(800,3e+03]",0.389004041032687
"285","area_rank","xiuchang","吊带","[0,200]",0.112478110885175
"286","moshi_rank","xiuchang","短袖","NULL",0.0337468879185586
"287","moshi_rank","xiuchang","短袖","SPM",0.0456104284323044
"288","moshi_rank","xiuchang","短袖","商超",0.0437525561546825
"289","moshi_rank","xiuchang","短袖","地铺",0.0412237073119547
"290","moshi_rank","xiuchang","短袖","特卖",0.0561622862957348
"291","moshi_rank","xiuchang","无袖","NULL",0.0400893855950043
"292","moshi_rank","xiuchang","无袖","SPM",0.0417386248449141
"293","moshi_rank","xiuchang","无袖","商超",0.0440680698974849
"294","moshi_rank","xiuchang","无袖","地铺",0.0304701737913752
"295","moshi_rank","xiuchang","无袖","特卖",0.0917468700967981
"296","moshi_rank","xiuchang","露肩袖","NULL",0.0730867036351826
"297","moshi_rank","xiuchang","露肩袖","SPM",0.10271506989289
"298","moshi_rank","xiuchang","露肩袖","商超",0.0798701555456276
"299","moshi_rank","xiuchang","露肩袖","地铺",0.075211569938481
"300","moshi_rank","xiuchang","露肩袖","特卖",0.0959390623810331
"301","moshi_rank","xiuchang","背带","NULL",0.0740740740740741
"302","moshi_rank","xiuchang","背带","SPM",0.295396953164595
"303","moshi_rank","xiuchang","背带","商超",0.0952380952380952
"304","moshi_rank","xiuchang","背带","地铺",0.0816322031684462
"305","moshi_rank","xiuchang","背带","特卖",0.333333333333333
"306","moshi_rank","xiuchang","中袖","NULL",0.046059472679541
"307","moshi_rank","xiuchang","中袖","SPM",0.055387427482073
"308","moshi_rank","xiuchang","中袖","商超",0.0454463979345143
"309","moshi_rank","xiuchang","中袖","地铺",0.0552688881825416
"310","moshi_rank","xiuchang","中袖","特卖",0.0543571775564954
"311","moshi_rank","xiuchang","长袖","NULL",0.145850073896972
"312","moshi_rank","xiuchang","长袖","SPM",0.120169286649163
"313","moshi_rank","xiuchang","长袖","商超",0.203108440503349
"314","moshi_rank","xiuchang","长袖","地铺",0.0946534629949417
"315","moshi_rank","xiuchang","长袖","特卖",0.204938786222654
"316","moshi_rank","xiuchang","吊带","NULL",0.144203659888555
"317","moshi_rank","xiuchang","吊带","SPM",0.149752003969583
"318","moshi_rank","xiuchang","吊带","商超",0.285849408887102
"319","moshi_rank","xiuchang","吊带","地铺",0.11469400576637
"320","moshi_rank","xiuchang","吊带","特卖",0.387485051733999
"321","nzb","mianliao","1针织","中",0.0552207598695027
"322","nzb","mianliao","1针织","北",0.058488542564076
"323","nzb","mianliao","1针织","南",0.0657811061278604
"324","nzb","mianliao","1雪纺","中",0.0556534957301367
"325","nzb","mianliao","1雪纺","北",0.0401193110211966
"326","nzb","mianliao","1雪纺","南",0.0231543004729979
"327","nzb","mianliao","1化纤","中",0.0715207048668795
"328","nzb","mianliao","1化纤","北",0.0642816732705828
"329","nzb","mianliao","1化纤","南",0.0793910898929175
"330","nzb","mianliao","1印花","中",0.0705691807163116
"331","nzb","mianliao","1印花","北",0.068408737793825
"332","nzb","mianliao","1印花","南",0.0850659857614988
"333","nzb","mianliao","1牛仔","中",0.0550729040200452
"334","nzb","mianliao","1牛仔","北",0.0359377056078295
"335","nzb","mianliao","1牛仔","南",0.0602839282353747
"336","nzb","mianliao","1蕾丝","中",0.0467219938263042
"337","nzb","mianliao","1蕾丝","北",0.0439890299591211
"338","nzb","mianliao","1蕾丝","南",0.0708872941809436
"339","nzb","mianliao","1棉质","中",0.0495741590801757
"340","nzb","mianliao","1棉质","北",0.0547216827474424
"341","nzb","mianliao","1棉质","南",0.0509023219960295
"342","nzb","mianliao","1色织","中",0.0333013275090858
"343","nzb","mianliao","1色织","北",0.0438014615108079
"344","nzb","mianliao","1色织","南",0.0598900758392998
"345","nzb","mianliao","1棉麻","中",0.04202619268801
"346","nzb","mianliao","1棉麻","北",0.045345707171714
"347","nzb","mianliao","1棉麻","南",0.0457318691659236
"348","nzb","mianliao","1混纺","中",0.0416666666666667
"349","nzb","mianliao","1混纺","北",0.037037037037037
"350","nzb","mianliao","1混纺","南",0.0416666666666667
"351","nzb","mianliao","1毛织","中",0.111111111111111
"352","nzb","mianliao","1毛织","北",0.0833333333333333
"353","nzb","mianliao","1毛织","南",0.0833333333333333
"354","provi_rank","mianliao","1针织","县级",0.0523406018998914
"355","provi_rank","mianliao","1针织","地级",0.0611903178126676
"356","provi_rank","mianliao","1针织","直辖",0.0598420259481319
"357","provi_rank","mianliao","1针织","省级",0.074723491866217
"358","provi_rank","mianliao","1针织","镇级",0.0500376312067107
"359","provi_rank","mianliao","1雪纺","县级",0.0232810217911155
"360","provi_rank","mianliao","1雪纺","地级",0.0556438902180416
"361","provi_rank","mianliao","1雪纺","直辖",0.10034367374838
"362","provi_rank","mianliao","1雪纺","省级",0.0923502004844273
"363","provi_rank","mianliao","1雪纺","镇级",0.0583938844692125
"364","provi_rank","mianliao","1化纤","县级",0.0597301477146367
"365","provi_rank","mianliao","1化纤","地级",0.0835355641798239
"366","provi_rank","mianliao","1化纤","直辖",0.10740709067231
"367","provi_rank","mianliao","1化纤","省级",0.0855542690813608
"368","provi_rank","mianliao","1化纤","镇级",0.0804485639875429
"369","provi_rank","mianliao","1印花","县级",0.0658713770554141
"370","provi_rank","mianliao","1印花","地级",0.0876630159755134
"371","provi_rank","mianliao","1印花","直辖",0.11072349489695
"372","provi_rank","mianliao","1印花","省级",0.0924217004985282
"373","provi_rank","mianliao","1印花","镇级",0.0827273833689182
"374","provi_rank","mianliao","1牛仔","县级",0.0376179885036148
"375","provi_rank","mianliao","1牛仔","地级",0.0518901582069574
"376","provi_rank","mianliao","1牛仔","直辖",0.110433485733172
"377","provi_rank","mianliao","1牛仔","省级",0.0665133311120227
"378","provi_rank","mianliao","1牛仔","镇级",0.0380489475746486
"379","provi_rank","mianliao","1蕾丝","县级",0.0387953203369623
"380","provi_rank","mianliao","1蕾丝","地级",0.054750911529863
"381","provi_rank","mianliao","1蕾丝","直辖",0.0819108315928596
"382","provi_rank","mianliao","1蕾丝","省级",0.0474671540306073
"383","provi_rank","mianliao","1蕾丝","镇级",0.0575901042997787
"384","provi_rank","mianliao","1棉质","县级",0.0471010233156154
"385","provi_rank","mianliao","1棉质","地级",0.0564704356395719
"386","provi_rank","mianliao","1棉质","直辖",0.0666138560902132
"387","provi_rank","mianliao","1棉质","省级",0.0542590450935749
"388","provi_rank","mianliao","1棉质","镇级",0.0574649398915179
"389","provi_rank","mianliao","1色织","县级",0.0345774168758323
"390","provi_rank","mianliao","1色织","地级",0.0593940509607914
"391","provi_rank","mianliao","1色织","直辖",0.0733646189200443
"392","provi_rank","mianliao","1色织","省级",0.0868306171953448
"393","provi_rank","mianliao","1色织","镇级",0.0420810170713136
"394","provi_rank","mianliao","1棉麻","县级",0.0435205810380029
"395","provi_rank","mianliao","1棉麻","地级",0.0492181595913283
"396","provi_rank","mianliao","1棉麻","直辖",0.043734374431068
"397","provi_rank","mianliao","1棉麻","省级",0.0466541764403743
"398","provi_rank","mianliao","1棉麻","镇级",0.0463884934372826
"399","provi_rank","mianliao","1混纺","县级",0.0333333333333333
"400","provi_rank","mianliao","1混纺","地级",0.0476190476190476
"401","provi_rank","mianliao","1混纺","直辖",0.0555555555555556
"402","provi_rank","mianliao","1混纺","省级",0.0476190476190476
"403","provi_rank","mianliao","1混纺","镇级",0.0555555555555556
"404","provi_rank","mianliao","1毛织","县级",0.0666666666666667
"405","provi_rank","mianliao","1毛织","地级",0.111111111111111
"406","provi_rank","mianliao","1毛织","省级",0.166666666666667
"407","provi_rank","mianliao","1毛织","镇级",0.0833333333333333
"408","city_rank","mianliao","1针织","一线",0.063719106530195
"409","city_rank","mianliao","1针织","三线",0.0533948045485
"410","city_rank","mianliao","1针织","二线",0.0586971541544767
"411","city_rank","mianliao","1针织","四线",0.0463131427021006
"412","city_rank","mianliao","1针织","特一线",0.0826035361191004
"413","city_rank","mianliao","1雪纺","一线",0.0828859992677606
"414","city_rank","mianliao","1雪纺","三线",0.0257691852830127
"415","city_rank","mianliao","1雪纺","二线",0.0395114561950726
"416","city_rank","mianliao","1雪纺","四线",0.0624431081424026
"417","city_rank","mianliao","1雪纺","特一线",0.0911173690707078
"418","city_rank","mianliao","1化纤","一线",0.0775055601950315
"419","city_rank","mianliao","1化纤","三线",0.0599242700150929
"420","city_rank","mianliao","1化纤","二线",0.0703392434486456
"421","city_rank","mianliao","1化纤","四线",0.07335369709341
"422","city_rank","mianliao","1化纤","特一线",0.135398533554924
"423","city_rank","mianliao","1印花","一线",0.0796465997916409
"424","city_rank","mianliao","1印花","三线",0.0652514321335456
"425","city_rank","mianliao","1印花","二线",0.0901231187709155
"426","city_rank","mianliao","1印花","四线",0.0780935816455372
"427","city_rank","mianliao","1印花","特一线",0.132607735638522
"428","city_rank","mianliao","1牛仔","一线",0.0709944370081029
"429","city_rank","mianliao","1牛仔","三线",0.0354191675292963
"430","city_rank","mianliao","1牛仔","二线",0.0492473258659955
"431","city_rank","mianliao","1牛仔","四线",0.0370885801403834
"432","city_rank","mianliao","1牛仔","特一线",0.111621294989088
"433","city_rank","mianliao","1蕾丝","一线",0.0490006268294216
"434","city_rank","mianliao","1蕾丝","三线",0.0402954341134886
"435","city_rank","mianliao","1蕾丝","二线",0.0498841748468806
"436","city_rank","mianliao","1蕾丝","四线",0.0446049446291316
"437","city_rank","mianliao","1蕾丝","特一线",0.146041294354445
"438","city_rank","mianliao","1棉质","一线",0.0531780875011588
"439","city_rank","mianliao","1棉质","三线",0.0494189870606178
"440","city_rank","mianliao","1棉质","二线",0.05301685355259
"441","city_rank","mianliao","1棉质","四线",0.0537832106088968
"442","city_rank","mianliao","1棉质","特一线",0.0746054631584587
"443","city_rank","mianliao","1色织","一线",0.0572174445098676
"444","city_rank","mianliao","1色织","三线",0.0333300930247174
"445","city_rank","mianliao","1色织","二线",0.0427684988168831
"446","city_rank","mianliao","1色织","四线",0.0439002723180498
"447","city_rank","mianliao","1色织","特一线",0.0842827160350501
"448","city_rank","mianliao","1棉麻","一线",0.0431498268465371
"449","city_rank","mianliao","1棉麻","三线",0.0441887687507606
"450","city_rank","mianliao","1棉麻","二线",0.0482284814052923
"451","city_rank","mianliao","1棉麻","四线",0.0444474221814038
"452","city_rank","mianliao","1棉麻","特一线",0.0628457653668298
"453","city_rank","mianliao","1混纺","一线",0.037037037037037
"454","city_rank","mianliao","1混纺","三线",0.0333333333333333
"455","city_rank","mianliao","1混纺","二线",0.0555555555555556
"456","city_rank","mianliao","1混纺","四线",0.0555555555555556
"457","city_rank","mianliao","1混纺","特一线",0.0555555555555556
"458","city_rank","mianliao","1毛织","一线",0.111111111111111
"459","city_rank","mianliao","1毛织","三线",0.0833333333333333
"460","city_rank","mianliao","1毛织","二线",0.166666666666667
"461","city_rank","mianliao","1毛织","四线",0.111111111111111
"462","city_rank","mianliao","1毛织","特一线",0.333333333333333
"463","area_rank","mianliao","1针织","(200,400]",0.0554238200973012
"464","area_rank","mianliao","1针织","(400,600]",0.0661182662346872
"465","area_rank","mianliao","1针织","(600,800]",0.0882015373662012
"466","area_rank","mianliao","1针织","(800,3e+03]",0.102929085919683
"467","area_rank","mianliao","1针织","[0,200]",0.0463370758178058
"468","area_rank","mianliao","1雪纺","(200,400]",0.0539856114917913
"469","area_rank","mianliao","1雪纺","(400,600]",0.0585404341268741
"470","area_rank","mianliao","1雪纺","(600,800]",0.0908533506225621
"471","area_rank","mianliao","1雪纺","(800,3e+03]",0.108702530757292
"472","area_rank","mianliao","1雪纺","[0,200]",0.0340136188502963
"473","area_rank","mianliao","1化纤","(200,400]",0.0715665816892742
"474","area_rank","mianliao","1化纤","(400,600]",0.0820595304858394
"475","area_rank","mianliao","1化纤","(600,800]",0.141614161537855
"476","area_rank","mianliao","1化纤","(800,3e+03]",0.130135871788768
"477","area_rank","mianliao","1化纤","[0,200]",0.0668358737569069
"478","area_rank","mianliao","1印花","(200,400]",0.0819711258706396
"479","area_rank","mianliao","1印花","(400,600]",0.109081303551077
"480","area_rank","mianliao","1印花","(600,800]",0.1956287322702
"481","area_rank","mianliao","1印花","(800,3e+03]",0.202022709295136
"482","area_rank","mianliao","1印花","[0,200]",0.0498148336922612
"483","area_rank","mianliao","1牛仔","(200,400]",0.0469927796262453
"484","area_rank","mianliao","1牛仔","(400,600]",0.0581820118272521
"485","area_rank","mianliao","1牛仔","(600,800]",0.117735107329243
"486","area_rank","mianliao","1牛仔","(800,3e+03]",0.141568479678852
"487","area_rank","mianliao","1牛仔","[0,200]",0.0332827584623797
"488","area_rank","mianliao","1蕾丝","(200,400]",0.0477142746404029
"489","area_rank","mianliao","1蕾丝","(400,600]",0.066168046374098
"490","area_rank","mianliao","1蕾丝","(600,800]",0.0819302012014826
"491","area_rank","mianliao","1蕾丝","(800,3e+03]",0.0832490334110016
"492","area_rank","mianliao","1蕾丝","[0,200]",0.040954735285248
"493","area_rank","mianliao","1棉质","(200,400]",0.0513835311270515
"494","area_rank","mianliao","1棉质","(400,600]",0.0690012850506067
"495","area_rank","mianliao","1棉质","(600,800]",0.104067843500245
"496","area_rank","mianliao","1棉质","(800,3e+03]",0.087938438260199
"497","area_rank","mianliao","1棉质","[0,200]",0.0407241860594134
"498","area_rank","mianliao","1色织","(200,400]",0.042094382760268
"499","area_rank","mianliao","1色织","(400,600]",0.0776833549471801
"500","area_rank","mianliao","1色织","(600,800]",0.103920895801384
"501","area_rank","mianliao","1色织","(800,3e+03]",0.110456724214184
"502","area_rank","mianliao","1色织","[0,200]",0.0381452811797916
"503","area_rank","mianliao","1棉麻","(200,400]",0.0452935752152388
"504","area_rank","mianliao","1棉麻","(400,600]",0.0529189397618248
"505","area_rank","mianliao","1棉麻","(600,800]",0.0608474583198088
"506","area_rank","mianliao","1棉麻","(800,3e+03]",0.0643604081471281
"507","area_rank","mianliao","1棉麻","[0,200]",0.0411730527079992
"508","area_rank","mianliao","1混纺","(200,400]",0.0555555555555555
"509","area_rank","mianliao","1混纺","(400,600]",0.0666666666666667
"510","area_rank","mianliao","1混纺","(600,800]",0.0833333333333333
"511","area_rank","mianliao","1混纺","(800,3e+03]",0.0833333333333333
"512","area_rank","mianliao","1混纺","[0,200]",0.0277777777777778
"513","area_rank","mianliao","1毛织","(200,400]",0.0833333333333333
"514","area_rank","mianliao","1毛织","(400,600]",0.166666666666667
"515","area_rank","mianliao","1毛织","(600,800]",0.166666666666667
"516","area_rank","mianliao","1毛织","(800,3e+03]",0.166666666666667
"517","area_rank","mianliao","1毛织","[0,200]",0.0666666666666667
"518","moshi_rank","mianliao","1针织","NULL",0.0535212801950163
"519","moshi_rank","mianliao","1针织","SPM",0.0617864837087509
"520","moshi_rank","mianliao","1针织","商超",0.0504498960323079
"521","moshi_rank","mianliao","1针织","地铺",0.0565234461747334
"522","moshi_rank","mianliao","1针织","特卖",0.0565655458403497
"523","moshi_rank","mianliao","1雪纺","NULL",0.0769844282561559
"524","moshi_rank","mianliao","1雪纺","SPM",0.0833555578117265
"525","moshi_rank","mianliao","1雪纺","商超",0.0757539836797488
"526","moshi_rank","mianliao","1雪纺","地铺",0.0469185642049905
"527","moshi_rank","mianliao","1雪纺","特卖",0.137711950183386
"528","moshi_rank","mianliao","1化纤","NULL",0.0763784514882459
"529","moshi_rank","mianliao","1化纤","SPM",0.111895037816251
"530","moshi_rank","mianliao","1化纤","商超",0.0643733464545624
"531","moshi_rank","mianliao","1化纤","地铺",0.0742341745200874
"532","moshi_rank","mianliao","1化纤","特卖",0.110293170967859
"533","moshi_rank","mianliao","1印花","NULL",0.0586525338797899
"534","moshi_rank","mianliao","1印花","SPM",0.117712848195522
"535","moshi_rank","mianliao","1印花","商超",0.0857949972020709
"536","moshi_rank","mianliao","1印花","地铺",0.0700438796749389
"537","moshi_rank","mianliao","1印花","特卖",0.0872287396360497
"538","moshi_rank","mianliao","1牛仔","NULL",0.053353638227892
"539","moshi_rank","mianliao","1牛仔","SPM",0.103564741279998
"540","moshi_rank","mianliao","1牛仔","商超",0.0562815960108342
"541","moshi_rank","mianliao","1牛仔","地铺",0.0412816813988338
"542","moshi_rank","mianliao","1牛仔","特卖",0.106217705244521
"543","moshi_rank","mianliao","1蕾丝","NULL",0.0506751921084478
"544","moshi_rank","mianliao","1蕾丝","SPM",0.0564427167074774
"545","moshi_rank","mianliao","1蕾丝","商超",0.0750166713424845
"546","moshi_rank","mianliao","1蕾丝","地铺",0.0426755238343983
"547","moshi_rank","mianliao","1蕾丝","特卖",0.082932347703438
"548","moshi_rank","mianliao","1棉质","NULL",0.0451861993431507
"549","moshi_rank","mianliao","1棉质","SPM",0.0626808891857104
"550","moshi_rank","mianliao","1棉质","商超",0.0461665823317974
"551","moshi_rank","mianliao","1棉质","地铺",0.0545120822724641
"552","moshi_rank","mianliao","1棉质","特卖",0.0648480342274777
"553","moshi_rank","mianliao","1色织","NULL",0.0386269254677601
"554","moshi_rank","mianliao","1色织","SPM",0.0654668137160725
"555","moshi_rank","mianliao","1色织","商超",0.0612737906153066
"556","moshi_rank","mianliao","1色织","地铺",0.037880178960773
"557","moshi_rank","mianliao","1色织","特卖",0.10531143895457
"558","moshi_rank","mianliao","1棉麻","NULL",0.0436068998805784
"559","moshi_rank","mianliao","1棉麻","SPM",0.0446725472495939
"560","moshi_rank","mianliao","1棉麻","商超",0.0408951208375725
"561","moshi_rank","mianliao","1棉麻","地铺",0.0454268483122754
"562","moshi_rank","mianliao","1棉麻","特卖",0.0445359776838019
"563","moshi_rank","mianliao","1混纺","NULL",0.0416666666666667
"564","moshi_rank","mianliao","1混纺","SPM",0.0476190476190476
"565","moshi_rank","mianliao","1混纺","商超",0.0555555555555556
"566","moshi_rank","mianliao","1混纺","地铺",0.0416666666666667
"567","moshi_rank","mianliao","1混纺","特卖",0.0416666666666667
"568","moshi_rank","mianliao","1毛织","NULL",0.166666666666667
"569","moshi_rank","mianliao","1毛织","SPM",0.166666666666667
"570","moshi_rank","mianliao","1毛织","商超",0.111111111111111
"571","moshi_rank","mianliao","1毛织","地铺",0.0833333333333333
"572","nzb","fengge","校园","中",0.0466138916165087
"573","nzb","fengge","校园","北",0.054210990316723
"574","nzb","fengge","校园","南",0.0577427433903197
"575","nzb","fengge","都市","中",0.0278889968627924
"576","nzb","fengge","都市","北",0.0463283813719608
"577","nzb","fengge","都市","南",0.0446029148917911
"578","nzb","fengge","运动","中",0.0377754710132056
"579","nzb","fengge","运动","北",0.0299655211093589
"580","nzb","fengge","运动","南",0.0430615353702936
"581","nzb","fengge","潮牌","中",0.0702631952839092
"582","nzb","fengge","潮牌","北",0.0540630456298504
"583","nzb","fengge","潮牌","南",0.0393131995241139
"584","provi_rank","fengge","校园","县级",0.0480402988491298
"585","provi_rank","fengge","校园","地级",0.0590358974508287
"586","provi_rank","fengge","校园","直辖",0.0478961154720386
"587","provi_rank","fengge","校园","省级",0.0666054273403655
"588","provi_rank","fengge","校园","镇级",0.0398831445715188
"589","provi_rank","fengge","都市","县级",0.0347057638337635
"590","provi_rank","fengge","都市","地级",0.0509305458956747
"591","provi_rank","fengge","都市","直辖",0.0380290193832117
"592","provi_rank","fengge","都市","省级",0.0485147389684421
"593","provi_rank","fengge","都市","镇级",0.0287441166725073
"594","provi_rank","fengge","运动","县级",0.0331613022739143
"595","provi_rank","fengge","运动","地级",0.0253777737056888
"596","provi_rank","fengge","运动","直辖",0.0843579477370607
"597","provi_rank","fengge","运动","省级",0.0287395374356556
"598","provi_rank","fengge","运动","镇级",0.0367551624556436
"599","provi_rank","fengge","潮牌","县级",0.0493247420076814
"600","provi_rank","fengge","潮牌","地级",0.0549531186525258
"601","provi_rank","fengge","潮牌","直辖",0.134918033784495
"602","provi_rank","fengge","潮牌","省级",0.0859793213225554
"603","provi_rank","fengge","潮牌","镇级",0.109162840630065
"604","city_rank","fengge","校园","一线",0.0586849644213278
"605","city_rank","fengge","校园","三线",0.0484771294672481
"606","city_rank","fengge","校园","二线",0.0537273996569439
"607","city_rank","fengge","校园","四线",0.039444911864385
"608","city_rank","fengge","校园","特一线",0.0720916937651826
"609","city_rank","fengge","都市","一线",0.0392685562411036
"610","city_rank","fengge","都市","三线",0.036429999455742
"611","city_rank","fengge","都市","二线",0.0451357762108551
"612","city_rank","fengge","都市","四线",0.0248090637857228
"613","city_rank","fengge","都市","特一线",0.05598465950355
"614","city_rank","fengge","运动","一线",0.031810930586997
"615","city_rank","fengge","运动","三线",0.0346699091215082
"616","city_rank","fengge","运动","二线",0.02685580413567
"617","city_rank","fengge","运动","四线",0.0419373046932724
"618","city_rank","fengge","运动","特一线",0.0635351789287576
"619","city_rank","fengge","潮牌","一线",0.0890247410285795
"620","city_rank","fengge","潮牌","三线",0.0454373659656639
"621","city_rank","fengge","潮牌","二线",0.0575913718949873
"622","city_rank","fengge","潮牌","四线",0.0694005044559232
"623","city_rank","fengge","潮牌","特一线",0.0666666666666667
"624","area_rank","fengge","校园","(200,400]",0.0482113097663648
"625","area_rank","fengge","校园","(400,600]",0.0643959752042301
"626","area_rank","fengge","校园","(600,800]",0.0607714465967028
"627","area_rank","fengge","校园","(800,3e+03]",0.0763723328094267
"628","area_rank","fengge","校园","[0,200]",0.0421249684140352
"629","area_rank","fengge","都市","(200,400]",0.0326339572491841
"630","area_rank","fengge","都市","(400,600]",0.0542853820852004
"631","area_rank","fengge","都市","(600,800]",0.0519281400716831
"632","area_rank","fengge","都市","(800,3e+03]",0.0590930775156057
"633","area_rank","fengge","都市","[0,200]",0.0290342940303153
"634","area_rank","fengge","运动","(200,400]",0.0293644941784963
"635","area_rank","fengge","运动","(400,600]",0.0485069399921479
"636","area_rank","fengge","运动","(600,800]",0.110875281162103
"637","area_rank","fengge","运动","(800,3e+03]",0.0529319598067134
"638","area_rank","fengge","运动","[0,200]",0.0290381001578716
"639","area_rank","fengge","潮牌","(200,400]",0.0478626051469402
"640","area_rank","fengge","潮牌","(400,600]",0.0847578096074955
"641","area_rank","fengge","潮牌","(600,800]",0.182259247795875
"642","area_rank","fengge","潮牌","(800,3e+03]",0.166720157367002
"643","area_rank","fengge","潮牌","[0,200]",0.0399616988468309
"644","moshi_rank","fengge","校园","NULL",0.0491025544688367
"645","moshi_rank","fengge","校园","SPM",0.0592399454912173
"646","moshi_rank","fengge","校园","商超",0.0520616266278893
"647","moshi_rank","fengge","校园","地铺",0.0498214464905294
"648","moshi_rank","fengge","校园","特卖",0.0638405316161246
"649","moshi_rank","fengge","都市","NULL",0.0314664725373121
"650","moshi_rank","fengge","都市","SPM",0.0420842558106443
"651","moshi_rank","fengge","都市","商超",0.0382225801045686
"652","moshi_rank","fengge","都市","地铺",0.0392596343862337
"653","moshi_rank","fengge","都市","特卖",0.054862691520192
"654","moshi_rank","fengge","运动","NULL",0.0414737459938568
"655","moshi_rank","fengge","运动","SPM",0.0504994716305737
"656","moshi_rank","fengge","运动","商超",0.0388534208076353
"657","moshi_rank","fengge","运动","地铺",0.0280752961625455
"658","moshi_rank","fengge","运动","特卖",0.0856913404856954
"659","moshi_rank","fengge","潮牌","NULL",0.0733079118857118
"660","moshi_rank","fengge","潮牌","SPM",0.0513558557497702
"661","moshi_rank","fengge","潮牌","商超",0.103629234236325
"662","moshi_rank","fengge","潮牌","地铺",0.046329093662525
"663","moshi_rank","fengge","潮牌","特卖",0.139103087933041
"664","nzb","pingmian","字母","中",0.0429984508651649
"665","nzb","pingmian","字母","北",0.0456806693571793
"666","nzb","pingmian","字母","南",0.0540274794529786
"667","nzb","pingmian","拼接","中",0.0334794923928751
"668","nzb","pingmian","拼接","北",0.0415638053432567
"669","nzb","pingmian","拼接","南",0.038394200121005
"670","nzb","pingmian","条纹","中",0.0424330732423651
"671","nzb","pingmian","条纹","北",0.0461535707260052
"672","nzb","pingmian","条纹","南",0.0506109565567507
"673","nzb","pingmian","印花","中",0.0598818553587254
"674","nzb","pingmian","印花","北",0.0626525565480409
"675","nzb","pingmian","印花","南",0.0754240659724017
"676","nzb","pingmian","卡通形象","中",0.0924383348377381
"677","nzb","pingmian","卡通形象","北",0.0692198145106942
"678","nzb","pingmian","卡通形象","南",0.0622455020903964
"679","nzb","pingmian","雪纺","中",0.111111111111111
"680","nzb","pingmian","雪纺","北",0.0555555555555556
"681","nzb","pingmian","雪纺","南",0.111111111111111
"682","nzb","pingmian","满印","中",0.0731735883966992
"683","nzb","pingmian","满印","北",0.0612123084662438
"684","nzb","pingmian","满印","南",0.0768258946633479
"685","nzb","pingmian","净色","中",0.0447484038097446
"686","nzb","pingmian","净色","北",0.0329000747908372
"687","nzb","pingmian","净色","南",0.0446879587075322
"688","nzb","pingmian","蕾丝","中",0.111111111111111
"689","nzb","pingmian","蕾丝","北",0.111111111111111
"690","nzb","pingmian","蕾丝","南",0.111111111111111
"691","nzb","pingmian","格子","中",0.0391621123889758
"692","nzb","pingmian","格子","北",0.0527878535724165
"693","nzb","pingmian","格子","南",0.0469062678046489
"694","nzb","pingmian","刺绣","中",0.0552597346759759
"695","nzb","pingmian","刺绣","北",0.0490835079772804
"696","nzb","pingmian","刺绣","南",0.058226100310385
"697","nzb","pingmian","人像","中",0.0392697194012012
"698","nzb","pingmian","人像","北",0.0345342517029535
"699","nzb","pingmian","人像","南",0.0391969572043452
"700","provi_rank","pingmian","字母","县级",0.0483412669364026
"701","provi_rank","pingmian","字母","地级",0.0470833653275616
"702","provi_rank","pingmian","字母","直辖",0.0659037227140707
"703","provi_rank","pingmian","字母","省级",0.0529511723360694
"704","provi_rank","pingmian","字母","镇级",0.0502725463206861
"705","provi_rank","pingmian","拼接","县级",0.0363779671122603
"706","provi_rank","pingmian","拼接","地级",0.0382938011576448
"707","provi_rank","pingmian","拼接","直辖",0.0456424813721876
"708","provi_rank","pingmian","拼接","省级",0.0459611499819197
"709","provi_rank","pingmian","拼接","镇级",0.0323468270444848
"710","provi_rank","pingmian","条纹","县级",0.0437352131191418
"711","provi_rank","pingmian","条纹","地级",0.0475542639279811
"712","provi_rank","pingmian","条纹","直辖",0.0591661658020517
"713","provi_rank","pingmian","条纹","省级",0.0674095260258319
"714","provi_rank","pingmian","条纹","镇级",0.0352766978483973
"715","provi_rank","pingmian","印花","县级",0.0565995917814354
"716","provi_rank","pingmian","印花","地级",0.0768401183215984
"717","provi_rank","pingmian","印花","直辖",0.157108664034502
"718","provi_rank","pingmian","印花","省级",0.140666839146747
"719","provi_rank","pingmian","印花","镇级",0.0507557745544265
"720","provi_rank","pingmian","卡通形象","县级",0.0576116906953331
"721","provi_rank","pingmian","卡通形象","地级",0.0778321666035679
"722","provi_rank","pingmian","卡通形象","直辖",0.120139542287512
"723","provi_rank","pingmian","卡通形象","省级",0.124238666626836
"724","provi_rank","pingmian","卡通形象","镇级",0.0679833981289099
"725","provi_rank","pingmian","雪纺","县级",0.0555555555555556
"726","provi_rank","pingmian","雪纺","地级",0.166666666666667
"727","provi_rank","pingmian","雪纺","直辖",0.111111111111111
"728","provi_rank","pingmian","雪纺","省级",0.166666666666667
"729","provi_rank","pingmian","雪纺","镇级",0.166666666666667
"730","provi_rank","pingmian","满印","县级",0.0521552553030326
"731","provi_rank","pingmian","满印","地级",0.0689992271398034
"732","provi_rank","pingmian","满印","直辖",0.089568571385735
"733","provi_rank","pingmian","满印","省级",0.0877300528570788
"734","provi_rank","pingmian","满印","镇级",0.0657424381991286
"735","provi_rank","pingmian","净色","县级",0.0309880105636068
"736","provi_rank","pingmian","净色","地级",0.0347013878269019
"737","provi_rank","pingmian","净色","直辖",0.0572660922431431
"738","provi_rank","pingmian","净色","省级",0.0534298843563777
"739","provi_rank","pingmian","净色","镇级",0.0377644695031183
"740","provi_rank","pingmian","蕾丝","县级",0.0833333333333333
"741","provi_rank","pingmian","蕾丝","地级",0.111111111111111
"742","provi_rank","pingmian","蕾丝","直辖",0.111111111111111
"743","provi_rank","pingmian","蕾丝","省级",0.166666666666667
"744","provi_rank","pingmian","蕾丝","镇级",0.166666666666667
"745","provi_rank","pingmian","格子","县级",0.0417282786270483
"746","provi_rank","pingmian","格子","地级",0.0499350021417712
"747","provi_rank","pingmian","格子","直辖",0.083897877233725
"748","provi_rank","pingmian","格子","省级",0.0679720923096886
"749","provi_rank","pingmian","格子","镇级",0.0454726445762861
"750","provi_rank","pingmian","刺绣","县级",0.0444361237465852
"751","provi_rank","pingmian","刺绣","地级",0.0555496058105749
"752","provi_rank","pingmian","刺绣","直辖",0.118390951791025
"753","provi_rank","pingmian","刺绣","省级",0.117860940534835
"754","provi_rank","pingmian","刺绣","镇级",0.0554032895457307
"755","provi_rank","pingmian","人像","县级",0.0281312247450235
"756","provi_rank","pingmian","人像","地级",0.0388580447422013
"757","provi_rank","pingmian","人像","直辖",0.0819416869924558
"758","provi_rank","pingmian","人像","省级",0.0612926742959395
"759","provi_rank","pingmian","人像","镇级",0.0524299236168412
"760","city_rank","pingmian","字母","一线",0.0567610288375652
"761","city_rank","pingmian","字母","三线",0.0495008306822045
"762","city_rank","pingmian","字母","二线",0.0444828995255155
"763","city_rank","pingmian","字母","四线",0.044114013725459
"764","city_rank","pingmian","字母","特一线",0.0692311543063946
"765","city_rank","pingmian","拼接","一线",0.0368958190694222
"766","city_rank","pingmian","拼接","三线",0.0334991077966454
"767","city_rank","pingmian","拼接","二线",0.0405694647635538
"768","city_rank","pingmian","拼接","四线",0.0342170700199977
"769","city_rank","pingmian","拼接","特一线",0.0671145518266472
"770","city_rank","pingmian","条纹","一线",0.056684248960188
"771","city_rank","pingmian","条纹","三线",0.0428226708030972
"772","city_rank","pingmian","条纹","二线",0.0468457176222023
"773","city_rank","pingmian","条纹","四线",0.0370470589947169
"774","city_rank","pingmian","条纹","特一线",0.0806052695462138
"775","city_rank","pingmian","印花","一线",0.146902715759062
"776","city_rank","pingmian","印花","三线",0.0581247454016659
"777","city_rank","pingmian","印花","二线",0.0649180633153209
"778","city_rank","pingmian","印花","四线",0.0470161710254049
"779","city_rank","pingmian","印花","特一线",0.187216357166125
"780","city_rank","pingmian","卡通形象","一线",0.125304392214093
"781","city_rank","pingmian","卡通形象","三线",0.0602961995305239
"782","city_rank","pingmian","卡通形象","二线",0.0763431653893934
"783","city_rank","pingmian","卡通形象","四线",0.0707781634362238
"784","city_rank","pingmian","卡通形象","特一线",0.157819571943501
"785","city_rank","pingmian","雪纺","一线",0.111111111111111
"786","city_rank","pingmian","雪纺","三线",0.0666666666666667
"787","city_rank","pingmian","雪纺","二线",0.166666666666667
"788","city_rank","pingmian","雪纺","四线",0.0833333333333333
"789","city_rank","pingmian","雪纺","特一线",0.166666666666667
"790","city_rank","pingmian","满印","一线",0.0726389082872074
"791","city_rank","pingmian","满印","三线",0.0507132828902825
"792","city_rank","pingmian","满印","二线",0.0653436209576905
"793","city_rank","pingmian","满印","四线",0.067286707576188
"794","city_rank","pingmian","满印","特一线",0.111292789863036
"795","city_rank","pingmian","净色","一线",0.0526188528306497
"796","city_rank","pingmian","净色","三线",0.0328185942473317
"797","city_rank","pingmian","净色","二线",0.0326060282784602
"798","city_rank","pingmian","净色","四线",0.0336120857007369
"799","city_rank","pingmian","净色","特一线",0.0620402253679832
"800","city_rank","pingmian","蕾丝","一线",0.111111111111111
"801","city_rank","pingmian","蕾丝","三线",0.0833333333333333
"802","city_rank","pingmian","蕾丝","二线",0.111111111111111
"803","city_rank","pingmian","蕾丝","四线",0.111111111111111
"804","city_rank","pingmian","蕾丝","特一线",0.166666666666667
"805","city_rank","pingmian","格子","一线",0.0622304691800046
"806","city_rank","pingmian","格子","三线",0.0430404385418113
"807","city_rank","pingmian","格子","二线",0.0514715718395871
"808","city_rank","pingmian","格子","四线",0.0422698539762743
"809","city_rank","pingmian","格子","特一线",0.120328266785072
"810","city_rank","pingmian","刺绣","一线",0.0921465668088768
"811","city_rank","pingmian","刺绣","三线",0.0406005745188794
"812","city_rank","pingmian","刺绣","二线",0.0618833659322622
"813","city_rank","pingmian","刺绣","四线",0.0639905446065998
"814","city_rank","pingmian","刺绣","特一线",0.177067737386478
"815","city_rank","pingmian","人像","一线",0.0498972842983728
"816","city_rank","pingmian","人像","三线",0.0268639567335182
"817","city_rank","pingmian","人像","二线",0.0435602532986345
"818","city_rank","pingmian","人像","四线",0.0532011492853595
"819","city_rank","pingmian","人像","特一线",0.0867739857576982
"820","area_rank","pingmian","字母","(200,400]",0.0548507945558914
"821","area_rank","pingmian","字母","(400,600]",0.0564578801055991
"822","area_rank","pingmian","字母","(600,800]",0.0847980881649887
"823","area_rank","pingmian","字母","(800,3e+03]",0.0974672526288398
"824","area_rank","pingmian","字母","[0,200]",0.0427993414915419
"825","area_rank","pingmian","拼接","(200,400]",0.0360090066195218
"826","area_rank","pingmian","拼接","(400,600]",0.0500810166999729
"827","area_rank","pingmian","拼接","(600,800]",0.0554868055404822
"828","area_rank","pingmian","拼接","(800,3e+03]",0.0720502430700203
"829","area_rank","pingmian","拼接","[0,200]",0.0319840924206687
"830","area_rank","pingmian","条纹","(200,400]",0.0450922724582919
"831","area_rank","pingmian","条纹","(400,600]",0.0505176790897788
"832","area_rank","pingmian","条纹","(600,800]",0.0837802957815197
"833","area_rank","pingmian","条纹","(800,3e+03]",0.113245585585311
"834","area_rank","pingmian","条纹","[0,200]",0.0363311589474674
"835","area_rank","pingmian","印花","(200,400]",0.0692019907746596
"836","area_rank","pingmian","印花","(400,600]",0.106055175338987
"837","area_rank","pingmian","印花","(600,800]",0.213226335793727
"838","area_rank","pingmian","印花","(800,3e+03]",0.152136572518873
"839","area_rank","pingmian","印花","[0,200]",0.0473783039153233
"840","area_rank","pingmian","卡通形象","(200,400]",0.0735329140281512
"841","area_rank","pingmian","卡通形象","(400,600]",0.12014813869131
"842","area_rank","pingmian","卡通形象","(600,800]",0.175632565043865
"843","area_rank","pingmian","卡通形象","(800,3e+03]",0.188462970668589
"844","area_rank","pingmian","卡通形象","[0,200]",0.0597107341339086
"845","area_rank","pingmian","雪纺","(200,400]",0.111111111111111
"846","area_rank","pingmian","雪纺","(400,600]",0.166666666666667
"847","area_rank","pingmian","雪纺","(600,800]",0.166666666666667
"848","area_rank","pingmian","雪纺","(800,3e+03]",0.333333333333333
"849","area_rank","pingmian","雪纺","[0,200]",0.0555555555555556
"850","area_rank","pingmian","满印","(200,400]",0.0646589726667695
"851","area_rank","pingmian","满印","(400,600]",0.0825643975380475
"852","area_rank","pingmian","满印","(600,800]",0.147772460217811
"853","area_rank","pingmian","满印","(800,3e+03]",0.14961553426087
"854","area_rank","pingmian","满印","[0,200]",0.0448452430155773
"855","area_rank","pingmian","净色","(200,400]",0.0395364134215089
"856","area_rank","pingmian","净色","(400,600]",0.0453436015627819
"857","area_rank","pingmian","净色","(600,800]",0.0906144240513117
"858","area_rank","pingmian","净色","(800,3e+03]",0.078101483970248
"859","area_rank","pingmian","净色","[0,200]",0.0410169741037294
"860","area_rank","pingmian","蕾丝","(200,400]",0.111111111111111
"861","area_rank","pingmian","蕾丝","(400,600]",0.166666666666667
"862","area_rank","pingmian","蕾丝","(600,800]",0.166666666666667
"863","area_rank","pingmian","蕾丝","(800,3e+03]",0.166666666666667
"864","area_rank","pingmian","蕾丝","[0,200]",0.111111111111111
"865","area_rank","pingmian","格子","(200,400]",0.0520410062422488
"866","area_rank","pingmian","格子","(400,600]",0.0601845321918578
"867","area_rank","pingmian","格子","(600,800]",0.0754956735499378
"868","area_rank","pingmian","格子","(800,3e+03]",0.103671635001276
"869","area_rank","pingmian","格子","[0,200]",0.0397269574076815
"870","area_rank","pingmian","刺绣","(200,400]",0.0510030577941718
"871","area_rank","pingmian","刺绣","(400,600]",0.0840300560261598
"872","area_rank","pingmian","刺绣","(600,800]",0.165942080884109
"873","area_rank","pingmian","刺绣","(800,3e+03]",0.156235587009172
"874","area_rank","pingmian","刺绣","[0,200]",0.0364827406581478
"875","area_rank","pingmian","人像","(200,400]",0.0380405428955503
"876","area_rank","pingmian","人像","(400,600]",0.0632743251000367
"877","area_rank","pingmian","人像","(600,800]",0.104629539650466
"878","area_rank","pingmian","人像","(800,3e+03]",0.123775838109787
"879","area_rank","pingmian","人像","[0,200]",0.0265653085513249
"880","moshi_rank","pingmian","字母","NULL",0.0505885136487839
"881","moshi_rank","pingmian","字母","SPM",0.0577250046334926
"882","moshi_rank","pingmian","字母","商超",0.0414294701074262
"883","moshi_rank","pingmian","字母","地铺",0.0480284576714712
"884","moshi_rank","pingmian","字母","特卖",0.0720672119095146
"885","moshi_rank","pingmian","拼接","NULL",0.0331868425682693
"886","moshi_rank","pingmian","拼接","SPM",0.05409318171354
"887","moshi_rank","pingmian","拼接","商超",0.0386454098447206
"888","moshi_rank","pingmian","拼接","地铺",0.0368456458425657
"889","moshi_rank","pingmian","拼接","特卖",0.0562020086778464
"890","moshi_rank","pingmian","条纹","NULL",0.0465858471016233
"891","moshi_rank","pingmian","条纹","SPM",0.0508902720957378
"892","moshi_rank","pingmian","条纹","商超",0.0390619159153192
"893","moshi_rank","pingmian","条纹","地铺",0.0444235497937436
"894","moshi_rank","pingmian","条纹","特卖",0.0472197335628507
"895","moshi_rank","pingmian","印花","NULL",0.0712145983720145
"896","moshi_rank","pingmian","印花","SPM",0.102733671346728
"897","moshi_rank","pingmian","印花","商超",0.10045930513178
"898","moshi_rank","pingmian","印花","地铺",0.0507872299015159
"899","moshi_rank","pingmian","印花","特卖",0.162197513889957
"900","moshi_rank","pingmian","卡通形象","NULL",0.0816783839952753
"901","moshi_rank","pingmian","卡通形象","SPM",0.142691013730534
"902","moshi_rank","pingmian","卡通形象","商超",0.104850384718594
"903","moshi_rank","pingmian","卡通形象","地铺",0.0600898265284935
"904","moshi_rank","pingmian","卡通形象","特卖",0.147999410221788
"905","moshi_rank","pingmian","雪纺","NULL",0.0833333333333333
"906","moshi_rank","pingmian","雪纺","SPM",0.333333333333333
"907","moshi_rank","pingmian","雪纺","商超",0.0833333333333333
"908","moshi_rank","pingmian","雪纺","地铺",0.0833333333333333
"909","moshi_rank","pingmian","雪纺","特卖",0.166666666666667
"910","moshi_rank","pingmian","满印","NULL",0.054512013677321
"911","moshi_rank","pingmian","满印","SPM",0.0697182130752531
"912","moshi_rank","pingmian","满印","商超",0.0721506727988293
"913","moshi_rank","pingmian","满印","地铺",0.0642035287663967
"914","moshi_rank","pingmian","满印","特卖",0.0761557820501987
"915","moshi_rank","pingmian","净色","NULL",0.0705900331867221
"916","moshi_rank","pingmian","净色","SPM",0.0457806395785583
"917","moshi_rank","pingmian","净色","商超",0.0455967126933683
"918","moshi_rank","pingmian","净色","地铺",0.0310868161332004
"919","moshi_rank","pingmian","净色","特卖",0.0436561374090396
"920","moshi_rank","pingmian","蕾丝","NULL",0.111111111111111
"921","moshi_rank","pingmian","蕾丝","SPM",0.333333333333333
"922","moshi_rank","pingmian","蕾丝","商超",0.111111111111111
"923","moshi_rank","pingmian","蕾丝","地铺",0.0833333333333333
"924","moshi_rank","pingmian","蕾丝","特卖",0.111111111111111
"925","moshi_rank","pingmian","格子","NULL",0.0471367132255774
"926","moshi_rank","pingmian","格子","SPM",0.0644770121374275
"927","moshi_rank","pingmian","格子","商超",0.0548298465276306
"928","moshi_rank","pingmian","格子","地铺",0.0442655592925396
"929","moshi_rank","pingmian","格子","特卖",0.0877130029206401
"930","moshi_rank","pingmian","刺绣","NULL",0.054634050697012
"931","moshi_rank","pingmian","刺绣","SPM",0.125855135973086
"932","moshi_rank","pingmian","刺绣","商超",0.0755900464985066
"933","moshi_rank","pingmian","刺绣","地铺",0.0450638050381367
"934","moshi_rank","pingmian","刺绣","特卖",0.167954200741291
"935","moshi_rank","pingmian","人像","NULL",0.0421446622200038
"936","moshi_rank","pingmian","人像","SPM",0.0565661067337831
"937","moshi_rank","pingmian","人像","商超",0.0612050016047533
"938","moshi_rank","pingmian","人像","地铺",0.0282760328683822
"939","moshi_rank","pingmian","人像","特卖",0.102069372249848
"940","nzb","banxing","H","中",0.0264808015201702
"941","nzb","banxing","H","北",0.0257922350867934
"942","nzb","banxing","H","南",0.0283079337118592
"943","nzb","banxing","X","中",0.0198566442247216
"944","nzb","banxing","X","北",0.0248766612055191
"945","nzb","banxing","X","南",0.031109280987675
"946","nzb","banxing","A","中",0.0718425475428667
"947","nzb","banxing","A","北",0.0712345269309394
"948","nzb","banxing","A","南",0.11534050192568
"949","provi_rank","banxing","H","县级",0.0170881046321273
"950","provi_rank","banxing","H","地级",0.0270424692670677
"951","provi_rank","banxing","H","直辖",0.0379660732530138
"952","provi_rank","banxing","H","省级",0.0501050396578739
"953","provi_rank","banxing","H","镇级",0.0229704609241188
"954","provi_rank","banxing","X","县级",0.0256862488984215
"955","provi_rank","banxing","X","地级",0.0253267901118317
"956","provi_rank","banxing","X","直辖",0.041164146319136
"957","provi_rank","banxing","X","省级",0.035436300817852
"958","provi_rank","banxing","X","镇级",0.0261660482649395
"959","provi_rank","banxing","A","县级",0.0812827820835861
"960","provi_rank","banxing","A","地级",0.0773569000867062
"961","provi_rank","banxing","A","直辖",0.159584021220005
"962","provi_rank","banxing","A","省级",0.135748405841454
"963","provi_rank","banxing","A","镇级",0.0874816291688744
"964","city_rank","banxing","H","一线",0.0337330195337877
"965","city_rank","banxing","H","三线",0.0173918006986752
"966","city_rank","banxing","H","二线",0.0277189317215588
"967","city_rank","banxing","H","四线",0.0214368265222727
"968","city_rank","banxing","H","特一线",0.0804371648560182
"969","city_rank","banxing","X","一线",0.021706634381864
"970","city_rank","banxing","X","三线",0.026463738088085
"971","city_rank","banxing","X","二线",0.0254791066366379
"972","city_rank","banxing","X","四线",0.0218630244502554
"973","city_rank","banxing","X","特一线",0.0657306980050766
"974","city_rank","banxing","A","一线",0.0966491009238099
"975","city_rank","banxing","A","三线",0.0742372307103844
"976","city_rank","banxing","A","二线",0.0910570489208838
"977","city_rank","banxing","A","四线",0.0850116589131091
"978","city_rank","banxing","A","特一线",0.1801882950871
"979","area_rank","banxing","H","(200,400]",0.022756622088079
"980","area_rank","banxing","H","(400,600]",0.0354599369912005
"981","area_rank","banxing","H","(600,800]",0.0504819689466607
"982","area_rank","banxing","H","(800,3e+03]",0.0954788472509993
"983","area_rank","banxing","H","[0,200]",0.0171584246550605
"984","area_rank","banxing","X","(200,400]",0.0267334956776033
"985","area_rank","banxing","X","(400,600]",0.0330120884385769
"986","area_rank","banxing","X","(600,800]",0.0424265918303465
"987","area_rank","banxing","X","(800,3e+03]",0.0564868341845649
"988","area_rank","banxing","X","[0,200]",0.0204404090187296
"989","area_rank","banxing","A","(200,400]",0.0921088114375699
"990","area_rank","banxing","A","(400,600]",0.152003816641688
"991","area_rank","banxing","A","(600,800]",0.200343363493871
"992","area_rank","banxing","A","(800,3e+03]",0.170318521527731
"993","area_rank","banxing","A","[0,200]",0.055991996210208
"994","moshi_rank","banxing","H","NULL",0.0244233336895204
"995","moshi_rank","banxing","H","SPM",0.0427241685009497
"996","moshi_rank","banxing","H","商超",0.0206654196936175
"997","moshi_rank","banxing","H","地铺",0.0266817504155979
"998","moshi_rank","banxing","H","特卖",0.0523603333851666
"999","moshi_rank","banxing","X","NULL",0.0265605796656741
"1000","moshi_rank","banxing","X","SPM",0.0313320859539914
"1001","moshi_rank","banxing","X","商超",0.0306316411537205
"1002","moshi_rank","banxing","X","地铺",0.0230049333471733
"1003","moshi_rank","banxing","X","特卖",0.0511424316269487
"1004","moshi_rank","banxing","A","NULL",0.0812089696915595
"1005","moshi_rank","banxing","A","SPM",0.130967501366781
"1006","moshi_rank","banxing","A","商超",0.130488646855266
"1007","moshi_rank","banxing","A","地铺",0.0708275911711431
"1008","moshi_rank","banxing","A","特卖",0.133518400667439
"1009","nzb","qunchang","中长","中",0.0272198164707843
"1010","nzb","qunchang","中长","北",0.0366652089746201
"1011","nzb","qunchang","中长","南",0.0350614230730532
"1012","nzb","qunchang","短","中",0.0445437908549935
"1013","nzb","qunchang","短","北",0.0470382890754236
"1014","nzb","qunchang","短","南",0.0539705828961759
"1015","nzb","qunchang","长","中",0.0766698475649013
"1016","nzb","qunchang","长","北",0.0747190271667837
"1017","nzb","qunchang","长","南",0.110499071263811
"1018","provi_rank","qunchang","中长","县级",0.0331519868996023
"1019","provi_rank","qunchang","中长","地级",0.03872641419031
"1020","provi_rank","qunchang","中长","直辖",0.0321150947696847
"1021","provi_rank","qunchang","中长","省级",0.0416512915983543
"1022","provi_rank","qunchang","中长","镇级",0.0267907006316501
"1023","provi_rank","qunchang","短","县级",0.048104802905602
"1024","provi_rank","qunchang","短","地级",0.0516635819462029
"1025","provi_rank","qunchang","短","直辖",0.0367409928839478
"1026","provi_rank","qunchang","短","省级",0.0624411680632371
"1027","provi_rank","qunchang","短","镇级",0.037907319812337
"1028","provi_rank","qunchang","长","县级",0.0533561878524117
"1029","provi_rank","qunchang","长","地级",0.112309299042435
"1030","provi_rank","qunchang","长","直辖",0.133366068966959
"1031","provi_rank","qunchang","长","省级",0.131340444337001
"1032","provi_rank","qunchang","长","镇级",0.112651958947902
"1033","city_rank","qunchang","中长","一线",0.0369943625036382
"1034","city_rank","qunchang","中长","三线",0.0328807588429406
"1035","city_rank","qunchang","中长","二线",0.0349901351774024
"1036","city_rank","qunchang","中长","四线",0.0282085699104861
"1037","city_rank","qunchang","中长","特一线",0.0365920482219119
"1038","city_rank","qunchang","短","一线",0.0590695967891167
"1039","city_rank","qunchang","短","三线",0.0477368444766095
"1040","city_rank","qunchang","短","二线",0.0498822920481115
"1041","city_rank","qunchang","短","四线",0.0404387907099019
"1042","city_rank","qunchang","短","特一线",0.0600837862336685
"1043","city_rank","qunchang","长","一线",0.118182715411996
"1044","city_rank","qunchang","长","三线",0.0557854640793289
"1045","city_rank","qunchang","长","二线",0.107688172601088
"1046","city_rank","qunchang","长","四线",0.141630360142462
"1047","city_rank","qunchang","长","特一线",0.174526320380926
"1048","area_rank","qunchang","中长","(200,400]",0.033535938055285
"1049","area_rank","qunchang","中长","(400,600]",0.0451860770227567
"1050","area_rank","qunchang","中长","(600,800]",0.0430179381287948
"1051","area_rank","qunchang","中长","(800,3e+03]",0.0588482727620979
"1052","area_rank","qunchang","中长","[0,200]",0.0289659439844991
"1053","area_rank","qunchang","短","(200,400]",0.0484781888707234
"1054","area_rank","qunchang","短","(400,600]",0.065695556975233
"1055","area_rank","qunchang","短","(600,800]",0.0607223748994604
"1056","area_rank","qunchang","短","(800,3e+03]",0.0786927940465364
"1057","area_rank","qunchang","短","[0,200]",0.039205096876622
"1058","area_rank","qunchang","长","(200,400]",0.119185721674507
"1059","area_rank","qunchang","长","(400,600]",0.133412507623603
"1060","area_rank","qunchang","长","(600,800]",0.201304309122612
"1061","area_rank","qunchang","长","(800,3e+03]",0.208450436547087
"1062","area_rank","qunchang","长","[0,200]",0.0553767548274336
"1063","moshi_rank","qunchang","中长","NULL",0.0298367125165652
"1064","moshi_rank","qunchang","中长","SPM",0.0297319163422196
"1065","moshi_rank","qunchang","中长","商超",0.0309377774985865
"1066","moshi_rank","qunchang","中长","地铺",0.0326650667971501
"1067","moshi_rank","qunchang","中长","特卖",0.0463322452852945
"1068","moshi_rank","qunchang","短","NULL",0.0418890335963073
"1069","moshi_rank","qunchang","短","SPM",0.0521683553262914
"1070","moshi_rank","qunchang","短","商超",0.0409334791391294
"1071","moshi_rank","qunchang","短","地铺",0.0478772555243284
"1072","moshi_rank","qunchang","短","特卖",0.0573821014804367
"1073","moshi_rank","qunchang","长","NULL",0.100898117643572
"1074","moshi_rank","qunchang","长","SPM",0.135159233019527
"1075","moshi_rank","qunchang","长","商超",0.0483404896243045
"1076","moshi_rank","qunchang","长","地铺",0.0758318986660301
"1077","moshi_rank","qunchang","长","特卖",0.163083786508288
