index,物料,choosed_sku,渠道,choosed_channel,chayi_huizong,attrs,channel,paiming
H面积段,版型,H,面积段,"(800,3e+03]",0.214648237,banxing,area_rank,101
H城市级别,版型,H,城市级别,特一线,0.119963638,banxing,city_rank,251
H面积段,版型,H,面积段,"(600,800]",0.071726065,banxing,area_rank,427
H省市级别,版型,H,省市级别,直辖,0.06741614,banxing,provi_rank,445
H省市级别,版型,H,省市级别,省级,0.059820996,banxing,provi_rank,476
H模式,版型,H,模式,SPM,0.059275534,banxing,moshi_rank,479
H模式,版型,H,模式,特卖,0.057261229,banxing,moshi_rank,500
H面积段,版型,H,面积段,"(400,600]",0.056439161,banxing,area_rank,506
H城市级别,版型,H,城市级别,一线,0.042027981,banxing,city_rank,582
H城市级别,版型,H,城市级别,二线,0.036064835,banxing,city_rank,609
H省市级别,版型,H,省市级别,地级,0.033267997,banxing,provi_rank,617
H南中北,版型,H,南中北,南,0.032871554,banxing,nzb,618
H南中北,版型,H,南中北,北,0.030009238,banxing,nzb,624
H面积段,版型,H,面积段,"(200,400]",0.029857095,banxing,area_rank,626
H模式,版型,H,模式,商超,0.029703751,banxing,moshi_rank,627
H模式,版型,H,模式,地铺,0.029478924,banxing,moshi_rank,629
H模式,版型,H,模式,NULL,0.028671273,banxing,moshi_rank,635
H省市级别,版型,H,省市级别,镇级,0.027979311,banxing,provi_rank,639
H南中北,版型,H,南中北,中,0.027899248,banxing,nzb,640
H城市级别,版型,H,城市级别,四线,0.02363962,banxing,city_rank,645
H面积段,版型,H,面积段,"[0,200]",0.018937757,banxing,area_rank,647
H城市级别,版型,H,城市级别,三线,0.018286604,banxing,city_rank,648
H省市级别,版型,H,省市级别,县级,0.0179631,banxing,provi_rank,649
X城市级别,版型,X,城市级别,特一线,0.110438458,banxing,city_rank,277
X面积段,版型,X,面积段,"(800,3e+03]",0.084279716,banxing,area_rank,377
X模式,版型,X,模式,特卖,0.068359951,banxing,moshi_rank,436
X面积段,版型,X,面积段,"(600,800]",0.062729717,banxing,area_rank,462
X省市级别,版型,X,省市级别,直辖,0.061926026,banxing,provi_rank,467
X省市级别,版型,X,省市级别,省级,0.048014853,banxing,provi_rank,553
X模式,版型,X,模式,SPM,0.046582096,banxing,moshi_rank,557
X面积段,版型,X,面积段,"(400,600]",0.045395753,banxing,area_rank,566
X模式,版型,X,模式,商超,0.03856867,banxing,moshi_rank,599
X南中北,版型,X,南中北,南,0.03841338,banxing,nzb,600
X模式,版型,X,模式,NULL,0.033486162,banxing,moshi_rank,615
X面积段,版型,X,面积段,"(200,400]",0.033400594,banxing,area_rank,616
X城市级别,版型,X,城市级别,二线,0.031434446,banxing,city_rank,622
X省市级别,版型,X,省市级别,镇级,0.030975445,banxing,provi_rank,623
X城市级别,版型,X,城市级别,三线,0.029403042,banxing,city_rank,630
X城市级别,版型,X,城市级别,一线,0.028931503,banxing,city_rank,633
X省市级别,版型,X,省市级别,县级,0.028539051,banxing,provi_rank,636
X省市级别,版型,X,省市级别,地级,0.028138389,banxing,provi_rank,637
X南中北,版型,X,南中北,北,0.027638666,banxing,nzb,641
X模式,版型,X,模式,地铺,0.026838372,banxing,moshi_rank,642
X城市级别,版型,X,城市级别,四线,0.024290739,banxing,city_rank,643
X面积段,版型,X,面积段,"[0,200]",0.023842895,banxing,area_rank,644
X南中北,版型,X,南中北,中,0.020959791,banxing,nzb,646
校园城市级别,风格,校园,城市级别,特一线,0.159826042,fengge,city_rank,186
校园面积段,风格,校园,面积段,"(800,3e+03]",0.144461463,fengge,area_rank,208
校园模式,风格,校园,模式,特卖,0.094589063,fengge,moshi_rank,334
校园面积段,风格,校园,面积段,"(600,800]",0.093028393,fengge,area_rank,342
校园面积段,风格,校园,面积段,"(400,600]",0.091550611,fengge,area_rank,348
校园省市级别,风格,校园,省市级别,省级,0.082561844,fengge,provi_rank,385
校园省市级别,风格,校园,省市级别,地级,0.075656182,fengge,provi_rank,414
校园南中北,风格,校园,南中北,南,0.075355288,fengge,nzb,417
校园城市级别,风格,校园,城市级别,二线,0.07348482,fengge,city_rank,424
校园城市级别,风格,校园,城市级别,一线,0.068071029,fengge,city_rank,438
校园模式,风格,校园,模式,SPM,0.067890902,fengge,moshi_rank,441
校园模式,风格,校园,模式,商超,0.066792553,fengge,moshi_rank,450
校园南中北,风格,校园,南中北,北,0.063124865,fengge,nzb,459
校园省市级别,风格,校园,省市级别,直辖,0.062261776,fengge,provi_rank,465
校园面积段,风格,校园,面积段,"(200,400]",0.058162176,fengge,area_rank,488
校园城市级别,风格,校园,城市级别,三线,0.05747033,fengge,city_rank,498
校园模式,风格,校园,模式,NULL,0.056988277,fengge,moshi_rank,501
校园模式,风格,校园,模式,地铺,0.056777794,fengge,moshi_rank,504
校园省市级别,风格,校园,省市级别,县级,0.052507279,fengge,provi_rank,518
校园南中北,风格,校园,南中北,中,0.049056482,fengge,nzb,546
校园面积段,风格,校园,面积段,"[0,200]",0.046534095,fengge,area_rank,559
校园省市级别,风格,校园,省市级别,镇级,0.046271961,fengge,provi_rank,561
校园城市级别,风格,校园,城市级别,四线,0.043855295,fengge,city_rank,573
运动省市级别,风格,运动,省市级别,直辖,0.371021652,fengge,provi_rank,37
运动模式,风格,运动,模式,特卖,0.280181331,fengge,moshi_rank,59
运动城市级别,风格,运动,城市级别,特一线,0.239784114,fengge,city_rank,76
运动面积段,风格,运动,面积段,"(600,800]",0.227235641,fengge,area_rank,86
运动模式,风格,运动,模式,SPM,0.186530042,fengge,moshi_rank,139
运动南中北,风格,运动,南中北,中,0.144490581,fengge,nzb,207
运动面积段,风格,运动,面积段,"(400,600]",0.140513732,fengge,area_rank,215
运动省市级别,风格,运动,省市级别,镇级,0.129162602,fengge,provi_rank,230
运动城市级别,风格,运动,城市级别,四线,0.128154833,fengge,city_rank,232
运动南中北,风格,运动,南中北,南,0.119070299,fengge,nzb,256
运动模式,风格,运动,模式,NULL,0.107453333,fengge,moshi_rank,287
运动面积段,风格,运动,面积段,"(800,3e+03]",0.10665538,fengge,area_rank,290
运动省市级别,风格,运动,省市级别,省级,0.105501471,fengge,provi_rank,294
运动模式,风格,运动,模式,商超,0.101677207,fengge,moshi_rank,309
运动城市级别,风格,运动,城市级别,二线,0.096484285,fengge,city_rank,326
运动城市级别,风格,运动,城市级别,一线,0.093497219,fengge,city_rank,340
运动省市级别,风格,运动,省市级别,地级,0.089565857,fengge,provi_rank,356
运动面积段,风格,运动,面积段,"(200,400]",0.087232887,fengge,area_rank,365
运动南中北,风格,运动,南中北,北,0.08247378,fengge,nzb,387
运动省市级别,风格,运动,省市级别,县级,0.08233414,fengge,provi_rank,391
运动城市级别,风格,运动,城市级别,三线,0.070922738,fengge,city_rank,431
运动面积段,风格,运动,面积段,"[0,200]",0.068657933,fengge,area_rank,434
运动模式,风格,运动,模式,地铺,0.066810283,fengge,moshi_rank,449
都市面积段,风格,都市,面积段,"(800,3e+03]",0.116019016,fengge,area_rank,261
都市城市级别,风格,都市,城市级别,特一线,0.095556825,fengge,city_rank,328
都市面积段,风格,都市,面积段,"(600,800]",0.08218915,fengge,area_rank,392
都市模式,风格,都市,模式,特卖,0.079712108,fengge,moshi_rank,404
都市面积段,风格,都市,面积段,"(400,600]",0.07826928,fengge,area_rank,408
都市省市级别,风格,都市,省市级别,省级,0.071647524,fengge,provi_rank,428
都市南中北,风格,都市,南中北,南,0.067515546,fengge,nzb,444
都市省市级别,风格,都市,省市级别,地级,0.063269817,fengge,provi_rank,458
都市城市级别,风格,都市,城市级别,二线,0.057732969,fengge,city_rank,492
都市南中北,风格,都市,南中北,北,0.050661282,fengge,nzb,531
都市城市级别,风格,都市,城市级别,一线,0.050134866,fengge,city_rank,534
都市模式,风格,都市,模式,SPM,0.050013935,fengge,moshi_rank,536
都市省市级别,风格,都市,省市级别,直辖,0.048082876,fengge,provi_rank,552
都市模式,风格,都市,模式,地铺,0.045331409,fengge,moshi_rank,568
都市模式,风格,都市,模式,商超,0.04255093,fengge,moshi_rank,578
都市省市级别,风格,都市,省市级别,县级,0.03989807,fengge,provi_rank,591
都市城市级别,风格,都市,城市级别,三线,0.039673141,fengge,city_rank,592
都市面积段,风格,都市,面积段,"(200,400]",0.03907298,fengge,area_rank,597
都市模式,风格,都市,模式,NULL,0.038628687,fengge,moshi_rank,598
都市省市级别,风格,都市,省市级别,镇级,0.036179385,fengge,provi_rank,608
都市面积段,风格,都市,面积段,"[0,200]",0.032657215,fengge,area_rank,620
都市南中北,风格,都市,南中北,中,0.031846506,fengge,nzb,621
都市城市级别,风格,都市,城市级别,四线,0.029271029,fengge,city_rank,631
1化纤模式,面料,1化纤,模式,特卖,0.675627279,mianliao,moshi_rank,1
1化纤模式,面料,1化纤,模式,NULL,0.314417059,mianliao,moshi_rank,45
1化纤南中北,面料,1化纤,南中北,南,0.313820018,mianliao,nzb,46
1化纤城市级别,面料,1化纤,城市级别,特一线,0.304377262,mianliao,city_rank,49
1化纤城市级别,面料,1化纤,城市级别,一线,0.301752842,mianliao,city_rank,53
1化纤面积段,面料,1化纤,面积段,"(600,800]",0.29889978,mianliao,area_rank,55
1化纤面积段,面料,1化纤,面积段,"(800,3e+03]",0.288225268,mianliao,area_rank,56
1化纤省市级别,面料,1化纤,省市级别,省级,0.276317676,mianliao,provi_rank,60
1化纤省市级别,面料,1化纤,省市级别,地级,0.25878891,mianliao,provi_rank,66
1化纤省市级别,面料,1化纤,省市级别,直辖,0.256713995,mianliao,provi_rank,67
1化纤面积段,面料,1化纤,面积段,"[0,200]",0.247772308,mianliao,area_rank,72
1化纤面积段,面料,1化纤,面积段,"(200,400]",0.243772782,mianliao,area_rank,74
1化纤城市级别,面料,1化纤,城市级别,二线,0.238692027,mianliao,city_rank,77
1化纤省市级别,面料,1化纤,省市级别,镇级,0.229297684,mianliao,provi_rank,83
1化纤城市级别,面料,1化纤,城市级别,四线,0.228339701,mianliao,city_rank,85
1化纤模式,面料,1化纤,模式,SPM,0.226153352,mianliao,moshi_rank,87
1化纤南中北,面料,1化纤,南中北,北,0.224800561,mianliao,nzb,91
1化纤模式,面料,1化纤,模式,地铺,0.204284145,mianliao,moshi_rank,112
1化纤面积段,面料,1化纤,面积段,"(400,600]",0.182818557,mianliao,area_rank,145
1化纤南中北,面料,1化纤,南中北,中,0.177355952,mianliao,nzb,151
1化纤模式,面料,1化纤,模式,商超,0.171902667,mianliao,moshi_rank,159
1化纤省市级别,面料,1化纤,省市级别,县级,0.16442452,mianliao,provi_rank,178
1化纤城市级别,面料,1化纤,城市级别,三线,0.158999014,mianliao,city_rank,189
1印花面积段,面料,1印花,面积段,"(800,3e+03]",0.482265152,mianliao,area_rank,6
1印花面积段,面料,1印花,面积段,"(600,800]",0.440804377,mianliao,area_rank,15
1印花城市级别,面料,1印花,城市级别,特一线,0.308066611,mianliao,city_rank,48
1印花省市级别,面料,1印花,省市级别,直辖,0.268227779,mianliao,provi_rank,65
1印花南中北,面料,1印花,南中北,中,0.232534734,mianliao,nzb,80
1印花面积段,面料,1印花,面积段,"(400,600]",0.232023414,mianliao,area_rank,81
1印花模式,面料,1印花,模式,商超,0.231443092,mianliao,moshi_rank,82
1印花城市级别,面料,1印花,城市级别,二线,0.218919254,mianliao,city_rank,95
1印花模式,面料,1印花,模式,SPM,0.214136907,mianliao,moshi_rank,103
1印花省市级别,面料,1印花,省市级别,省级,0.213129592,mianliao,provi_rank,104
1印花省市级别,面料,1印花,省市级别,地级,0.209225877,mianliao,provi_rank,106
1印花城市级别,面料,1印花,城市级别,四线,0.207195575,mianliao,city_rank,111
1印花南中北,面料,1印花,南中北,南,0.20272395,mianliao,nzb,114
1印花省市级别,面料,1印花,省市级别,镇级,0.196719486,mianliao,provi_rank,118
1印花城市级别,面料,1印花,城市级别,一线,0.192003544,mianliao,city_rank,126
1印花模式,面料,1印花,模式,地铺,0.185970336,mianliao,moshi_rank,140
1印花城市级别,面料,1印花,城市级别,三线,0.180607767,mianliao,city_rank,147
1印花省市级别,面料,1印花,省市级别,县级,0.177880758,mianliao,provi_rank,149
1印花南中北,面料,1印花,南中北,北,0.177388276,mianliao,nzb,150
1印花面积段,面料,1印花,面积段,"(200,400]",0.168756296,mianliao,area_rank,163
1印花模式,面料,1印花,模式,特卖,0.153194655,mianliao,moshi_rank,196
1印花模式,面料,1印花,模式,NULL,0.151997661,mianliao,moshi_rank,197
1印花面积段,面料,1印花,面积段,"[0,200]",0.119167794,mianliao,area_rank,255
1棉质模式,面料,1棉质,模式,SPM,0.333763661,mianliao,moshi_rank,39
1棉质面积段,面料,1棉质,面积段,"(600,800]",0.333563342,mianliao,area_rank,40
1棉质省市级别,面料,1棉质,省市级别,镇级,0.333444945,mianliao,provi_rank,41
1棉质模式,面料,1棉质,模式,特卖,0.333278746,mianliao,moshi_rank,42
1棉质省市级别,面料,1棉质,省市级别,直辖,0.172062847,mianliao,provi_rank,158
1棉质城市级别,面料,1棉质,城市级别,四线,0.169458923,mianliao,city_rank,161
1棉质面积段,面料,1棉质,面积段,"(200,400]",0.168536655,mianliao,area_rank,164
1棉质面积段,面料,1棉质,面积段,"(400,600]",0.168091985,mianliao,area_rank,165
1棉质省市级别,面料,1棉质,省市级别,地级,0.167486237,mianliao,provi_rank,166
1棉质南中北,面料,1棉质,南中北,南,0.165829864,mianliao,nzb,175
1棉质南中北,面料,1棉质,南中北,北,0.141247197,mianliao,nzb,214
1棉质模式,面料,1棉质,模式,地铺,0.13668829,mianliao,moshi_rank,219
1棉质城市级别,面料,1棉质,城市级别,三线,0.12667588,mianliao,city_rank,235
1棉质城市级别,面料,1棉质,城市级别,二线,0.124902353,mianliao,city_rank,238
1棉质省市级别,面料,1棉质,省市级别,县级,0.121278022,mianliao,provi_rank,246
1棉质模式,面料,1棉质,模式,商超,0.111319796,mianliao,moshi_rank,275
1棉质城市级别,面料,1棉质,城市级别,一线,0.10546185,mianliao,city_rank,295
1棉质省市级别,面料,1棉质,省市级别,省级,0.104619856,mianliao,provi_rank,299
1棉质南中北,面料,1棉质,南中北,中,0.100360267,mianliao,nzb,316
1棉质模式,面料,1棉质,模式,NULL,0.0840788,mianliao,moshi_rank,379
1棉质面积段,面料,1棉质,面积段,"[0,200]",0.078274557,mianliao,area_rank,407
1牛仔省市级别,面料,1牛仔,省市级别,直辖,0.415464448,mianliao,provi_rank,22.5
1牛仔面积段,面料,1牛仔,面积段,"(800,3e+03]",0.256467711,mianliao,area_rank,68.5
1牛仔面积段,面料,1牛仔,面积段,"(600,800]",0.225904536,mianliao,area_rank,88.5
1牛仔城市级别,面料,1牛仔,城市级别,一线,0.216462943,mianliao,city_rank,98.5
1牛仔城市级别,面料,1牛仔,城市级别,特一线,0.208514014,mianliao,city_rank,107.5
1牛仔省市级别,面料,1牛仔,省市级别,省级,0.20839936,mianliao,provi_rank,109.5
1牛仔模式,面料,1牛仔,模式,商超,0.19136107,mianliao,moshi_rank,128.5
1牛仔南中北,面料,1牛仔,南中北,中,0.188544648,mianliao,nzb,133.5
1牛仔模式,面料,1牛仔,模式,SPM,0.188362898,mianliao,moshi_rank,135.5
1牛仔面积段,面料,1牛仔,面积段,"(400,600]",0.161763029,mianliao,area_rank,181.5
1牛仔南中北,面料,1牛仔,南中北,南,0.121087818,mianliao,nzb,247.5
1牛仔城市级别,面料,1牛仔,城市级别,二线,0.11561059,mianliao,city_rank,262.5
1牛仔省市级别,面料,1牛仔,省市级别,地级,0.113785986,mianliao,provi_rank,265.5
1牛仔省市级别,面料,1牛仔,省市级别,镇级,0.113313331,mianliao,provi_rank,267.5
1牛仔模式,面料,1牛仔,模式,NULL,0.108956199,mianliao,moshi_rank,283.5
1牛仔面积段,面料,1牛仔,面积段,"(200,400]",0.103254574,mianliao,area_rank,303.5
1牛仔模式,面料,1牛仔,模式,地铺,0.101157594,mianliao,moshi_rank,312.5
1牛仔省市级别,面料,1牛仔,省市级别,县级,0.099079156,mianliao,provi_rank,319.5
1牛仔城市级别,面料,1牛仔,城市级别,三线,0.094776022,mianliao,city_rank,330.5
1牛仔南中北,面料,1牛仔,南中北,北,0.089254205,mianliao,nzb,359.5
1牛仔城市级别,面料,1牛仔,城市级别,四线,0.080798741,mianliao,city_rank,394.5
1牛仔面积段,面料,1牛仔,面积段,"[0,200]",0.080059242,mianliao,area_rank,399.5
1针织省市级别,面料,1针织,省市级别,省级,0.146387732,mianliao,provi_rank,203
1针织省市级别,面料,1针织,省市级别,直辖,0.109462279,mianliao,provi_rank,281
1针织面积段,面料,1针织,面积段,"(400,600]",0.103106324,mianliao,area_rank,305
1针织城市级别,面料,1针织,城市级别,一线,0.097455204,mianliao,city_rank,322
1针织南中北,面料,1针织,南中北,南,0.094085894,mianliao,nzb,336
1针织模式,面料,1针织,模式,地铺,0.090015648,mianliao,moshi_rank,354
1针织省市级别,面料,1针织,省市级别,地级,0.088399216,mianliao,provi_rank,363
1针织城市级别,面料,1针织,城市级别,二线,0.08604836,mianliao,city_rank,374
1针织南中北,面料,1针织,南中北,北,0.084166682,mianliao,nzb,378
1针织南中北,面料,1针织,南中北,中,0.083994244,mianliao,nzb,381
1针织城市级别,面料,1针织,城市级别,三线,0.076005809,mianliao,city_rank,411
1针织省市级别,面料,1针织,省市级别,县级,0.073718792,mianliao,provi_rank,421
1针织模式,面料,1针织,模式,NULL,0.071478939,mianliao,moshi_rank,429
1针织面积段,面料,1针织,面积段,"(200,400]",0.070353015,mianliao,area_rank,433
1针织面积段,面料,1针织,面积段,"[0,200]",0.063899101,mianliao,area_rank,454
1针织城市级别,面料,1针织,城市级别,四线,0.059031835,mianliao,city_rank,483
1针织模式,面料,1针织,模式,商超,0.058211269,mianliao,moshi_rank,487
1针织省市级别,面料,1针织,省市级别,镇级,0.045530747,mianliao,provi_rank,564
1雪纺城市级别,面料,1雪纺,城市级别,一线,0.222916637,mianliao,city_rank,93
1雪纺面积段,面料,1雪纺,面积段,"(600,800]",0.221871176,mianliao,area_rank,94
1雪纺省市级别,面料,1雪纺,省市级别,省级,0.190066358,mianliao,provi_rank,131
1雪纺模式,面料,1雪纺,模式,商超,0.18861907,mianliao,moshi_rank,132
1雪纺面积段,面料,1雪纺,面积段,"(800,3e+03]",0.159147647,mianliao,area_rank,187
1雪纺模式,面料,1雪纺,模式,SPM,0.156502524,mianliao,moshi_rank,192
1雪纺省市级别,面料,1雪纺,省市级别,直辖,0.145583918,mianliao,provi_rank,205
1雪纺城市级别,面料,1雪纺,城市级别,特一线,0.131904099,mianliao,city_rank,223
1雪纺省市级别,面料,1雪纺,省市级别,地级,0.123982167,mianliao,provi_rank,242
1雪纺模式,面料,1雪纺,模式,NULL,0.113247911,mianliao,moshi_rank,269
1雪纺城市级别,面料,1雪纺,城市级别,二线,0.106854513,mianliao,city_rank,289
1雪纺城市级别,面料,1雪纺,城市级别,四线,0.105285591,mianliao,city_rank,296
1雪纺面积段,面料,1雪纺,面积段,"(400,600]",0.103957474,mianliao,area_rank,300
1雪纺模式,面料,1雪纺,模式,特卖,0.101369552,mianliao,moshi_rank,310
1雪纺南中北,面料,1雪纺,南中北,北,0.100636022,mianliao,nzb,315
1雪纺面积段,面料,1雪纺,面积段,"(200,400]",0.098511186,mianliao,area_rank,321
1雪纺模式,面料,1雪纺,模式,地铺,0.092064741,mianliao,moshi_rank,347
1雪纺省市级别,面料,1雪纺,省市级别,镇级,0.089300892,mianliao,provi_rank,358
1雪纺南中北,面料,1雪纺,南中北,中,0.089126421,mianliao,nzb,361
1雪纺南中北,面料,1雪纺,南中北,南,0.075745415,mianliao,nzb,412
1雪纺面积段,面料,1雪纺,面积段,"[0,200]",0.066285392,mianliao,area_rank,451
1雪纺城市级别,面料,1雪纺,城市级别,三线,0.049683471,mianliao,city_rank,539
1雪纺省市级别,面料,1雪纺,省市级别,县级,0.044350946,mianliao,provi_rank,570
净色城市级别,平面,净色,城市级别,特一线,0.153623734,pingmian,city_rank,193
净色面积段,平面,净色,面积段,"(800,3e+03]",0.135556132,pingmian,area_rank,220
净色省市级别,平面,净色,省市级别,直辖,0.12903456,pingmian,provi_rank,231
净色面积段,平面,净色,面积段,"(600,800]",0.12652167,pingmian,area_rank,236
净色省市级别,平面,净色,省市级别,省级,0.119769943,pingmian,provi_rank,253
净色南中北,平面,净色,南中北,南,0.106503267,pingmian,nzb,291
净色城市级别,平面,净色,城市级别,一线,0.105225867,pingmian,city_rank,297
净色模式,平面,净色,模式,NULL,0.103274364,pingmian,moshi_rank,302
净色模式,平面,净色,模式,特卖,0.101866398,pingmian,moshi_rank,307
净色模式,平面,净色,模式,SPM,0.096717501,pingmian,moshi_rank,324
净色南中北,平面,净色,南中北,中,0.094642603,pingmian,nzb,333
净色模式,平面,净色,模式,商超,0.093225989,pingmian,moshi_rank,341
净色面积段,平面,净色,面积段,"(400,600]",0.079881188,pingmian,area_rank,403
净色省市级别,平面,净色,省市级别,地级,0.075459358,pingmian,provi_rank,416
净色省市级别,平面,净色,省市级别,镇级,0.073570859,pingmian,provi_rank,423
净色面积段,平面,净色,面积段,"(200,400]",0.072758812,pingmian,area_rank,426
净色城市级别,平面,净色,城市级别,四线,0.07142452,pingmian,city_rank,430
净色面积段,平面,净色,面积段,"[0,200]",0.066928067,pingmian,area_rank,447
净色城市级别,平面,净色,城市级别,二线,0.062570784,pingmian,city_rank,463
净色南中北,平面,净色,南中北,北,0.058699838,pingmian,nzb,484
净色模式,平面,净色,模式,地铺,0.058657224,pingmian,moshi_rank,485
净色城市级别,平面,净色,城市级别,三线,0.057854388,pingmian,city_rank,491
净色省市级别,平面,净色,省市级别,县级,0.054478725,pingmian,provi_rank,511
印花省市级别,平面,印花,省市级别,直辖,0.628434656,pingmian,provi_rank,2
印花模式,平面,印花,模式,特卖,0.574264938,pingmian,moshi_rank,3
印花面积段,平面,印花,面积段,"(600,800]",0.521632546,pingmian,area_rank,5
印花城市级别,平面,印花,城市级别,特一线,0.468040893,pingmian,city_rank,8
印花面积段,平面,印花,面积段,"(800,3e+03]",0.456409718,pingmian,area_rank,11
印花城市级别,平面,印花,城市级别,一线,0.438698534,pingmian,city_rank,16
印花省市级别,平面,印花,省市级别,省级,0.419840112,pingmian,provi_rank,19
印花面积段,平面,印花,面积段,"(400,600]",0.315156092,pingmian,area_rank,44
印花模式,平面,印花,模式,商超,0.30379417,pingmian,moshi_rank,50
印花南中北,平面,印花,南中北,中,0.228478152,pingmian,nzb,84
印花模式,平面,印花,模式,SPM,0.218181542,pingmian,moshi_rank,96
印花面积段,平面,印花,面积段,"(200,400]",0.211046595,pingmian,area_rank,105
印花城市级别,平面,印花,城市级别,三线,0.198521905,pingmian,city_rank,116
印花模式,平面,印花,模式,地铺,0.19383402,pingmian,moshi_rank,121
印花南中北,平面,印花,南中北,北,0.193828153,pingmian,nzb,122
印花南中北,平面,印花,南中北,南,0.193458906,pingmian,nzb,124
印花省市级别,平面,印花,省市级别,县级,0.191623578,pingmian,provi_rank,127
印花模式,平面,印花,模式,NULL,0.183405375,pingmian,moshi_rank,144
印花面积段,平面,印花,面积段,"[0,200]",0.173262632,pingmian,area_rank,156
印花城市级别,平面,印花,城市级别,二线,0.172136172,pingmian,city_rank,157
印花省市级别,平面,印花,省市级别,地级,0.166526086,pingmian,provi_rank,172
印花城市级别,平面,印花,城市级别,四线,0.15339009,pingmian,city_rank,195
印花省市级别,平面,印花,省市级别,镇级,0.141311401,pingmian,provi_rank,213
字母模式,平面,字母,模式,特卖,0.204108475,pingmian,moshi_rank,113
字母面积段,平面,字母,面积段,"(600,800]",0.166589956,pingmian,area_rank,171
字母省市级别,平面,字母,省市级别,直辖,0.161684473,pingmian,provi_rank,183
字母模式,平面,字母,模式,SPM,0.161048722,pingmian,moshi_rank,184
字母面积段,平面,字母,面积段,"(400,600]",0.146549616,pingmian,area_rank,202
字母省市级别,平面,字母,省市级别,省级,0.142179805,pingmian,provi_rank,211
字母城市级别,平面,字母,城市级别,一线,0.138290677,pingmian,city_rank,218
字母面积段,平面,字母,面积段,"(800,3e+03]",0.13029653,pingmian,area_rank,229
字母面积段,平面,字母,面积段,"(200,400]",0.118216163,pingmian,area_rank,257
字母模式,平面,字母,模式,NULL,0.117057719,pingmian,moshi_rank,259
字母南中北,平面,字母,南中北,南,0.112287137,pingmian,nzb,273
字母城市级别,平面,字母,城市级别,特一线,0.110253273,pingmian,city_rank,278
字母南中北,平面,字母,南中北,北,0.108312566,pingmian,nzb,286
字母省市级别,平面,字母,省市级别,地级,0.105200326,pingmian,provi_rank,298
字母省市级别,平面,字母,省市级别,镇级,0.095657482,pingmian,provi_rank,327
字母城市级别,平面,字母,城市级别,二线,0.09350007,pingmian,city_rank,339
字母模式,平面,字母,模式,商超,0.091151597,pingmian,moshi_rank,349
字母城市级别,平面,字母,城市级别,三线,0.091007855,pingmian,city_rank,350
字母南中北,平面,字母,南中北,中,0.086594517,pingmian,nzb,371
字母模式,平面,字母,模式,地铺,0.085539043,pingmian,moshi_rank,376
字母省市级别,平面,字母,省市级别,县级,0.083337056,pingmian,provi_rank,384
字母城市级别,平面,字母,城市级别,四线,0.079959058,pingmian,city_rank,402
字母面积段,平面,字母,面积段,"[0,200]",0.074633209,pingmian,area_rank,419
拼接面积段,平面,拼接,面积段,"(800,3e+03]",0.131811448,pingmian,area_rank,224
拼接城市级别,平面,拼接,城市级别,特一线,0.131095359,pingmian,city_rank,227
拼接面积段,平面,拼接,面积段,"(600,800]",0.109347258,pingmian,area_rank,282
拼接省市级别,平面,拼接,省市级别,省级,0.085588532,pingmian,provi_rank,375
拼接省市级别,平面,拼接,省市级别,直辖,0.0824493,pingmian,provi_rank,389
拼接面积段,平面,拼接,面积段,"(400,600]",0.080070522,pingmian,area_rank,398
拼接模式,平面,拼接,模式,SPM,0.080028145,pingmian,moshi_rank,401
拼接模式,平面,拼接,模式,特卖,0.079237573,pingmian,moshi_rank,405
拼接模式,平面,拼接,模式,商超,0.067916514,pingmian,moshi_rank,440
拼接南中北,平面,拼接,南中北,北,0.067698118,pingmian,nzb,443
拼接省市级别,平面,拼接,省市级别,地级,0.063870189,pingmian,provi_rank,455
拼接城市级别,平面,拼接,城市级别,二线,0.062781638,pingmian,city_rank,461
拼接城市级别,平面,拼接,城市级别,一线,0.061697977,pingmian,city_rank,468
拼接面积段,平面,拼接,面积段,"(200,400]",0.057910156,pingmian,area_rank,489
拼接南中北,平面,拼接,南中北,南,0.056787242,pingmian,nzb,503
拼接模式,平面,拼接,模式,NULL,0.056398718,pingmian,moshi_rank,507
拼接省市级别,平面,拼接,省市级别,县级,0.051202522,pingmian,provi_rank,529
拼接省市级别,平面,拼接,省市级别,镇级,0.049089657,pingmian,provi_rank,544
拼接模式,平面,拼接,模式,地铺,0.048781596,pingmian,moshi_rank,550
拼接城市级别,平面,拼接,城市级别,三线,0.047032746,pingmian,city_rank,555
拼接城市级别,平面,拼接,城市级别,四线,0.045345001,pingmian,city_rank,567
拼接南中北,平面,拼接,南中北,中,0.039547997,pingmian,nzb,594
拼接面积段,平面,拼接,面积段,"[0,200]",0.039249129,pingmian,area_rank,595
条纹面积段,平面,条纹,面积段,"(800,3e+03]",0.216906357,pingmian,area_rank,97
条纹城市级别,平面,条纹,城市级别,特一线,0.153547235,pingmian,city_rank,194
条纹面积段,平面,条纹,面积段,"(600,800]",0.143609458,pingmian,area_rank,209
条纹省市级别,平面,条纹,省市级别,省级,0.120528539,pingmian,provi_rank,249
条纹省市级别,平面,条纹,省市级别,直辖,0.100850859,pingmian,provi_rank,314
条纹面积段,平面,条纹,面积段,"(400,600]",0.09961573,pingmian,area_rank,318
条纹城市级别,平面,条纹,城市级别,一线,0.08720987,pingmian,city_rank,367
条纹模式,平面,条纹,模式,SPM,0.080745466,pingmian,moshi_rank,396
条纹南中北,平面,条纹,南中北,南,0.06220702,pingmian,nzb,466
条纹城市级别,平面,条纹,城市级别,二线,0.061335624,pingmian,city_rank,470
条纹省市级别,平面,条纹,省市级别,地级,0.05925957,pingmian,provi_rank,480
条纹模式,平面,条纹,模式,NULL,0.057581217,pingmian,moshi_rank,494
条纹模式,平面,条纹,模式,商超,0.05757507,pingmian,moshi_rank,495
条纹模式,平面,条纹,模式,特卖,0.056955211,pingmian,moshi_rank,502
条纹南中北,平面,条纹,南中北,北,0.053976474,pingmian,nzb,512
条纹面积段,平面,条纹,面积段,"(200,400]",0.052371887,pingmian,area_rank,520
条纹城市级别,平面,条纹,城市级别,三线,0.049523011,pingmian,city_rank,541
条纹模式,平面,条纹,模式,地铺,0.049078908,pingmian,moshi_rank,545
条纹省市级别,平面,条纹,省市级别,县级,0.047810682,pingmian,provi_rank,554
条纹南中北,平面,条纹,南中北,中,0.044637329,pingmian,nzb,569
条纹省市级别,平面,条纹,省市级别,镇级,0.043146609,pingmian,provi_rank,577
条纹城市级别,平面,条纹,城市级别,四线,0.040724059,pingmian,city_rank,588
条纹面积段,平面,条纹,面积段,"[0,200]",0.040104876,pingmian,area_rank,590
满印面积段,平面,满印,面积段,"(800,3e+03]",0.225120482,pingmian,area_rank,90
满印城市级别,平面,满印,城市级别,特一线,0.194253135,pingmian,city_rank,120
满印面积段,平面,满印,面积段,"(600,800]",0.169087597,pingmian,area_rank,162
满印南中北,平面,满印,南中北,南,0.160730023,pingmian,nzb,185
满印省市级别,平面,满印,省市级别,省级,0.159031739,pingmian,provi_rank,188
满印城市级别,平面,满印,城市级别,一线,0.157361054,pingmian,city_rank,191
满印省市级别,平面,满印,省市级别,直辖,0.151354048,pingmian,provi_rank,198
满印模式,平面,满印,模式,SPM,0.146188609,pingmian,moshi_rank,204
满印省市级别,平面,满印,省市级别,地级,0.143156957,pingmian,provi_rank,210
满印面积段,平面,满印,面积段,"(400,600]",0.140104358,pingmian,area_rank,216
满印城市级别,平面,满印,城市级别,四线,0.125722388,pingmian,city_rank,237
满印南中北,平面,满印,南中北,中,0.124070467,pingmian,nzb,240
满印城市级别,平面,满印,城市级别,二线,0.122467552,pingmian,city_rank,243
满印省市级别,平面,满印,省市级别,镇级,0.121461707,pingmian,provi_rank,244
满印模式,平面,满印,模式,特卖,0.119460955,pingmian,moshi_rank,254
满印模式,平面,满印,模式,地铺,0.112915214,pingmian,moshi_rank,271
满印模式,平面,满印,模式,商超,0.112794074,pingmian,moshi_rank,272
满印面积段,平面,满印,面积段,"(200,400]",0.109605607,pingmian,area_rank,279
满印模式,平面,满印,模式,NULL,0.105939575,pingmian,moshi_rank,292
满印南中北,平面,满印,南中北,北,0.101711718,pingmian,nzb,308
满印省市级别,平面,满印,省市级别,县级,0.086171334,pingmian,provi_rank,373
满印城市级别,平面,满印,城市级别,三线,0.082450268,pingmian,city_rank,388
满印面积段,平面,满印,面积段,"[0,200]",0.076312118,pingmian,area_rank,410
中长省市级别,裙长,中长,省市级别,省级,0.088461507,qunchang,provi_rank,362
中长城市级别,裙长,中长,城市级别,特一线,0.086731009,qunchang,city_rank,369
中长面积段,裙长,中长,面积段,"(800,3e+03]",0.086611839,qunchang,area_rank,370
中长模式,裙长,中长,模式,特卖,0.086531419,qunchang,moshi_rank,372
中长面积段,裙长,中长,面积段,"(400,600]",0.083572767,qunchang,area_rank,383
中长面积段,裙长,中长,面积段,"(600,800]",0.073111629,qunchang,area_rank,425
中长城市级别,裙长,中长,城市级别,一线,0.065491345,qunchang,city_rank,452
中长省市级别,裙长,中长,省市级别,地级,0.058219179,qunchang,provi_rank,486
中长城市级别,裙长,中长,城市级别,二线,0.053942819,qunchang,city_rank,513
中长南中北,裙长,中长,南中北,南,0.053301757,qunchang,nzb,516
中长面积段,裙长,中长,面积段,"(200,400]",0.053109702,qunchang,area_rank,517
中长模式,裙长,中长,模式,SPM,0.051779997,qunchang,moshi_rank,522
中长省市级别,裙长,中长,省市级别,直辖,0.051368292,qunchang,provi_rank,526
中长模式,裙长,中长,模式,NULL,0.050008635,qunchang,moshi_rank,537
中长南中北,裙长,中长,南中北,北,0.048466362,qunchang,nzb,551
中长城市级别,裙长,中长,城市级别,三线,0.043275738,qunchang,city_rank,575
中长模式,裙长,中长,模式,地铺,0.042525338,qunchang,moshi_rank,579
中长模式,裙长,中长,模式,商超,0.041993385,qunchang,moshi_rank,583
中长省市级别,裙长,中长,省市级别,县级,0.041084531,qunchang,provi_rank,586
中长南中北,裙长,中长,南中北,中,0.03799364,qunchang,nzb,602
中长面积段,裙长,中长,面积段,"[0,200]",0.037619903,qunchang,area_rank,603
中长省市级别,裙长,中长,省市级别,镇级,0.036502184,qunchang,provi_rank,607
中长城市级别,裙长,中长,城市级别,四线,0.034414448,qunchang,city_rank,613
短面积段,裙长,短,面积段,"(800,3e+03]",0.124666053,qunchang,area_rank,239
短面积段,裙长,短,面积段,"(400,600]",0.113168258,qunchang,area_rank,270
短城市级别,裙长,短,城市级别,特一线,0.105764096,qunchang,city_rank,293
短面积段,裙长,短,面积段,"(600,800]",0.099822454,qunchang,area_rank,317
短省市级别,裙长,短,省市级别,地级,0.094708358,qunchang,provi_rank,332
短模式,裙长,短,模式,SPM,0.09399832,qunchang,moshi_rank,337
短省市级别,裙长,短,省市级别,省级,0.09256115,qunchang,provi_rank,344
短模式,裙长,短,模式,特卖,0.09088796,qunchang,moshi_rank,352
短南中北,裙长,短,南中北,南,0.086793868,qunchang,nzb,368
短城市级别,裙长,短,城市级别,二线,0.083582301,qunchang,city_rank,382
短城市级别,裙长,短,城市级别,一线,0.075663719,qunchang,city_rank,413
短南中北,裙长,短,南中北,北,0.070442578,qunchang,nzb,432
短模式,裙长,短,模式,地铺,0.066903577,qunchang,moshi_rank,448
短面积段,裙长,短,面积段,"(200,400]",0.06533786,qunchang,area_rank,453
短模式,裙长,短,模式,商超,0.063270135,qunchang,moshi_rank,457
短省市级别,裙长,短,省市级别,县级,0.060847311,qunchang,provi_rank,472
短模式,裙长,短,模式,NULL,0.060800484,qunchang,moshi_rank,473
短城市级别,裙长,短,城市级别,三线,0.060367227,qunchang,city_rank,474
短南中北,裙长,短,南中北,中,0.060191972,qunchang,nzb,475
短省市级别,裙长,短,省市级别,镇级,0.057856227,qunchang,provi_rank,490
短城市级别,裙长,短,城市级别,四线,0.057384448,qunchang,city_rank,499
短面积段,裙长,短,面积段,"[0,200]",0.051430761,qunchang,area_rank,525
短省市级别,裙长,短,省市级别,直辖,0.050522771,qunchang,provi_rank,532
长省市级别,裙长,长,省市级别,直辖,0.544658744,qunchang,provi_rank,4
长模式,裙长,长,模式,特卖,0.463842413,qunchang,moshi_rank,10
长城市级别,裙长,长,城市级别,特一线,0.396534997,qunchang,city_rank,27
长面积段,裙长,长,面积段,"(600,800]",0.384268447,qunchang,area_rank,30
长城市级别,裙长,长,城市级别,四线,0.379536988,qunchang,city_rank,33
长模式,裙长,长,模式,SPM,0.377498582,qunchang,moshi_rank,34
长省市级别,裙长,长,省市级别,地级,0.373364742,qunchang,provi_rank,36
长面积段,裙长,长,面积段,"(400,600]",0.359325143,qunchang,area_rank,38
长面积段,裙长,长,面积段,"(800,3e+03]",0.325767732,qunchang,area_rank,43
长南中北,裙长,长,南中北,南,0.309229769,qunchang,nzb,47
长城市级别,裙长,长,城市级别,二线,0.303677807,qunchang,city_rank,51
长南中北,裙长,长,南中北,北,0.302453222,qunchang,nzb,52
长省市级别,裙长,长,省市级别,省级,0.283483172,qunchang,provi_rank,57
长城市级别,裙长,长,城市级别,一线,0.282788207,qunchang,city_rank,58
长省市级别,裙长,长,省市级别,镇级,0.27268282,qunchang,provi_rank,61
长模式,裙长,长,模式,地铺,0.25470682,qunchang,moshi_rank,70
长面积段,裙长,长,面积段,"(200,400]",0.247390167,qunchang,area_rank,73
长南中北,裙长,长,南中北,中,0.198648427,qunchang,nzb,115
长模式,裙长,长,模式,NULL,0.185720942,qunchang,moshi_rank,141
长城市级别,裙长,长,城市级别,三线,0.167209974,qunchang,city_rank,167
长面积段,裙长,长,面积段,"[0,200]",0.163653501,qunchang,area_rank,179
长省市级别,裙长,长,省市级别,县级,0.158537154,qunchang,provi_rank,190
长模式,裙长,长,模式,商超,0.117071901,qunchang,moshi_rank,258
梭织/化纤裙面积段,小类,梭织/化纤裙,面积段,"(600,800]",0.127611147,sm_type,area_rank,234
梭织/化纤裙面积段,小类,梭织/化纤裙,面积段,"(800,3e+03]",0.115305998,sm_type,area_rank,264
梭织/化纤裙模式,小类,梭织/化纤裙,模式,SPM,0.093562187,sm_type,moshi_rank,338
梭织/化纤裙城市级别,小类,梭织/化纤裙,城市级别,特一线,0.092541908,sm_type,city_rank,345
梭织/化纤裙面积段,小类,梭织/化纤裙,面积段,"(400,600]",0.089797714,sm_type,area_rank,355
梭织/化纤裙省市级别,小类,梭织/化纤裙,省市级别,直辖,0.075304637,sm_type,provi_rank,418
梭织/化纤裙省市级别,小类,梭织/化纤裙,省市级别,省级,0.067926573,sm_type,provi_rank,439
梭织/化纤裙省市级别,小类,梭织/化纤裙,省市级别,地级,0.06285088,sm_type,provi_rank,460
梭织/化纤裙模式,小类,梭织/化纤裙,模式,特卖,0.06230921,sm_type,moshi_rank,464
梭织/化纤裙南中北,小类,梭织/化纤裙,南中北,南,0.05658584,sm_type,nzb,505
梭织/化纤裙城市级别,小类,梭织/化纤裙,城市级别,二线,0.052419161,sm_type,city_rank,519
梭织/化纤裙南中北,小类,梭织/化纤裙,南中北,中,0.051570073,sm_type,nzb,524
梭织/化纤裙城市级别,小类,梭织/化纤裙,城市级别,一线,0.050039932,sm_type,city_rank,535
梭织/化纤裙模式,小类,梭织/化纤裙,模式,NULL,0.049308643,sm_type,moshi_rank,543
梭织/化纤裙面积段,小类,梭织/化纤裙,面积段,"(200,400]",0.039549486,sm_type,area_rank,593
梭织/化纤裙省市级别,小类,梭织/化纤裙,省市级别,镇级,0.038323534,sm_type,provi_rank,601
梭织/化纤裙模式,小类,梭织/化纤裙,模式,地铺,0.036993559,sm_type,moshi_rank,605
梭织/化纤裙城市级别,小类,梭织/化纤裙,城市级别,三线,0.033564842,sm_type,city_rank,614
梭织/化纤裙城市级别,小类,梭织/化纤裙,城市级别,四线,0.029865358,sm_type,city_rank,625
梭织/化纤裙模式,小类,梭织/化纤裙,模式,商超,0.02953186,sm_type,moshi_rank,628
梭织/化纤裙面积段,小类,梭织/化纤裙,面积段,"[0,200]",0.029079954,sm_type,area_rank,632
梭织/化纤裙南中北,小类,梭织/化纤裙,南中北,北,0.028781524,sm_type,nzb,634
梭织/化纤裙省市级别,小类,梭织/化纤裙,省市级别,县级,0.028110432,sm_type,provi_rank,638
牛仔裙省市级别,小类,牛仔裙,省市级别,直辖,0.415464448,sm_type,provi_rank,22.5
牛仔裙面积段,小类,牛仔裙,面积段,"(800,3e+03]",0.256467711,sm_type,area_rank,68.5
牛仔裙面积段,小类,牛仔裙,面积段,"(600,800]",0.225904536,sm_type,area_rank,88.5
牛仔裙城市级别,小类,牛仔裙,城市级别,一线,0.216462943,sm_type,city_rank,98.5
牛仔裙城市级别,小类,牛仔裙,城市级别,特一线,0.208514014,sm_type,city_rank,107.5
牛仔裙省市级别,小类,牛仔裙,省市级别,省级,0.20839936,sm_type,provi_rank,109.5
牛仔裙模式,小类,牛仔裙,模式,商超,0.19136107,sm_type,moshi_rank,128.5
牛仔裙南中北,小类,牛仔裙,南中北,中,0.188544648,sm_type,nzb,133.5
牛仔裙模式,小类,牛仔裙,模式,SPM,0.188362898,sm_type,moshi_rank,135.5
牛仔裙面积段,小类,牛仔裙,面积段,"(400,600]",0.161763029,sm_type,area_rank,181.5
牛仔裙南中北,小类,牛仔裙,南中北,南,0.121087818,sm_type,nzb,247.5
牛仔裙城市级别,小类,牛仔裙,城市级别,二线,0.11561059,sm_type,city_rank,262.5
牛仔裙省市级别,小类,牛仔裙,省市级别,地级,0.113785986,sm_type,provi_rank,265.5
牛仔裙省市级别,小类,牛仔裙,省市级别,镇级,0.113313331,sm_type,provi_rank,267.5
牛仔裙模式,小类,牛仔裙,模式,NULL,0.108956199,sm_type,moshi_rank,283.5
牛仔裙面积段,小类,牛仔裙,面积段,"(200,400]",0.103254574,sm_type,area_rank,303.5
牛仔裙模式,小类,牛仔裙,模式,地铺,0.101157594,sm_type,moshi_rank,312.5
牛仔裙省市级别,小类,牛仔裙,省市级别,县级,0.099079156,sm_type,provi_rank,319.5
牛仔裙城市级别,小类,牛仔裙,城市级别,三线,0.094776022,sm_type,city_rank,330.5
牛仔裙南中北,小类,牛仔裙,南中北,北,0.089254205,sm_type,nzb,359.5
牛仔裙城市级别,小类,牛仔裙,城市级别,四线,0.080798741,sm_type,city_rank,394.5
牛仔裙面积段,小类,牛仔裙,面积段,"[0,200]",0.080059242,sm_type,area_rank,399.5
蕾丝/镂空裙城市级别,小类,蕾丝/镂空裙,城市级别,特一线,0.47328171,sm_type,city_rank,7
蕾丝/镂空裙省市级别,小类,蕾丝/镂空裙,省市级别,直辖,0.466514054,sm_type,provi_rank,9
蕾丝/镂空裙面积段,小类,蕾丝/镂空裙,面积段,"(600,800]",0.444993724,sm_type,area_rank,12
蕾丝/镂空裙面积段,小类,蕾丝/镂空裙,面积段,"(800,3e+03]",0.442735378,sm_type,area_rank,13
蕾丝/镂空裙面积段,小类,蕾丝/镂空裙,面积段,"(400,600]",0.442284101,sm_type,area_rank,14
蕾丝/镂空裙城市级别,小类,蕾丝/镂空裙,城市级别,一线,0.432113005,sm_type,city_rank,17
蕾丝/镂空裙省市级别,小类,蕾丝/镂空裙,省市级别,省级,0.426146954,sm_type,provi_rank,18
蕾丝/镂空裙模式,小类,蕾丝/镂空裙,模式,地铺,0.419767543,sm_type,moshi_rank,20
蕾丝/镂空裙南中北,小类,蕾丝/镂空裙,南中北,中,0.417274128,sm_type,nzb,21
蕾丝/镂空裙南中北,小类,蕾丝/镂空裙,南中北,北,0.413299633,sm_type,nzb,24
蕾丝/镂空裙模式,小类,蕾丝/镂空裙,模式,SPM,0.400797754,sm_type,moshi_rank,25
蕾丝/镂空裙省市级别,小类,蕾丝/镂空裙,省市级别,镇级,0.397728501,sm_type,provi_rank,26
蕾丝/镂空裙城市级别,小类,蕾丝/镂空裙,城市级别,四线,0.387228539,sm_type,city_rank,28
蕾丝/镂空裙模式,小类,蕾丝/镂空裙,模式,NULL,0.385444225,sm_type,moshi_rank,29
蕾丝/镂空裙城市级别,小类,蕾丝/镂空裙,城市级别,三线,0.380212472,sm_type,city_rank,31
蕾丝/镂空裙面积段,小类,蕾丝/镂空裙,面积段,"[0,200]",0.37986371,sm_type,area_rank,32
蕾丝/镂空裙省市级别,小类,蕾丝/镂空裙,省市级别,县级,0.37746832,sm_type,provi_rank,35
蕾丝/镂空裙城市级别,小类,蕾丝/镂空裙,城市级别,二线,0.272400006,sm_type,city_rank,62
蕾丝/镂空裙南中北,小类,蕾丝/镂空裙,南中北,南,0.272033054,sm_type,nzb,63
蕾丝/镂空裙省市级别,小类,蕾丝/镂空裙,省市级别,地级,0.269524592,sm_type,provi_rank,64
蕾丝/镂空裙面积段,小类,蕾丝/镂空裙,面积段,"(200,400]",0.24195425,sm_type,area_rank,75
蕾丝/镂空裙模式,小类,蕾丝/镂空裙,模式,商超,0.223984017,sm_type,moshi_rank,92
衬衫/棉质裙南中北,小类,衬衫/棉质裙,南中北,南,0.166610186,sm_type,nzb,168
衬衫/棉质裙省市级别,小类,衬衫/棉质裙,省市级别,地级,0.166605345,sm_type,provi_rank,169
衬衫/棉质裙城市级别,小类,衬衫/棉质裙,城市级别,四线,0.166593474,sm_type,city_rank,170
衬衫/棉质裙面积段,小类,衬衫/棉质裙,面积段,"(200,400]",0.166490963,sm_type,area_rank,173
衬衫/棉质裙南中北,小类,衬衫/棉质裙,南中北,北,0.131783466,sm_type,nzb,225
衬衫/棉质裙模式,小类,衬衫/棉质裙,模式,地铺,0.131049551,sm_type,moshi_rank,228
衬衫/棉质裙城市级别,小类,衬衫/棉质裙,城市级别,三线,0.121411184,sm_type,city_rank,245
衬衫/棉质裙省市级别,小类,衬衫/棉质裙,省市级别,县级,0.116290425,sm_type,provi_rank,260
衬衫/棉质裙省市级别,小类,衬衫/棉质裙,省市级别,省级,0.111432228,sm_type,provi_rank,274
衬衫/棉质裙城市级别,小类,衬衫/棉质裙,城市级别,二线,0.111187489,sm_type,city_rank,276
衬衫/棉质裙城市级别,小类,衬衫/棉质裙,城市级别,一线,0.109522457,sm_type,city_rank,280
衬衫/棉质裙模式,小类,衬衫/棉质裙,模式,商超,0.107097229,sm_type,moshi_rank,288
衬衫/棉质裙南中北,小类,衬衫/棉质裙,南中北,中,0.103522095,sm_type,nzb,301
衬衫/棉质裙模式,小类,衬衫/棉质裙,模式,NULL,0.089380815,sm_type,moshi_rank,357
衬衫/棉质裙面积段,小类,衬衫/棉质裙,面积段,"[0,200]",0.077708153,sm_type,area_rank,409
衬衫/棉质裙面积段,小类,衬衫/棉质裙,面积段,"(400,600]",0.017055557,sm_type,area_rank,650
针织裙面积段,小类,针织裙,面积段,"(600,800]",0.092265511,sm_type,area_rank,346
针织裙城市级别,小类,针织裙,城市级别,特一线,0.09090709,sm_type,city_rank,351
针织裙面积段,小类,针织裙,面积段,"(800,3e+03]",0.084008175,sm_type,area_rank,380
针织裙省市级别,小类,针织裙,省市级别,直辖,0.059755414,sm_type,provi_rank,477
针织裙省市级别,小类,针织裙,省市级别,省级,0.059045858,sm_type,provi_rank,482
针织裙面积段,小类,针织裙,面积段,"(400,600]",0.057519625,sm_type,area_rank,496
针织裙南中北,小类,针织裙,南中北,南,0.05235764,sm_type,nzb,521
针织裙城市级别,小类,针织裙,城市级别,一线,0.051278624,sm_type,city_rank,527
针织裙模式,小类,针织裙,模式,特卖,0.049034664,sm_type,moshi_rank,547
针织裙省市级别,小类,针织裙,省市级别,地级,0.048798529,sm_type,provi_rank,548
针织裙城市级别,小类,针织裙,城市级别,二线,0.046545313,sm_type,city_rank,558
针织裙模式,小类,针织裙,模式,SPM,0.046005063,sm_type,moshi_rank,562
针织裙模式,小类,针织裙,模式,商超,0.04542241,sm_type,moshi_rank,565
针织裙南中北,小类,针织裙,南中北,北,0.043924539,sm_type,nzb,572
针织裙面积段,小类,针织裙,面积段,"(200,400]",0.042460475,sm_type,area_rank,580
针织裙模式,小类,针织裙,模式,NULL,0.041971536,sm_type,moshi_rank,584
针织裙模式,小类,针织裙,模式,地铺,0.041602783,sm_type,moshi_rank,585
针织裙南中北,小类,针织裙,南中北,中,0.040854108,sm_type,nzb,587
针织裙省市级别,小类,针织裙,省市级别,镇级,0.039244169,sm_type,provi_rank,596
针织裙城市级别,小类,针织裙,城市级别,四线,0.035342564,sm_type,city_rank,610
针织裙城市级别,小类,针织裙,城市级别,三线,0.035090346,sm_type,city_rank,611
针织裙省市级别,小类,针织裙,省市级别,县级,0.03475206,sm_type,provi_rank,612
针织裙面积段,小类,针织裙,面积段,"[0,200]",0.03268877,sm_type,area_rank,619
雪纺裙城市级别,小类,雪纺裙,城市级别,一线,0.214271375,sm_type,city_rank,102
雪纺裙城市级别,小类,雪纺裙,城市级别,特一线,0.198334411,sm_type,city_rank,117
雪纺裙模式,小类,雪纺裙,模式,NULL,0.187358383,sm_type,moshi_rank,138
雪纺裙省市级别,小类,雪纺裙,省市级别,省级,0.185640134,sm_type,provi_rank,142
雪纺裙模式,小类,雪纺裙,模式,SPM,0.176425713,sm_type,moshi_rank,153
雪纺裙面积段,小类,雪纺裙,面积段,"(600,800]",0.165766326,sm_type,area_rank,176
雪纺裙省市级别,小类,雪纺裙,省市级别,直辖,0.162626888,sm_type,provi_rank,180
雪纺裙面积段,小类,雪纺裙,面积段,"(800,3e+03]",0.149876939,sm_type,area_rank,200
雪纺裙模式,小类,雪纺裙,模式,商超,0.141834456,sm_type,moshi_rank,212
雪纺裙省市级别,小类,雪纺裙,省市级别,地级,0.138949452,sm_type,provi_rank,217
雪纺裙模式,小类,雪纺裙,模式,特卖,0.127797181,sm_type,moshi_rank,233
雪纺裙城市级别,小类,雪纺裙,城市级别,二线,0.12402231,sm_type,city_rank,241
雪纺裙城市级别,小类,雪纺裙,城市级别,四线,0.119786157,sm_type,city_rank,252
雪纺裙面积段,小类,雪纺裙,面积段,"(200,400]",0.108761042,sm_type,area_rank,285
雪纺裙面积段,小类,雪纺裙,面积段,"(400,600]",0.101287033,sm_type,area_rank,311
雪纺裙模式,小类,雪纺裙,模式,地铺,0.097125629,sm_type,moshi_rank,323
雪纺裙南中北,小类,雪纺裙,南中北,北,0.094346047,sm_type,nzb,335
雪纺裙省市级别,小类,雪纺裙,省市级别,镇级,0.087212733,sm_type,provi_rank,366
雪纺裙南中北,小类,雪纺裙,南中北,中,0.082437693,sm_type,nzb,390
雪纺裙南中北,小类,雪纺裙,南中北,南,0.075580638,sm_type,nzb,415
雪纺裙面积段,小类,雪纺裙,面积段,"[0,200]",0.068399494,sm_type,area_rank,435
雪纺裙城市级别,小类,雪纺裙,城市级别,三线,0.051242248,sm_type,city_rank,528
雪纺裙省市级别,小类,雪纺裙,省市级别,县级,0.048787502,sm_type,provi_rank,549
无袖面积段,袖长,无袖,面积段,"(800,3e+03]",0.145107629,xiuchang,area_rank,206
无袖模式,袖长,无袖,模式,特卖,0.134648197,xiuchang,moshi_rank,222
无袖面积段,袖长,无袖,面积段,"(600,800]",0.120362678,xiuchang,area_rank,250
无袖省市级别,袖长,无袖,省市级别,直辖,0.102219728,xiuchang,provi_rank,306
无袖模式,袖长,无袖,模式,SPM,0.092858352,xiuchang,moshi_rank,343
无袖面积段,袖长,无袖,面积段,"(400,600]",0.090064969,xiuchang,area_rank,353
无袖省市级别,袖长,无袖,省市级别,省级,0.087533326,xiuchang,provi_rank,364
无袖城市级别,袖长,无袖,城市级别,一线,0.081158653,xiuchang,city_rank,393
无袖模式,袖长,无袖,模式,商超,0.080351025,xiuchang,moshi_rank,397
无袖省市级别,袖长,无袖,省市级别,镇级,0.078753467,xiuchang,provi_rank,406
无袖南中北,袖长,无袖,南中北,南,0.073654712,xiuchang,nzb,422
无袖城市级别,袖长,无袖,城市级别,四线,0.068314773,xiuchang,city_rank,437
无袖面积段,袖长,无袖,面积段,"(200,400]",0.067890131,xiuchang,area_rank,442
无袖城市级别,袖长,无袖,城市级别,特一线,0.063300543,xiuchang,city_rank,456
无袖省市级别,袖长,无袖,省市级别,地级,0.05935399,xiuchang,provi_rank,478
无袖模式,袖长,无袖,模式,NULL,0.054698279,xiuchang,moshi_rank,510
无袖城市级别,袖长,无袖,城市级别,二线,0.053743398,xiuchang,city_rank,514
无袖南中北,袖长,无袖,南中北,北,0.0498561,xiuchang,nzb,538
无袖南中北,袖长,无袖,南中北,中,0.049611299,xiuchang,nzb,540
无袖模式,袖长,无袖,模式,地铺,0.046636613,xiuchang,moshi_rank,556
无袖城市级别,袖长,无袖,城市级别,三线,0.0441254,xiuchang,city_rank,571
无袖省市级别,袖长,无袖,省市级别,县级,0.043157158,xiuchang,provi_rank,576
无袖面积段,袖长,无袖,面积段,"[0,200]",0.040622476,xiuchang,area_rank,589
短袖模式,袖长,短袖,模式,特卖,0.096702458,xiuchang,moshi_rank,325
短袖面积段,袖长,短袖,面积段,"(800,3e+03]",0.095228955,xiuchang,area_rank,329
短袖城市级别,袖长,短袖,城市级别,特一线,0.082530035,xiuchang,city_rank,386
短袖南中北,袖长,短袖,南中北,南,0.073884784,xiuchang,nzb,420
短袖省市级别,袖长,短袖,省市级别,省级,0.067110507,xiuchang,provi_rank,446
短袖省市级别,袖长,短袖,省市级别,直辖,0.061355049,xiuchang,provi_rank,469
短袖城市级别,袖长,短袖,城市级别,二线,0.061250236,xiuchang,city_rank,471
短袖面积段,袖长,短袖,面积段,"(400,600]",0.059185477,xiuchang,area_rank,481
短袖模式,袖长,短袖,模式,商超,0.057667918,xiuchang,moshi_rank,493
短袖城市级别,袖长,短袖,城市级别,一线,0.057472756,xiuchang,city_rank,497
短袖模式,袖长,短袖,模式,SPM,0.056104091,xiuchang,moshi_rank,508
短袖面积段,袖长,短袖,面积段,"(200,400]",0.055725538,xiuchang,area_rank,509
短袖省市级别,袖长,短袖,省市级别,地级,0.053418283,xiuchang,provi_rank,515
短袖城市级别,袖长,短袖,城市级别,四线,0.05161269,xiuchang,city_rank,523
短袖模式,袖长,短袖,模式,地铺,0.050788789,xiuchang,moshi_rank,530
短袖南中北,袖长,短袖,南中北,中,0.050411654,xiuchang,nzb,533
短袖省市级别,袖长,短袖,省市级别,镇级,0.049520821,xiuchang,provi_rank,542
短袖面积段,袖长,短袖,面积段,"(600,800]",0.046451616,xiuchang,area_rank,560
短袖南中北,袖长,短袖,南中北,北,0.045828902,xiuchang,nzb,563
短袖省市级别,袖长,短袖,省市级别,县级,0.04338984,xiuchang,provi_rank,574
短袖城市级别,袖长,短袖,城市级别,三线,0.042376483,xiuchang,city_rank,581
短袖模式,袖长,短袖,模式,NULL,0.037444776,xiuchang,moshi_rank,604
短袖面积段,袖长,短袖,面积段,"[0,200]",0.036514993,xiuchang,area_rank,606
露肩袖面积段,袖长,露肩袖,面积段,"(600,800]",0.300387335,xiuchang,area_rank,54
露肩袖南中北,袖长,露肩袖,南中北,南,0.249375028,xiuchang,nzb,71
露肩袖模式,袖长,露肩袖,模式,SPM,0.237337833,xiuchang,moshi_rank,78
露肩袖面积段,袖长,露肩袖,面积段,"(400,600]",0.233104321,xiuchang,area_rank,79
露肩袖面积段,袖长,露肩袖,面积段,"(200,400]",0.214973568,xiuchang,area_rank,100
露肩袖省市级别,袖长,露肩袖,省市级别,地级,0.194928388,xiuchang,provi_rank,119
露肩袖省市级别,袖长,露肩袖,省市级别,直辖,0.193801378,xiuchang,provi_rank,123
露肩袖城市级别,袖长,露肩袖,城市级别,二线,0.193013321,xiuchang,city_rank,125
露肩袖城市级别,袖长,露肩袖,城市级别,三线,0.190829599,xiuchang,city_rank,130
露肩袖城市级别,袖长,露肩袖,城市级别,特一线,0.187775047,xiuchang,city_rank,137
露肩袖模式,袖长,露肩袖,模式,地铺,0.184699211,xiuchang,moshi_rank,143
露肩袖省市级别,袖长,露肩袖,省市级别,县级,0.181217789,xiuchang,provi_rank,146
露肩袖省市级别,袖长,露肩袖,省市级别,省级,0.178184976,xiuchang,provi_rank,148
露肩袖南中北,袖长,露肩袖,南中北,北,0.176639656,xiuchang,nzb,152
露肩袖城市级别,袖长,露肩袖,城市级别,四线,0.175831176,xiuchang,city_rank,154
露肩袖面积段,袖长,露肩袖,面积段,"(800,3e+03]",0.175039527,xiuchang,area_rank,155
露肩袖城市级别,袖长,露肩袖,城市级别,一线,0.169726255,xiuchang,city_rank,160
露肩袖模式,袖长,露肩袖,模式,特卖,0.166130603,xiuchang,moshi_rank,174
露肩袖省市级别,袖长,露肩袖,省市级别,镇级,0.164684228,xiuchang,provi_rank,177
露肩袖南中北,袖长,露肩袖,南中北,中,0.151275863,xiuchang,nzb,199
露肩袖模式,袖长,露肩袖,模式,商超,0.148615408,xiuchang,moshi_rank,201
露肩袖面积段,袖长,露肩袖,面积段,"[0,200]",0.135189494,xiuchang,area_rank,221
露肩袖模式,袖长,露肩袖,模式,NULL,0.131657485,xiuchang,moshi_rank,226
