year	month	day	tianqi_am	max_tm	min_tm	name_ori	pname	name_deal	name
2018	11	26	多云	23	17	东莞市	广东	东莞	东莞
2018	11	27	阴	23	17	东莞市	广东	东莞	东莞
2018	11	28	阴	22	14	东莞市	广东	东莞	东莞
2018	11	29	多云	24	16	东莞市	广东	东莞	东莞
2018	11	30	多云	25	17	东莞市	广东	东莞	东莞
2018	12	1	小雨	21	15	东莞市	广东	东莞	东莞
2018	12	2	多云	24	17	东莞市	广东	东莞	东莞
2018	12	3	多云	25	19	东莞市	广东	东莞	东莞
2018	12	4	雨	27	20	东莞市	广东	东莞	东莞
2018	12	5	雨	27	19	东莞市	广东	东莞	东莞
2018	12	6	雨	25	16	东莞市	广东	东莞	东莞
2018	12	7	多云	24	17	东莞市	广东	东莞	东莞
2018	12	8	雨	25	19	东莞市	广东	东莞	东莞
2018	12	9	雨	25	19	东莞市	广东	东莞	东莞
2018	12	10	雨	25	19	东莞市	广东	东莞	东莞
2018	12	11	雨	24	18	东莞市	广东	东莞	东莞
2018	11	26	小雨	21	17	揭阳市	广东	揭阳	揭阳
2018	11	27	阵雨	22	16	揭阳市	广东	揭阳	揭阳
2018	11	28	阴	23	15	揭阳市	广东	揭阳	揭阳
2018	11	29	多云	24	13	揭阳市	广东	揭阳	揭阳
2018	11	30	多云	24	14	揭阳市	广东	揭阳	揭阳
2018	12	1	晴	24	16	揭阳市	广东	揭阳	揭阳
2018	12	2	晴	26	17	揭阳市	广东	揭阳	揭阳
2018	12	3	阴	23	15	揭阳市	广东	揭阳	揭阳
2018	12	4	雨	26	20	揭阳市	广东	揭阳	揭阳
2018	12	5	雨	25	18	揭阳市	广东	揭阳	揭阳
2018	12	6	雨	24	16	揭阳市	广东	揭阳	揭阳
2018	12	7	雨	22	17	揭阳市	广东	揭阳	揭阳
2018	12	8	阴	24	18	揭阳市	广东	揭阳	揭阳
2018	12	9	雨	25	19	揭阳市	广东	揭阳	揭阳
2018	12	10	雨	22	19	揭阳市	广东	揭阳	揭阳
2018	12	11	雨	23	18	揭阳市	广东	揭阳	揭阳
2018	11	26	阴	23	20	海口市	海南	海口	海口
2018	11	27	阵雨	23	19	海口市	海南	海口	海口
2018	11	28	阵雨	23	19	海口市	海南	海口	海口
2018	11	29	中雨	23	20	海口市	海南	海口	海口
2018	11	30	阵雨	24	20	海口市	海南	海口	海口
2018	12	1	阵雨	25	19	海口市	海南	海口	海口
2018	12	2	阵雨	26	21	海口市	海南	海口	海口
2018	12	3	阵雨	28	23	海口市	海南	海口	海口
2018	12	4	阴	26	22	海口市	海南	海口	海口
2018	12	5	多云	26	22	海口市	海南	海口	海口
2018	12	6	阴	25	21	海口市	海南	海口	海口
2018	12	7	雨	25	22	海口市	海南	海口	海口
2018	12	8	雨	27	22	海口市	海南	海口	海口
2018	12	9	雨	26	22	海口市	海南	海口	海口
2018	12	10	雨	26	22	海口市	海南	海口	海口
2018	12	11	雨	27	22	海口市	海南	海口	海口
2018	11	26	多云	18	8	南京市	江苏	南京	南京
2018	11	27	多云	16	7	南京市	江苏	南京	南京
2018	11	28	多云	16	7	南京市	江苏	南京	南京
2018	11	29	多云	17	8	南京市	江苏	南京	南京
2018	11	30	多云	18	9	南京市	江苏	南京	南京
2018	12	1	多云	17	11	南京市	江苏	南京	南京
2018	12	2	多云	18	13	南京市	江苏	南京	南京
2018	12	3	阴	20	9	南京市	江苏	南京	南京
2018	12	4	阴	15	8	南京市	江苏	南京	南京
2018	12	5	雨	14	6	南京市	江苏	南京	南京
2018	12	6	雨	9	4	南京市	江苏	南京	南京
2018	12	7	雨	11	5	南京市	江苏	南京	南京
2018	12	8	雨	11	6	南京市	江苏	南京	南京
2018	12	9	雨	13	7	南京市	江苏	南京	南京
2018	12	10	阴	12	7	南京市	江苏	南京	南京
2018	12	11	雨	9	4	南京市	江苏	南京	南京
2018	11	26	晴	19	8	无锡市	江苏	无锡	无锡
2018	11	27	多云	19	9	无锡市	江苏	无锡	无锡
2018	11	28	多云	17	8	无锡市	江苏	无锡	无锡
2018	11	29	多云	17	8	无锡市	江苏	无锡	无锡
2018	11	30	多云	18	9	无锡市	江苏	无锡	无锡
2018	12	1	多云	17	11	无锡市	江苏	无锡	无锡
2018	12	2	多云	18	13	无锡市	江苏	无锡	无锡
2018	12	3	多云	18	10	无锡市	江苏	无锡	无锡
2018	12	4	阴	16	10	无锡市	江苏	无锡	无锡
2018	12	5	雨	15	8	无锡市	江苏	无锡	无锡
2018	12	6	雨	11	6	无锡市	江苏	无锡	无锡
2018	12	7	雨	12	7	无锡市	江苏	无锡	无锡
2018	12	8	雨	12	7	无锡市	江苏	无锡	无锡
2018	12	9	雨	14	8	无锡市	江苏	无锡	无锡
2018	12	10	阴	14	8	无锡市	江苏	无锡	无锡
2018	12	11	雨	11	6	无锡市	江苏	无锡	无锡
2018	11	26	多云	16	5	徐州市	江苏	徐州	徐州
2018	11	27	多云	16	7	徐州市	江苏	徐州	徐州
2018	11	28	多云	16	6	徐州市	江苏	徐州	徐州
2018	11	29	多云	16	6	徐州市	江苏	徐州	徐州
2018	11	30	多云	15	5	徐州市	江苏	徐州	徐州
2018	12	1	多云	14	9	徐州市	江苏	徐州	徐州
2018	12	2	小雨	14	9	徐州市	江苏	徐州	徐州
2018	12	3	小雨	14	6	徐州市	江苏	徐州	徐州
2018	12	4	阴	12	5	徐州市	江苏	徐州	徐州
2018	12	5	雨	10	2	徐州市	江苏	徐州	徐州
2018	12	6	雨夹雪	5	0	徐州市	江苏	徐州	徐州
2018	12	7	阴	7	2	徐州市	江苏	徐州	徐州
2018	12	8	雨	9	3	徐州市	江苏	徐州	徐州
2018	12	9	多云	11	3	徐州市	江苏	徐州	徐州
2018	12	10	雨	9	3	徐州市	江苏	徐州	徐州
2018	12	11	阴	9	1	徐州市	江苏	徐州	徐州
2018	11	26	多云	19	9	常州市	江苏	常州	常州
2018	11	27	多云	18	8	常州市	江苏	常州	常州
2018	11	28	多云	17	8	常州市	江苏	常州	常州
2018	11	29	多云	17	8	常州市	江苏	常州	常州
2018	11	30	多云	16	7	常州市	江苏	常州	常州
2018	12	1	多云	15	9	常州市	江苏	常州	常州
2018	12	2	多云	15	10	常州市	江苏	常州	常州
2018	12	3	小雨	13	10	常州市	江苏	常州	常州
2018	12	4	阴	16	9	常州市	江苏	常州	常州
2018	12	5	雨	14	7	常州市	江苏	常州	常州
2018	12	6	雨	11	5	常州市	江苏	常州	常州
2018	12	7	雨	12	6	常州市	江苏	常州	常州
2018	12	8	雨	12	7	常州市	江苏	常州	常州
2018	12	9	雨	14	7	常州市	江苏	常州	常州
2018	12	10	阴	14	8	常州市	江苏	常州	常州
2018	12	11	雨	11	5	常州市	江苏	常州	常州
2018	11	26	多云	20	10	苏州市	江苏	苏州	苏州
2018	11	27	多云	18	9	苏州市	江苏	苏州	苏州
2018	11	28	多云	17	9	苏州市	江苏	苏州	苏州
2018	11	29	多云	19	10	苏州市	江苏	苏州	苏州
2018	11	30	多云	19	11	苏州市	江苏	苏州	苏州
2018	12	1	多云	17	12	苏州市	江苏	苏州	苏州
2018	12	2	多云	19	15	苏州市	江苏	苏州	苏州
2018	12	3	多云	20	11	苏州市	江苏	苏州	苏州
2018	12	4	雨	16	10	苏州市	江苏	苏州	苏州
2018	12	5	雨	16	8	苏州市	江苏	苏州	苏州
2018	12	6	雨	11	7	苏州市	江苏	苏州	苏州
2018	12	7	阴	13	7	苏州市	江苏	苏州	苏州
2018	12	8	雨	13	8	苏州市	江苏	苏州	苏州
2018	12	9	雨	14	8	苏州市	江苏	苏州	苏州
2018	12	10	阴	15	9	苏州市	江苏	苏州	苏州
2018	12	11	雨	12	7	苏州市	江苏	苏州	苏州
2018	11	26	多云	20	9	南通市	江苏	南通	南通
2018	11	27	多云	18	9	南通市	江苏	南通	南通
2018	11	28	多云	17	9	南通市	江苏	南通	南通
2018	11	29	晴	18	9	南通市	江苏	南通	南通
2018	11	30	多云	18	10	南通市	江苏	南通	南通
2018	12	1	阴	17	11	南通市	江苏	南通	南通
2018	12	2	小雨	18	10	南通市	江苏	南通	南通
2018	12	3	小雨	17	9	南通市	江苏	南通	南通
2018	12	4	阴	16	9	南通市	江苏	南通	南通
2018	12	5	阴	14	7	南通市	江苏	南通	南通
2018	12	6	雨	11	5	南通市	江苏	南通	南通
2018	12	7	阴	12	6	南通市	江苏	南通	南通
2018	12	8	雨	12	6	南通市	江苏	南通	南通
2018	12	9	雨	14	7	南通市	江苏	南通	南通
2018	12	10	阴	14	7	南通市	江苏	南通	南通
2018	12	11	雨	11	5	南通市	江苏	南通	南通
2018	11	26	晴	17	4	连云港市	江苏	连云港	连云港
2018	11	27	多云	14	7	连云港市	江苏	连云港	连云港
2018	11	28	多云	16	7	连云港市	江苏	连云港	连云港
2018	11	29	多云	16	7	连云港市	江苏	连云港	连云港
2018	11	30	阴	14	7	连云港市	江苏	连云港	连云港
2018	12	1	阴	14	5	连云港市	江苏	连云港	连云港
2018	12	2	多云	15	10	连云港市	江苏	连云港	连云港
2018	12	3	多云	16	5	连云港市	江苏	连云港	连云港
2018	12	4	阴	12	5	连云港市	江苏	连云港	连云港
2018	12	5	雨	9	2	连云港市	江苏	连云港	连云港
2018	12	6	雨夹雪	5	1	连云港市	江苏	连云港	连云港
2018	12	7	阴	9	2	连云港市	江苏	连云港	连云港
2018	12	8	雨	10	4	连云港市	江苏	连云港	连云港
2018	12	9	雨	10	4	连云港市	江苏	连云港	连云港
2018	12	10	雨	9	3	连云港市	江苏	连云港	连云港
2018	12	11	雨	9	1	连云港市	江苏	连云港	连云港
2018	11	26	晴	17	5	淮安市	江苏	淮安	淮安
2018	11	27	多云	17	7	淮安市	江苏	淮安	淮安
2018	11	28	晴	17	7	淮安市	江苏	淮安	淮安
2018	11	29	多云	17	7	淮安市	江苏	淮安	淮安
2018	11	30	多云	15	8	淮安市	江苏	淮安	淮安
2018	12	1	多云	14	8	淮安市	江苏	淮安	淮安
2018	12	2	阴	15	12	淮安市	江苏	淮安	淮安
2018	12	3	阴	17	8	淮安市	江苏	淮安	淮安
2018	12	4	阴	14	6	淮安市	江苏	淮安	淮安
2018	12	5	雨	11	2	淮安市	江苏	淮安	淮安
2018	12	6	雨	7	0	淮安市	江苏	淮安	淮安
2018	12	7	阴	9	2	淮安市	江苏	淮安	淮安
2018	12	8	雨	10	4	淮安市	江苏	淮安	淮安
2018	12	9	雨	12	4	淮安市	江苏	淮安	淮安
2018	12	10	雨	10	3	淮安市	江苏	淮安	淮安
2018	12	11	雨	10	2	淮安市	江苏	淮安	淮安
2018	11	26	多云	18	6	盐城市	江苏	盐城	盐城
2018	11	27	多云	17	8	盐城市	江苏	盐城	盐城
2018	11	28	多云	16	8	盐城市	江苏	盐城	盐城
2018	11	29	多云	16	7	盐城市	江苏	盐城	盐城
2018	11	30	多云	17	8	盐城市	江苏	盐城	盐城
2018	12	1	阴	15	9	盐城市	江苏	盐城	盐城
2018	12	2	小雨	17	10	盐城市	江苏	盐城	盐城
2018	12	3	阴	17	7	盐城市	江苏	盐城	盐城
2018	12	4	阴	14	8	盐城市	江苏	盐城	盐城
2018	12	5	雨	12	5	盐城市	江苏	盐城	盐城
2018	12	6	雨	9	2	盐城市	江苏	盐城	盐城
2018	12	7	阴	10	4	盐城市	江苏	盐城	盐城
2018	12	8	雨	12	6	盐城市	江苏	盐城	盐城
2018	12	9	雨	13	6	盐城市	江苏	盐城	盐城
2018	12	10	雨	12	5	盐城市	江苏	盐城	盐城
2018	12	11	雨	10	4	盐城市	江苏	盐城	盐城
2018	11	26	晴	19	7	扬州市	江苏	扬州	扬州
2018	11	27	多云	17	7	扬州市	江苏	扬州	扬州
2018	11	28	多云	17	7	扬州市	江苏	扬州	扬州
2018	11	29	多云	17	8	扬州市	江苏	扬州	扬州
2018	11	30	多云	17	9	扬州市	江苏	扬州	扬州
2018	12	1	多云	16	10	扬州市	江苏	扬州	扬州
2018	12	2	多云	17	12	扬州市	江苏	扬州	扬州
2018	12	3	阵雨	17	7	扬州市	江苏	扬州	扬州
2018	12	4	阴	15	8	扬州市	江苏	扬州	扬州
2018	12	5	雨	13	5	扬州市	江苏	扬州	扬州
2018	12	6	雨	9	3	扬州市	江苏	扬州	扬州
2018	12	7	雨	11	4	扬州市	江苏	扬州	扬州
2018	12	8	雨	11	6	扬州市	江苏	扬州	扬州
2018	12	9	雨	13	6	扬州市	江苏	扬州	扬州
2018	12	10	阴	12	6	扬州市	江苏	扬州	扬州
2018	12	11	雨	10	4	扬州市	江苏	扬州	扬州
2018	11	26	晴	18	8	镇江市	江苏	镇江	镇江
2018	11	27	多云	18	8	镇江市	江苏	镇江	镇江
2018	11	28	多云	18	8	镇江市	江苏	镇江	镇江
2018	11	29	多云	18	9	镇江市	江苏	镇江	镇江
2018	11	30	多云	18	10	镇江市	江苏	镇江	镇江
2018	12	1	多云	17	11	镇江市	江苏	镇江	镇江
2018	12	2	阴	18	13	镇江市	江苏	镇江	镇江
2018	12	3	小雨	19	7	镇江市	江苏	镇江	镇江
2018	12	4	阴	15	9	镇江市	江苏	镇江	镇江
2018	12	5	雨	13	6	镇江市	江苏	镇江	镇江
2018	12	6	雨	9	4	镇江市	江苏	镇江	镇江
2018	12	7	雨	11	5	镇江市	江苏	镇江	镇江
2018	12	8	雨	11	6	镇江市	江苏	镇江	镇江
2018	12	9	雨	13	7	镇江市	江苏	镇江	镇江
2018	12	10	阴	12	7	镇江市	江苏	镇江	镇江
2018	12	11	雨	10	5	镇江市	江苏	镇江	镇江
2018	11	26	多云	18	6	泰州市	江苏	泰州	泰州
2018	11	27	多云	17	5	泰州市	江苏	泰州	泰州
2018	11	28	多云	17	6	泰州市	江苏	泰州	泰州
2018	11	29	多云	18	6	泰州市	江苏	泰州	泰州
2018	11	30	多云	17	8	泰州市	江苏	泰州	泰州
2018	12	1	多云	16	10	泰州市	江苏	泰州	泰州
2018	12	2	多云	17	12	泰州市	江苏	泰州	泰州
2018	12	3	小雨	18	7	泰州市	江苏	泰州	泰州
2018	12	4	阴	15	8	泰州市	江苏	泰州	泰州
2018	12	5	雨	14	6	泰州市	江苏	泰州	泰州
2018	12	6	雨	10	3	泰州市	江苏	泰州	泰州
2018	12	7	阴	11	5	泰州市	江苏	泰州	泰州
2018	12	8	雨	12	6	泰州市	江苏	泰州	泰州
2018	12	9	雨	14	6	泰州市	江苏	泰州	泰州
2018	12	10	阴	13	6	泰州市	江苏	泰州	泰州
2018	12	11	雨	10	4	泰州市	江苏	泰州	泰州
2018	11	26	多云	17	6	宿迁市	江苏	宿迁	宿迁
2018	11	27	多云	16	9	宿迁市	江苏	宿迁	宿迁
2018	11	28	多云	16	7	宿迁市	江苏	宿迁	宿迁
2018	11	29	多云	17	9	宿迁市	江苏	宿迁	宿迁
2018	11	30	多云	16	7	宿迁市	江苏	宿迁	宿迁
2018	12	1	多云	15	9	宿迁市	江苏	宿迁	宿迁
2018	12	2	阴	16	11	宿迁市	江苏	宿迁	宿迁
2018	12	3	小雨	18	6	宿迁市	江苏	宿迁	宿迁
2018	12	4	阴	13	6	宿迁市	江苏	宿迁	宿迁
2018	12	5	雨	10	2	宿迁市	江苏	宿迁	宿迁
2018	12	6	雨夹雪	6	1	宿迁市	江苏	宿迁	宿迁
2018	12	7	阴	8	3	宿迁市	江苏	宿迁	宿迁
2018	12	8	雨	10	4	宿迁市	江苏	宿迁	宿迁
2018	12	9	雨	11	5	宿迁市	江苏	宿迁	宿迁
2018	12	10	雨	9	4	宿迁市	江苏	宿迁	宿迁
2018	12	11	雨	9	2	宿迁市	江苏	宿迁	宿迁
2018	11	26	阴	18	10	杭州市	浙江	杭州	杭州
2018	11	27	多云	18	10	杭州市	浙江	杭州	杭州
2018	11	28	阴	16	9	杭州市	浙江	杭州	杭州
2018	11	29	多云	19	11	杭州市	浙江	杭州	杭州
2018	11	30	多云	18	9	杭州市	浙江	杭州	杭州
2018	12	1	阴	17	9	杭州市	浙江	杭州	杭州
2018	12	2	阴	20	13	杭州市	浙江	杭州	杭州
2018	12	3	小雨	21	9	杭州市	浙江	杭州	杭州
2018	12	4	雨	15	10	杭州市	浙江	杭州	杭州
2018	12	5	阴	16	9	杭州市	浙江	杭州	杭州
2018	12	6	雨	12	7	杭州市	浙江	杭州	杭州
2018	12	7	雨	13	8	杭州市	浙江	杭州	杭州
2018	12	8	雨	14	9	杭州市	浙江	杭州	杭州
2018	12	9	雨	14	9	杭州市	浙江	杭州	杭州
2018	12	10	雨	15	10	杭州市	浙江	杭州	杭州
2018	12	11	雨	14	8	杭州市	浙江	杭州	杭州
2018	11	26	小雨	20	13	台州市	浙江	台州	台州
2018	11	27	多云	21	11	台州市	浙江	台州	台州
2018	11	28	多云	20	9	台州市	浙江	台州	台州
2018	11	29	晴	19	10	台州市	浙江	台州	台州
2018	11	30	晴	20	12	台州市	浙江	台州	台州
2018	12	1	多云	19	13	台州市	浙江	台州	台州
2018	12	2	多云	19	15	台州市	浙江	台州	台州
2018	12	3	小雨	20	16	台州市	浙江	台州	台州
2018	12	4	雨	19	13	台州市	浙江	台州	台州
2018	12	5	阴	19	13	台州市	浙江	台州	台州
2018	12	6	雨	17	11	台州市	浙江	台州	台州
2018	12	7	雨	15	11	台州市	浙江	台州	台州
2018	12	8	雨	19	13	台州市	浙江	台州	台州
2018	12	9	雨	16	13	台州市	浙江	台州	台州
2018	12	10	雨	18	13	台州市	浙江	台州	台州
2018	12	11	雨	16	11	台州市	浙江	台州	台州
2018	11	26	小雨	18	11	宁波市	浙江	宁波	宁波
2018	11	27	多云	18	9	宁波市	浙江	宁波	宁波
2018	11	28	多云	17	8	宁波市	浙江	宁波	宁波
2018	11	29	多云	19	8	宁波市	浙江	宁波	宁波
2018	11	30	多云	20	8	宁波市	浙江	宁波	宁波
2018	12	1	多云	20	9	宁波市	浙江	宁波	宁波
2018	12	2	多云	21	15	宁波市	浙江	宁波	宁波
2018	12	3	小雨	21	13	宁波市	浙江	宁波	宁波
2018	12	4	雨	16	10	宁波市	浙江	宁波	宁波
2018	12	5	阴	18	10	宁波市	浙江	宁波	宁波
2018	12	6	雨	15	8	宁波市	浙江	宁波	宁波
2018	12	7	雨	14	9	宁波市	浙江	宁波	宁波
2018	12	8	雨	16	10	宁波市	浙江	宁波	宁波
2018	12	9	雨	15	10	宁波市	浙江	宁波	宁波
2018	12	10	阴	17	10	宁波市	浙江	宁波	宁波
2018	12	11	雨	14	8	宁波市	浙江	宁波	宁波
2018	11	26	小雨	20	12	温州市	浙江	温州	温州
2018	11	27	晴	22	12	温州市	浙江	温州	温州
2018	11	28	晴	20	9	温州市	浙江	温州	温州
2018	11	29	晴	20	11	温州市	浙江	温州	温州
2018	11	30	多云	21	13	温州市	浙江	温州	温州
2018	12	1	多云	20	13	温州市	浙江	温州	温州
2018	12	2	小雨	21	15	温州市	浙江	温州	温州
2018	12	3	多云	22	17	温州市	浙江	温州	温州
2018	12	4	雨	20	13	温州市	浙江	温州	温州
2018	12	5	阴	19	13	温州市	浙江	温州	温州
2018	12	6	雨	18	11	温州市	浙江	温州	温州
2018	12	7	雨	15	11	温州市	浙江	温州	温州
2018	12	8	雨	20	13	温州市	浙江	温州	温州
2018	12	9	雨	18	13	温州市	浙江	温州	温州
2018	12	10	雨	20	14	温州市	浙江	温州	温州
2018	12	11	雨	16	11	温州市	浙江	温州	温州
2018	11	26	阴	20	9	嘉兴市	浙江	嘉兴	嘉兴
2018	11	27	雾	18	9	嘉兴市	浙江	嘉兴	嘉兴
2018	11	28	多云	16	6	嘉兴市	浙江	嘉兴	嘉兴
2018	11	29	晴	18	8	嘉兴市	浙江	嘉兴	嘉兴
2018	11	30	晴	19	9	嘉兴市	浙江	嘉兴	嘉兴
2018	12	1	多云	19	13	嘉兴市	浙江	嘉兴	嘉兴
2018	12	2	多云	18	15	嘉兴市	浙江	嘉兴	嘉兴
2018	12	3	阵雨	19	14	嘉兴市	浙江	嘉兴	嘉兴
2018	12	4	雨	16	10	嘉兴市	浙江	嘉兴	嘉兴
2018	12	5	阴	17	9	嘉兴市	浙江	嘉兴	嘉兴
2018	12	6	雨	12	8	嘉兴市	浙江	嘉兴	嘉兴
2018	12	7	雨	13	8	嘉兴市	浙江	嘉兴	嘉兴
2018	12	8	雨	14	9	嘉兴市	浙江	嘉兴	嘉兴
2018	12	9	雨	14	9	嘉兴市	浙江	嘉兴	嘉兴
2018	12	10	雨	15	9	嘉兴市	浙江	嘉兴	嘉兴
2018	12	11	雨	13	8	嘉兴市	浙江	嘉兴	嘉兴
2018	11	26	多云	19	7	湖州市	浙江	湖州	湖州
2018	11	27	晴	19	7	湖州市	浙江	湖州	湖州
2018	11	28	多云	17	6	湖州市	浙江	湖州	湖州
2018	11	29	多云	18	7	湖州市	浙江	湖州	湖州
2018	11	30	多云	17	9	湖州市	浙江	湖州	湖州
2018	12	1	多云	18	12	湖州市	浙江	湖州	湖州
2018	12	2	多云	17	14	湖州市	浙江	湖州	湖州
2018	12	3	阴	18	11	湖州市	浙江	湖州	湖州
2018	12	4	雨	15	10	湖州市	浙江	湖州	湖州
2018	12	5	阴	16	8	湖州市	浙江	湖州	湖州
2018	12	6	雨	12	6	湖州市	浙江	湖州	湖州
2018	12	7	雨	13	7	湖州市	浙江	湖州	湖州
2018	12	8	雨	13	7	湖州市	浙江	湖州	湖州
2018	12	9	雨	14	8	湖州市	浙江	湖州	湖州
2018	12	10	雨	15	9	湖州市	浙江	湖州	湖州
2018	12	11	雨	12	6	湖州市	浙江	湖州	湖州
2018	11	26	阴	18	11	绍兴市	浙江	绍兴	绍兴
2018	11	27	多云	18	9	绍兴市	浙江	绍兴	绍兴
2018	11	28	多云	18	8	绍兴市	浙江	绍兴	绍兴
2018	11	29	多云	18	8	绍兴市	浙江	绍兴	绍兴
2018	11	30	多云	18	10	绍兴市	浙江	绍兴	绍兴
2018	12	1	多云	17	8	绍兴市	浙江	绍兴	绍兴
2018	12	2	多云	19	14	绍兴市	浙江	绍兴	绍兴
2018	12	3	小雨	21	12	绍兴市	浙江	绍兴	绍兴
2018	12	4	雨	15	10	绍兴市	浙江	绍兴	绍兴
2018	12	5	阴	17	9	绍兴市	浙江	绍兴	绍兴
2018	12	6	雨	14	8	绍兴市	浙江	绍兴	绍兴
2018	12	7	雨	13	8	绍兴市	浙江	绍兴	绍兴
2018	12	8	雨	15	9	绍兴市	浙江	绍兴	绍兴
2018	12	9	雨	15	10	绍兴市	浙江	绍兴	绍兴
2018	12	10	雨	16	10	绍兴市	浙江	绍兴	绍兴
2018	12	11	雨	14	8	绍兴市	浙江	绍兴	绍兴
2018	11	26	多云	18	11	金华市	浙江	金华	金华
2018	11	27	多云	19	9	金华市	浙江	金华	金华
2018	11	28	晴	19	9	金华市	浙江	金华	金华
2018	11	29	多云	20	10	金华市	浙江	金华	金华
2018	11	30	晴	20	10	金华市	浙江	金华	金华
2018	12	1	多云	18	9	金华市	浙江	金华	金华
2018	12	2	多云	18	9	金华市	浙江	金华	金华
2018	12	3	小雨	19	13	金华市	浙江	金华	金华
2018	12	4	雨	17	11	金华市	浙江	金华	金华
2018	12	5	阴	18	10	金华市	浙江	金华	金华
2018	12	6	雨	15	8	金华市	浙江	金华	金华
2018	12	7	雨	13	8	金华市	浙江	金华	金华
2018	12	8	雨	16	11	金华市	浙江	金华	金华
2018	12	9	雨	16	10	金华市	浙江	金华	金华
2018	12	10	雨	18	11	金华市	浙江	金华	金华
2018	12	11	雨	14	9	金华市	浙江	金华	金华
2018	11	26	晴	21	10	南昌市	江西	南昌	南昌
2018	11	27	晴	21	10	南昌市	江西	南昌	南昌
2018	11	28	晴	20	9	南昌市	江西	南昌	南昌
2018	11	29	晴	20	10	南昌市	江西	南昌	南昌
2018	11	30	多云	19	11	南昌市	江西	南昌	南昌
2018	12	1	晴	20	11	南昌市	江西	南昌	南昌
2018	12	2	多云	19	14	南昌市	江西	南昌	南昌
2018	12	3	小雨	19	11	南昌市	江西	南昌	南昌
2018	12	4	雨	17	11	南昌市	江西	南昌	南昌
2018	12	5	阴	18	9	南昌市	江西	南昌	南昌
2018	12	6	雨	13	8	南昌市	江西	南昌	南昌
2018	12	7	雨	15	8	南昌市	江西	南昌	南昌
2018	12	8	雨	14	9	南昌市	江西	南昌	南昌
2018	12	9	多云	16	9	南昌市	江西	南昌	南昌
2018	12	10	雨	15	10	南昌市	江西	南昌	南昌
2018	12	11	雨	14	8	南昌市	江西	南昌	南昌
2018	11	26	多云	10	0	丹东市	辽宁	丹东	丹东
2018	11	27	晴	9	-5	丹东市	辽宁	丹东	丹东
2018	11	28	晴	5	-2	丹东市	辽宁	丹东	丹东
2018	11	29	多云	5	-5	丹东市	辽宁	丹东	丹东
2018	11	30	晴	7	-6	丹东市	辽宁	丹东	丹东
2018	12	1	晴	4	-2	丹东市	辽宁	丹东	丹东
2018	12	2	多云	8	2	丹东市	辽宁	丹东	丹东
2018	12	3	小雨	6	0	丹东市	辽宁	丹东	丹东
2018	12	4	晴	4	-3	丹东市	辽宁	丹东	丹东
2018	12	5	雪	0	-7	丹东市	辽宁	丹东	丹东
2018	12	6	晴	-2	-8	丹东市	辽宁	丹东	丹东
2018	12	7	晴	0	-7	丹东市	辽宁	丹东	丹东
2018	12	8	阴	0	-8	丹东市	辽宁	丹东	丹东
2018	12	9	雪	-2	-9	丹东市	辽宁	丹东	丹东
2018	12	10	多云	-2	-8	丹东市	辽宁	丹东	丹东
2018	12	11	雪	-3	-8	丹东市	辽宁	丹东	丹东
2018	11	26	晴	20	8	九江市	江西	九江	九江
2018	11	27	晴	20	8	九江市	江西	九江	九江
2018	11	28	晴	20	8	九江市	江西	九江	九江
2018	11	29	晴	20	8	九江市	江西	九江	九江
2018	11	30	多云	20	10	九江市	江西	九江	九江
2018	12	1	多云	19	7	九江市	江西	九江	九江
2018	12	2	小雨	15	12	九江市	江西	九江	九江
2018	12	3	小雨	17	12	九江市	江西	九江	九江
2018	12	4	雨	16	9	九江市	江西	九江	九江
2018	12	5	雨	16	7	九江市	江西	九江	九江
2018	12	6	雨	11	6	九江市	江西	九江	九江
2018	12	7	雨	12	6	九江市	江西	九江	九江
2018	12	8	雨	11	6	九江市	江西	九江	九江
2018	12	9	多云	14	6	九江市	江西	九江	九江
2018	12	10	雨	14	8	九江市	江西	九江	九江
2018	12	11	阴	12	6	九江市	江西	九江	九江
2018	11	26	多云	22	11	赣州市	江西	赣州	赣州
2018	11	27	晴	24	11	赣州市	江西	赣州	赣州
2018	11	28	晴	24	10	赣州市	江西	赣州	赣州
2018	11	29	晴	24	11	赣州市	江西	赣州	赣州
2018	11	30	多云	21	12	赣州市	江西	赣州	赣州
2018	12	1	阴	21	13	赣州市	江西	赣州	赣州
2018	12	2	阴	20	13	赣州市	江西	赣州	赣州
2018	12	3	小雨	18	14	赣州市	江西	赣州	赣州
2018	12	4	雨	22	13	赣州市	江西	赣州	赣州
2018	12	5	雨	21	11	赣州市	江西	赣州	赣州
2018	12	6	雨	17	9	赣州市	江西	赣州	赣州
2018	12	7	雨	19	9	赣州市	江西	赣州	赣州
2018	12	8	雨	22	11	赣州市	江西	赣州	赣州
2018	12	9	雨	20	12	赣州市	江西	赣州	赣州
2018	12	10	雨	21	12	赣州市	江西	赣州	赣州
2018	12	11	雨	16	9	赣州市	江西	赣州	赣州
2018	11	26	晴	21	10	吉安市	江西	吉安	吉安
2018	11	27	多云	21	10	吉安市	江西	吉安	吉安
2018	11	28	多云	21	10	吉安市	江西	吉安	吉安
2018	11	29	多云	21	10	吉安市	江西	吉安	吉安
2018	11	30	多云	21	11	吉安市	江西	吉安	吉安
2018	12	1	多云	20	12	吉安市	江西	吉安	吉安
2018	12	2	小雨	22	17	吉安市	江西	吉安	吉安
2018	12	3	小雨	25	11	吉安市	江西	吉安	吉安
2018	12	4	雨	19	12	吉安市	江西	吉安	吉安
2018	12	5	阴	19	9	吉安市	江西	吉安	吉安
2018	12	6	雨	15	7	吉安市	江西	吉安	吉安
2018	12	7	雨	16	7	吉安市	江西	吉安	吉安
2018	12	8	雨	18	10	吉安市	江西	吉安	吉安
2018	12	9	雨	18	10	吉安市	江西	吉安	吉安
2018	12	10	雨	19	9	吉安市	江西	吉安	吉安
2018	12	11	阴	15	7	吉安市	江西	吉安	吉安
2018	11	26	晴	21	8	宜春市	江西	宜春	宜春
2018	11	27	晴	21	8	宜春市	江西	宜春	宜春
2018	11	28	晴	21	8	宜春市	江西	宜春	宜春
2018	11	29	晴	21	9	宜春市	江西	宜春	宜春
2018	11	30	多云	21	9	宜春市	江西	宜春	宜春
2018	12	1	多云	21	11	宜春市	江西	宜春	宜春
2018	12	2	小雨	18	14	宜春市	江西	宜春	宜春
2018	12	3	小雨	22	10	宜春市	江西	宜春	宜春
2018	12	4	雨	17	10	宜春市	江西	宜春	宜春
2018	12	5	雨	18	8	宜春市	江西	宜春	宜春
2018	12	6	雨	13	6	宜春市	江西	宜春	宜春
2018	12	7	雨	14	6	宜春市	江西	宜春	宜春
2018	12	8	雨	15	7	宜春市	江西	宜春	宜春
2018	12	9	雨	16	8	宜春市	江西	宜春	宜春
2018	12	10	雨	15	8	宜春市	江西	宜春	宜春
2018	12	11	雨	15	7	宜春市	江西	宜春	宜春
2018	11	26	晴	20	8	抚州市	江西	抚州	抚州
2018	11	27	晴	20	8	抚州市	江西	抚州	抚州
2018	11	28	晴	20	8	抚州市	江西	抚州	抚州
2018	11	29	晴	21	8	抚州市	江西	抚州	抚州
2018	11	30	晴	20	10	抚州市	江西	抚州	抚州
2018	12	1	多云	20	11	抚州市	江西	抚州	抚州
2018	12	2	多云	21	15	抚州市	江西	抚州	抚州
2018	12	3	小雨	21	9	抚州市	江西	抚州	抚州
2018	12	4	雨	18	11	抚州市	江西	抚州	抚州
2018	12	5	阴	19	9	抚州市	江西	抚州	抚州
2018	12	6	雨	15	7	抚州市	江西	抚州	抚州
2018	12	7	雨	17	7	抚州市	江西	抚州	抚州
2018	12	8	雨	17	8	抚州市	江西	抚州	抚州
2018	12	9	多云	17	8	抚州市	江西	抚州	抚州
2018	12	10	雨	18	9	抚州市	江西	抚州	抚州
2018	12	11	雨	14	7	抚州市	江西	抚州	抚州
2018	11	26	多云	21	9	上饶市	江西	上饶	上饶
2018	11	27	晴	21	9	上饶市	江西	上饶	上饶
2018	11	28	晴	21	9	上饶市	江西	上饶	上饶
2018	11	29	晴	22	9	上饶市	江西	上饶	上饶
2018	11	30	多云	21	9	上饶市	江西	上饶	上饶
2018	12	1	多云	22	11	上饶市	江西	上饶	上饶
2018	12	2	小雨	21	14	上饶市	江西	上饶	上饶
2018	12	3	中雨	19	10	上饶市	江西	上饶	上饶
2018	12	4	雨	19	11	上饶市	江西	上饶	上饶
2018	12	5	阴	19	10	上饶市	江西	上饶	上饶
2018	12	6	雨	15	8	上饶市	江西	上饶	上饶
2018	12	7	雨	17	8	上饶市	江西	上饶	上饶
2018	12	8	雨	18	10	上饶市	江西	上饶	上饶
2018	12	9	雨	19	10	上饶市	江西	上饶	上饶
2018	12	10	雨	20	11	上饶市	江西	上饶	上饶
2018	12	11	雨	16	9	上饶市	江西	上饶	上饶
2018	11	26	晴	17	5	济南市	山东	济南	济南
2018	11	27	多云	12	3	济南市	山东	济南	济南
2018	11	28	多云	14	3	济南市	山东	济南	济南
2018	11	29	阴	12	5	济南市	山东	济南	济南
2018	11	30	晴	13	3	济南市	山东	济南	济南
2018	12	1	晴	12	5	济南市	山东	济南	济南
2018	12	2	小雨	10	4	济南市	山东	济南	济南
2018	12	3	多云	11	3	济南市	山东	济南	济南
2018	12	4	多云	9	2	济南市	山东	济南	济南
2018	12	5	雨	7	0	济南市	山东	济南	济南
2018	12	6	阴	2	-3	济南市	山东	济南	济南
2018	12	7	多云	7	0	济南市	山东	济南	济南
2018	12	8	雨	7	1	济南市	山东	济南	济南
2018	12	9	多云	8	2	济南市	山东	济南	济南
2018	12	10	阴	7	2	济南市	山东	济南	济南
2018	12	11	多云	7	0	济南市	山东	济南	济南
2018	11	26	晴	15	8	青岛市	山东	青岛	青岛
2018	11	27	多云	14	7	青岛市	山东	青岛	青岛
2018	11	28	多云	13	9	青岛市	山东	青岛	青岛
2018	11	29	阵雨	13	9	青岛市	山东	青岛	青岛
2018	11	30	多云	14	6	青岛市	山东	青岛	青岛
2018	12	1	多云	9	7	青岛市	山东	青岛	青岛
2018	12	2	小雨	12	9	青岛市	山东	青岛	青岛
2018	12	3	小雨	13	4	青岛市	山东	青岛	青岛
2018	12	4	晴	10	4	青岛市	山东	青岛	青岛
2018	12	5	雨	8	1	青岛市	山东	青岛	青岛
2018	12	6	阴	4	1	青岛市	山东	青岛	青岛
2018	12	7	多云	7	2	青岛市	山东	青岛	青岛
2018	12	8	雨	8	4	青岛市	山东	青岛	青岛
2018	12	9	雨	7	2	青岛市	山东	青岛	青岛
2018	12	10	阴	7	2	青岛市	山东	青岛	青岛
2018	12	11	雨	6	1	青岛市	山东	青岛	青岛
2018	11	26	晴	18	4	淄博市	山东	淄博	淄博
2018	11	27	多云	12	0	淄博市	山东	淄博	淄博
2018	11	28	多云	16	4	淄博市	山东	淄博	淄博
2018	11	29	阴	12	3	淄博市	山东	淄博	淄博
2018	11	30	晴	13	0	淄博市	山东	淄博	淄博
2018	12	1	晴	10	0	淄博市	山东	淄博	淄博
2018	12	2	小雨	10	3	淄博市	山东	淄博	淄博
2018	12	3	多云	10	3	淄博市	山东	淄博	淄博
2018	12	4	多云	9	0	淄博市	山东	淄博	淄博
2018	12	5	阴	7	-2	淄博市	山东	淄博	淄博
2018	12	6	阴	2	-3	淄博市	山东	淄博	淄博
2018	12	7	多云	7	-1	淄博市	山东	淄博	淄博
2018	12	8	雨	7	0	淄博市	山东	淄博	淄博
2018	12	9	多云	8	0	淄博市	山东	淄博	淄博
2018	12	10	阴	6	0	淄博市	山东	淄博	淄博
2018	12	11	多云	7	-2	淄博市	山东	淄博	淄博
2018	11	26	多云	18	5	枣庄市	山东	枣庄	枣庄
2018	11	27	阴	15	6	枣庄市	山东	枣庄	枣庄
2018	11	28	多云	16	6	枣庄市	山东	枣庄	枣庄
2018	11	29	多云	15	5	枣庄市	山东	枣庄	枣庄
2018	11	30	阴	15	5	枣庄市	山东	枣庄	枣庄
2018	12	1	多云	12	5	枣庄市	山东	枣庄	枣庄
2018	12	2	小雨	13	9	枣庄市	山东	枣庄	枣庄
2018	12	3	小雨	13	5	枣庄市	山东	枣庄	枣庄
2018	12	4	多云	12	4	枣庄市	山东	枣庄	枣庄
2018	12	5	雨	9	1	枣庄市	山东	枣庄	枣庄
2018	12	6	雨夹雪	4	0	枣庄市	山东	枣庄	枣庄
2018	12	7	阴	7	0	枣庄市	山东	枣庄	枣庄
2018	12	8	雨	9	2	枣庄市	山东	枣庄	枣庄
2018	12	9	多云	10	3	枣庄市	山东	枣庄	枣庄
2018	12	10	阴	8	2	枣庄市	山东	枣庄	枣庄
2018	12	11	多云	8	1	枣庄市	山东	枣庄	枣庄
2018	11	26	晴	16	8	烟台市	山东	烟台	烟台
2018	11	27	多云	12	3	烟台市	山东	烟台	烟台
2018	11	28	多云	12	6	烟台市	山东	烟台	烟台
2018	11	29	阴	12	7	烟台市	山东	烟台	烟台
2018	11	30	阴	12	1	烟台市	山东	烟台	烟台
2018	12	1	晴	8	0	烟台市	山东	烟台	烟台
2018	12	2	小雨	11	8	烟台市	山东	烟台	烟台
2018	12	3	多云	11	4	烟台市	山东	烟台	烟台
2018	12	4	晴	9	2	烟台市	山东	烟台	烟台
2018	12	5	雨	6	0	烟台市	山东	烟台	烟台
2018	12	6	阴	3	0	烟台市	山东	烟台	烟台
2018	12	7	雨夹雪	6	1	烟台市	山东	烟台	烟台
2018	12	8	雨	7	1	烟台市	山东	烟台	烟台
2018	12	9	雨夹雪	6	0	烟台市	山东	烟台	烟台
2018	12	10	多云	5	0	烟台市	山东	烟台	烟台
2018	12	11	雨夹雪	4	0	烟台市	山东	烟台	烟台
2018	11	26	晴	16	9	威海市	山东	威海	威海
2018	11	27	多云	12	5	威海市	山东	威海	威海
2018	11	28	多云	11	7	威海市	山东	威海	威海
2018	11	29	阴	11	6	威海市	山东	威海	威海
2018	11	30	多云	12	5	威海市	山东	威海	威海
2018	12	1	多云	10	4	威海市	山东	威海	威海
2018	12	2	多云	11	5	威海市	山东	威海	威海
2018	12	3	小雨	11	5	威海市	山东	威海	威海
2018	12	4	晴	9	4	威海市	山东	威海	威海
2018	12	5	雨	7	1	威海市	山东	威海	威海
2018	12	6	阴	3	0	威海市	山东	威海	威海
2018	12	7	雨	6	3	威海市	山东	威海	威海
2018	12	8	雨	7	2	威海市	山东	威海	威海
2018	12	9	雨	6	2	威海市	山东	威海	威海
2018	12	10	雨	5	1	威海市	山东	威海	威海
2018	12	11	雨	4	2	威海市	山东	威海	威海
2018	11	26	晴	18	6	济宁市	山东	济宁	济宁
2018	11	27	多云	13	7	济宁市	山东	济宁	济宁
2018	11	28	多云	16	7	济宁市	山东	济宁	济宁
2018	11	29	多云	15	6	济宁市	山东	济宁	济宁
2018	11	30	晴	14	4	济宁市	山东	济宁	济宁
2018	12	1	多云	13	9	济宁市	山东	济宁	济宁
2018	12	2	小雨	12	8	济宁市	山东	济宁	济宁
2018	12	3	多云	14	5	济宁市	山东	济宁	济宁
2018	12	4	阴	11	3	济宁市	山东	济宁	济宁
2018	12	5	阴	9	0	济宁市	山东	济宁	济宁
2018	12	6	雨夹雪	4	0	济宁市	山东	济宁	济宁
2018	12	7	阴	7	0	济宁市	山东	济宁	济宁
2018	12	8	雨	8	1	济宁市	山东	济宁	济宁
2018	12	9	多云	10	2	济宁市	山东	济宁	济宁
2018	12	10	多云	8	2	济宁市	山东	济宁	济宁
2018	12	11	多云	8	0	济宁市	山东	济宁	济宁
2018	11	26	晴	16	3	泰安市	山东	泰安	泰安
2018	11	27	多云	13	1	泰安市	山东	泰安	泰安
2018	11	28	多云	15	4	泰安市	山东	泰安	泰安
2018	11	29	多云	14	3	泰安市	山东	泰安	泰安
2018	11	30	晴	13	1	泰安市	山东	泰安	泰安
2018	12	1	晴	10	5	泰安市	山东	泰安	泰安
2018	12	2	阴	10	5	泰安市	山东	泰安	泰安
2018	12	3	多云	11	4	泰安市	山东	泰安	泰安
2018	12	4	多云	9	1	泰安市	山东	泰安	泰安
2018	12	5	阴	7	-2	泰安市	山东	泰安	泰安
2018	12	6	阴	2	-2	泰安市	山东	泰安	泰安
2018	12	7	阴	7	-1	泰安市	山东	泰安	泰安
2018	12	8	雨	8	0	泰安市	山东	泰安	泰安
2018	12	9	多云	8	0	泰安市	山东	泰安	泰安
2018	12	10	多云	7	0	泰安市	山东	泰安	泰安
2018	12	11	多云	7	-1	泰安市	山东	泰安	泰安
2018	11	26	晴	16	8	日照市	山东	日照	日照
2018	11	27	多云	13	9	日照市	山东	日照	日照
2018	11	28	多云	15	9	日照市	山东	日照	日照
2018	11	29	阴	14	6	日照市	山东	日照	日照
2018	11	30	阴	14	4	日照市	山东	日照	日照
2018	12	1	多云	12	6	日照市	山东	日照	日照
2018	12	2	阴	13	9	日照市	山东	日照	日照
2018	12	3	多云	15	4	日照市	山东	日照	日照
2018	12	4	多云	11	5	日照市	山东	日照	日照
2018	12	5	雨	9	1	日照市	山东	日照	日照
2018	12	6	雨夹雪	5	1	日照市	山东	日照	日照
2018	12	7	多云	8	2	日照市	山东	日照	日照
2018	12	8	雨	9	4	日照市	山东	日照	日照
2018	12	9	雨	9	3	日照市	山东	日照	日照
2018	12	10	雨	8	2	日照市	山东	日照	日照
2018	12	11	雨	8	2	日照市	山东	日照	日照
2018	11	26	多云	16	5	临沂市	山东	临沂	临沂
2018	11	27	多云	14	5	临沂市	山东	临沂	临沂
2018	11	28	多云	15	7	临沂市	山东	临沂	临沂
2018	11	29	阴	16	7	临沂市	山东	临沂	临沂
2018	11	30	多云	15	5	临沂市	山东	临沂	临沂
2018	12	1	多云	11	4	临沂市	山东	临沂	临沂
2018	12	2	小雨	12	9	临沂市	山东	临沂	临沂
2018	12	3	多云	14	1	临沂市	山东	临沂	临沂
2018	12	4	多云	11	3	临沂市	山东	临沂	临沂
2018	12	5	雨	8	1	临沂市	山东	临沂	临沂
2018	12	6	雨夹雪	4	0	临沂市	山东	临沂	临沂
2018	12	7	阴	7	0	临沂市	山东	临沂	临沂
2018	12	8	雨	9	2	临沂市	山东	临沂	临沂
2018	12	9	雨	9	2	临沂市	山东	临沂	临沂
2018	12	10	阴	8	1	临沂市	山东	临沂	临沂
2018	12	11	雨	8	0	临沂市	山东	临沂	临沂
2018	11	26	晴	17	5	德州市	山东	德州	德州
2018	11	27	多云	12	1	德州市	山东	德州	德州
2018	11	28	晴	13	2	德州市	山东	德州	德州
2018	11	29	多云	11	3	德州市	山东	德州	德州
2018	11	30	晴	12	-1	德州市	山东	德州	德州
2018	12	1	多云	11	5	德州市	山东	德州	德州
2018	12	2	小雨	10	5	德州市	山东	德州	德州
2018	12	3	多云	10	1	德州市	山东	德州	德州
2018	12	4	阴	7	0	德州市	山东	德州	德州
2018	12	5	阴	5	-2	德州市	山东	德州	德州
2018	12	6	多云	1	-3	德州市	山东	德州	德州
2018	12	7	多云	7	0	德州市	山东	德州	德州
2018	12	8	多云	7	0	德州市	山东	德州	德州
2018	12	9	多云	7	0	德州市	山东	德州	德州
2018	12	10	多云	6	0	德州市	山东	德州	德州
2018	12	11	多云	7	-1	德州市	山东	德州	德州
2018	11	26	晴	17	5	聊城市	山东	聊城	聊城
2018	11	27	多云	11	1	聊城市	山东	聊城	聊城
2018	11	28	多云	14	4	聊城市	山东	聊城	聊城
2018	11	29	多云	11	1	聊城市	山东	聊城	聊城
2018	11	30	晴	12	-1	聊城市	山东	聊城	聊城
2018	12	1	多云	10	3	聊城市	山东	聊城	聊城
2018	12	2	阴	10	4	聊城市	山东	聊城	聊城
2018	12	3	多云	12	2	聊城市	山东	聊城	聊城
2018	12	4	阴	9	0	聊城市	山东	聊城	聊城
2018	12	5	阴	7	-2	聊城市	山东	聊城	聊城
2018	12	6	阴	3	-2	聊城市	山东	聊城	聊城
2018	12	7	阴	8	-1	聊城市	山东	聊城	聊城
2018	12	8	雨	8	0	聊城市	山东	聊城	聊城
2018	12	9	多云	9	0	聊城市	山东	聊城	聊城
2018	12	10	多云	8	0	聊城市	山东	聊城	聊城
2018	12	11	多云	8	-1	聊城市	山东	聊城	聊城
2018	11	26	晴	17	4	滨州市	山东	滨州	滨州
2018	11	27	多云	12	1	滨州市	山东	滨州	滨州
2018	11	28	多云	14	2	滨州市	山东	滨州	滨州
2018	11	29	多云	12	3	滨州市	山东	滨州	滨州
2018	11	30	晴	12	1	滨州市	山东	滨州	滨州
2018	12	1	晴	10	4	滨州市	山东	滨州	滨州
2018	12	2	阴	11	5	滨州市	山东	滨州	滨州
2018	12	3	多云	11	1	滨州市	山东	滨州	滨州
2018	12	4	多云	8	0	滨州市	山东	滨州	滨州
2018	12	5	阴	7	-3	滨州市	山东	滨州	滨州
2018	12	6	阴	1	-3	滨州市	山东	滨州	滨州
2018	12	7	多云	7	-2	滨州市	山东	滨州	滨州
2018	12	8	阴	7	-1	滨州市	山东	滨州	滨州
2018	12	9	多云	7	-1	滨州市	山东	滨州	滨州
2018	12	10	阴	6	-1	滨州市	山东	滨州	滨州
2018	12	11	多云	7	-2	滨州市	山东	滨州	滨州
2018	11	26	多云	18	5	菏泽市	山东	菏泽	菏泽
2018	11	27	多云	12	4	菏泽市	山东	菏泽	菏泽
2018	11	28	多云	16	5	菏泽市	山东	菏泽	菏泽
2018	11	29	多云	13	3	菏泽市	山东	菏泽	菏泽
2018	11	30	晴	13	4	菏泽市	山东	菏泽	菏泽
2018	12	1	多云	13	9	菏泽市	山东	菏泽	菏泽
2018	12	2	多云	14	8	菏泽市	山东	菏泽	菏泽
2018	12	3	阴	14	4	菏泽市	山东	菏泽	菏泽
2018	12	4	阴	10	3	菏泽市	山东	菏泽	菏泽
2018	12	5	阴	8	1	菏泽市	山东	菏泽	菏泽
2018	12	6	阴	4	0	菏泽市	山东	菏泽	菏泽
2018	12	7	阴	8	1	菏泽市	山东	菏泽	菏泽
2018	12	8	雨	8	1	菏泽市	山东	菏泽	菏泽
2018	12	9	多云	11	1	菏泽市	山东	菏泽	菏泽
2018	12	10	多云	9	2	菏泽市	山东	菏泽	菏泽
2018	12	11	多云	8	0	菏泽市	山东	菏泽	菏泽
2018	11	26	晴	20	6	合肥市	安徽	合肥	合肥
2018	11	27	多云	19	5	合肥市	安徽	合肥	合肥
2018	11	28	多云	19	5	合肥市	安徽	合肥	合肥
2018	11	29	晴	20	7	合肥市	安徽	合肥	合肥
2018	11	30	多云	18	7	合肥市	安徽	合肥	合肥
2018	12	1	多云	16	8	合肥市	安徽	合肥	合肥
2018	12	2	多云	17	10	合肥市	安徽	合肥	合肥
2018	12	3	小雨	16	8	合肥市	安徽	合肥	合肥
2018	12	4	阴	14	7	合肥市	安徽	合肥	合肥
2018	12	5	阴	13	5	合肥市	安徽	合肥	合肥
2018	12	6	雨	9	3	合肥市	安徽	合肥	合肥
2018	12	7	雨	9	4	合肥市	安徽	合肥	合肥
2018	12	8	雨	10	5	合肥市	安徽	合肥	合肥
2018	12	9	雨	12	6	合肥市	安徽	合肥	合肥
2018	12	10	雨	10	5	合肥市	安徽	合肥	合肥
2018	12	11	雨	9	3	合肥市	安徽	合肥	合肥
2018	11	26	晴	19	7	铜陵市	安徽	铜陵	铜陵
2018	11	27	多云	17	6	铜陵市	安徽	铜陵	铜陵
2018	11	28	多云	17	8	铜陵市	安徽	铜陵	铜陵
2018	11	29	多云	19	6	铜陵市	安徽	铜陵	铜陵
2018	11	30	多云	16	7	铜陵市	安徽	铜陵	铜陵
2018	12	1	多云	15	7	铜陵市	安徽	铜陵	铜陵
2018	12	2	多云	18	10	铜陵市	安徽	铜陵	铜陵
2018	12	3	小雨	16	7	铜陵市	安徽	铜陵	铜陵
2018	12	4	阴	15	9	铜陵市	安徽	铜陵	铜陵
2018	12	5	阴	14	7	铜陵市	安徽	铜陵	铜陵
2018	12	6	雨	10	4	铜陵市	安徽	铜陵	铜陵
2018	12	7	雨	11	5	铜陵市	安徽	铜陵	铜陵
2018	12	8	雨	11	6	铜陵市	安徽	铜陵	铜陵
2018	12	9	雨	13	7	铜陵市	安徽	铜陵	铜陵
2018	12	10	雨	13	7	铜陵市	安徽	铜陵	铜陵
2018	12	11	雨	10	5	铜陵市	安徽	铜陵	铜陵
2018	11	26	晴	20	7	安庆市	安徽	安庆	安庆
2018	11	27	多云	19	6	安庆市	安徽	安庆	安庆
2018	11	28	晴	18	8	安庆市	安徽	安庆	安庆
2018	11	29	晴	19	8	安庆市	安徽	安庆	安庆
2018	11	30	多云	16	8	安庆市	安徽	安庆	安庆
2018	12	1	多云	16	8	安庆市	安徽	安庆	安庆
2018	12	2	多云	17	8	安庆市	安徽	安庆	安庆
2018	12	3	小雨	17	9	安庆市	安徽	安庆	安庆
2018	12	4	阴	15	9	安庆市	安徽	安庆	安庆
2018	12	5	阴	15	7	安庆市	安徽	安庆	安庆
2018	12	6	雨	10	4	安庆市	安徽	安庆	安庆
2018	12	7	雨	11	5	安庆市	安徽	安庆	安庆
2018	12	8	雨	11	5	安庆市	安徽	安庆	安庆
2018	12	9	多云	14	6	安庆市	安徽	安庆	安庆
2018	12	10	雨	13	7	安庆市	安徽	安庆	安庆
2018	12	11	雨	11	5	安庆市	安徽	安庆	安庆
2018	11	26	晴	21	8	黄山市	安徽	黄山	黄山
2018	11	27	多云	19	6	黄山市	安徽	黄山	黄山
2018	11	28	多云	19	5	黄山市	安徽	黄山	黄山
2018	11	29	晴	20	6	黄山市	安徽	黄山	黄山
2018	11	30	多云	19	7	黄山市	安徽	黄山	黄山
2018	12	1	多云	17	7	黄山市	安徽	黄山	黄山
2018	12	2	小雨	19	7	黄山市	安徽	黄山	黄山
2018	12	3	中雨	18	9	黄山市	安徽	黄山	黄山
2018	12	4	雨	16	10	黄山市	安徽	黄山	黄山
2018	12	5	阴	17	8	黄山市	安徽	黄山	黄山
2018	12	6	雨	12	5	黄山市	安徽	黄山	黄山
2018	12	7	雨	14	6	黄山市	安徽	黄山	黄山
2018	12	8	雨	13	6	黄山市	安徽	黄山	黄山
2018	12	9	雨	15	7	黄山市	安徽	黄山	黄山
2018	12	10	雨	16	8	黄山市	安徽	黄山	黄山
2018	12	11	雨	14	6	黄山市	安徽	黄山	黄山
2018	11	26	晴	20	7	池州市	安徽	池州	池州
2018	11	27	多云	19	6	池州市	安徽	池州	池州
2018	11	28	晴	19	7	池州市	安徽	池州	池州
2018	11	29	晴	20	8	池州市	安徽	池州	池州
2018	11	30	多云	18	7	池州市	安徽	池州	池州
2018	12	1	多云	18	7	池州市	安徽	池州	池州
2018	12	2	多云	18	7	池州市	安徽	池州	池州
2018	12	3	小雨	19	9	池州市	安徽	池州	池州
2018	12	4	阴	15	9	池州市	安徽	池州	池州
2018	12	5	阴	15	7	池州市	安徽	池州	池州
2018	12	6	雨	10	4	池州市	安徽	池州	池州
2018	12	7	雨	11	5	池州市	安徽	池州	池州
2018	12	8	雨	11	6	池州市	安徽	池州	池州
2018	12	9	雨	14	6	池州市	安徽	池州	池州
2018	12	10	雨	13	7	池州市	安徽	池州	池州
2018	12	11	雨	11	5	池州市	安徽	池州	池州
2018	11	26	小雨	20	14	福州市	福建	福州	福州
2018	11	27	多云	21	15	福州市	福建	福州	福州
2018	11	28	多云	21	13	福州市	福建	福州	福州
2018	11	29	多云	21	12	福州市	福建	福州	福州
2018	11	30	多云	23	15	福州市	福建	福州	福州
2018	12	1	多云	22	16	福州市	福建	福州	福州
2018	12	2	多云	23	17	福州市	福建	福州	福州
2018	12	3	多云	26	18	福州市	福建	福州	福州
2018	12	4	雨	24	16	福州市	福建	福州	福州
2018	12	5	雨	21	15	福州市	福建	福州	福州
2018	12	6	雨	20	13	福州市	福建	福州	福州
2018	12	7	雨	18	13	福州市	福建	福州	福州
2018	12	8	雨	23	15	福州市	福建	福州	福州
2018	12	9	雨	22	15	福州市	福建	福州	福州
2018	12	10	雨	20	16	福州市	福建	福州	福州
2018	12	11	雨	18	14	福州市	福建	福州	福州
2018	11	26	小雨	21	17	莆田市	福建	莆田	莆田
2018	11	27	晴	22	17	莆田市	福建	莆田	莆田
2018	11	28	晴	22	15	莆田市	福建	莆田	莆田
2018	11	29	晴	22	15	莆田市	福建	莆田	莆田
2018	11	30	多云	24	17	莆田市	福建	莆田	莆田
2018	12	1	多云	22	17	莆田市	福建	莆田	莆田
2018	12	2	多云	24	18	莆田市	福建	莆田	莆田
2018	12	3	多云	26	20	莆田市	福建	莆田	莆田
2018	12	4	雨	25	17	莆田市	福建	莆田	莆田
2018	12	5	雨	22	17	莆田市	福建	莆田	莆田
2018	12	6	雨	22	16	莆田市	福建	莆田	莆田
2018	12	7	雨	18	16	莆田市	福建	莆田	莆田
2018	12	8	雨	23	17	莆田市	福建	莆田	莆田
2018	12	9	雨	22	17	莆田市	福建	莆田	莆田
2018	12	10	雨	20	18	莆田市	福建	莆田	莆田
2018	12	11	雨	18	16	莆田市	福建	莆田	莆田
2018	11	26	晴	15	4	石家庄市	河北	石家庄	石家庄
2018	11	27	多云	14	-1	石家庄市	河北	石家庄	石家庄
2018	11	28	晴	8	-1	石家庄市	河北	石家庄	石家庄
2018	11	29	晴	7	-1	石家庄市	河北	石家庄	石家庄
2018	11	30	晴	9	-2	石家庄市	河北	石家庄	石家庄
2018	12	1	多云	10	0	石家庄市	河北	石家庄	石家庄
2018	12	2	阴	11	1	石家庄市	河北	石家庄	石家庄
2018	12	3	阴	10	-1	石家庄市	河北	石家庄	石家庄
2018	12	4	多云	6	-1	石家庄市	河北	石家庄	石家庄
2018	12	5	阴	5	-3	石家庄市	河北	石家庄	石家庄
2018	12	6	阴	2	-3	石家庄市	河北	石家庄	石家庄
2018	12	7	多云	6	-3	石家庄市	河北	石家庄	石家庄
2018	12	8	多云	6	-3	石家庄市	河北	石家庄	石家庄
2018	12	9	多云	5	-2	石家庄市	河北	石家庄	石家庄
2018	12	10	阴	5	-2	石家庄市	河北	石家庄	石家庄
2018	12	11	雨夹雪	5	-3	石家庄市	河北	石家庄	石家庄
2018	11	26	多云	12	-4	唐山市	河北	唐山	唐山
2018	11	27	晴	9	-5	唐山市	河北	唐山	唐山
2018	11	28	多云	9	-3	唐山市	河北	唐山	唐山
2018	11	29	晴	8	-4	唐山市	河北	唐山	唐山
2018	11	30	晴	9	-5	唐山市	河北	唐山	唐山
2018	12	1	多云	9	-3	唐山市	河北	唐山	唐山
2018	12	2	阴	8	-1	唐山市	河北	唐山	唐山
2018	12	3	多云	6	-1	唐山市	河北	唐山	唐山
2018	12	4	阴	4	-3	唐山市	河北	唐山	唐山
2018	12	5	雨夹雪	2	-7	唐山市	河北	唐山	唐山
2018	12	6	晴	-1	-6	唐山市	河北	唐山	唐山
2018	12	7	晴	3	-5	唐山市	河北	唐山	唐山
2018	12	8	雪	2	-6	唐山市	河北	唐山	唐山
2018	12	9	多云	1	-7	唐山市	河北	唐山	唐山
2018	12	10	晴	1	-6	唐山市	河北	唐山	唐山
2018	12	11	晴	2	-6	唐山市	河北	唐山	唐山
2018	11	26	多云	10	-2	秦皇岛市	河北	秦皇岛	秦皇岛
2018	11	27	晴	8	-5	秦皇岛市	河北	秦皇岛	秦皇岛
2018	11	28	晴	7	-3	秦皇岛市	河北	秦皇岛	秦皇岛
2018	11	29	晴	6	-3	秦皇岛市	河北	秦皇岛	秦皇岛
2018	11	30	晴	7	-4	秦皇岛市	河北	秦皇岛	秦皇岛
2018	12	1	晴	7	-3	秦皇岛市	河北	秦皇岛	秦皇岛
2018	12	2	多云	5	0	秦皇岛市	河北	秦皇岛	秦皇岛
2018	12	3	阴	8	0	秦皇岛市	河北	秦皇岛	秦皇岛
2018	12	4	晴	4	-4	秦皇岛市	河北	秦皇岛	秦皇岛
2018	12	5	雨夹雪	2	-8	秦皇岛市	河北	秦皇岛	秦皇岛
2018	12	6	晴	0	-8	秦皇岛市	河北	秦皇岛	秦皇岛
2018	12	7	晴	4	-7	秦皇岛市	河北	秦皇岛	秦皇岛
2018	12	8	雪	0	-8	秦皇岛市	河北	秦皇岛	秦皇岛
2018	12	9	雪	0	-8	秦皇岛市	河北	秦皇岛	秦皇岛
2018	12	10	晴	1	-7	秦皇岛市	河北	秦皇岛	秦皇岛
2018	12	11	晴	1	-6	秦皇岛市	河北	秦皇岛	秦皇岛
2018	11	26	多云	18	4	邯郸市	河北	邯郸	邯郸
2018	11	27	多云	12	1	邯郸市	河北	邯郸	邯郸
2018	11	28	晴	13	2	邯郸市	河北	邯郸	邯郸
2018	11	29	多云	10	0	邯郸市	河北	邯郸	邯郸
2018	11	30	晴	11	0	邯郸市	河北	邯郸	邯郸
2018	12	1	晴	10	2	邯郸市	河北	邯郸	邯郸
2018	12	2	阴	11	2	邯郸市	河北	邯郸	邯郸
2018	12	3	晴	12	2	邯郸市	河北	邯郸	邯郸
2018	12	4	阴	7	0	邯郸市	河北	邯郸	邯郸
2018	12	5	阴	6	-1	邯郸市	河北	邯郸	邯郸
2018	12	6	阴	3	-1	邯郸市	河北	邯郸	邯郸
2018	12	7	阴	8	0	邯郸市	河北	邯郸	邯郸
2018	12	8	雨	8	-1	邯郸市	河北	邯郸	邯郸
2018	12	9	多云	8	-1	邯郸市	河北	邯郸	邯郸
2018	12	10	多云	7	-1	邯郸市	河北	邯郸	邯郸
2018	12	11	多云	8	-2	邯郸市	河北	邯郸	邯郸
2018	11	26	晴	17	4	邢台市	河北	邢台	邢台
2018	11	27	晴	13	3	邢台市	河北	邢台	邢台
2018	11	28	多云	12	-1	邢台市	河北	邢台	邢台
2018	11	29	晴	8	1	邢台市	河北	邢台	邢台
2018	11	30	晴	9	0	邢台市	河北	邢台	邢台
2018	12	1	晴	10	0	邢台市	河北	邢台	邢台
2018	12	2	阴	12	2	邢台市	河北	邢台	邢台
2018	12	3	多云	10	0	邢台市	河北	邢台	邢台
2018	12	4	阴	7	0	邢台市	河北	邢台	邢台
2018	12	5	多云	6	-1	邢台市	河北	邢台	邢台
2018	12	6	阴	2	-2	邢台市	河北	邢台	邢台
2018	12	7	阴	7	-1	邢台市	河北	邢台	邢台
2018	12	8	多云	7	-1	邢台市	河北	邢台	邢台
2018	12	9	多云	7	-1	邢台市	河北	邢台	邢台
2018	12	10	阴	6	0	邢台市	河北	邢台	邢台
2018	12	11	多云	7	-2	邢台市	河北	邢台	邢台
2018	11	26	多云	12	-1	保定市	河北	保定	保定
2018	11	27	晴	11	-3	保定市	河北	保定	保定
2018	11	28	晴	9	-3	保定市	河北	保定	保定
2018	11	29	晴	7	-5	保定市	河北	保定	保定
2018	11	30	晴	8	-4	保定市	河北	保定	保定
2018	12	1	晴	9	-3	保定市	河北	保定	保定
2018	12	2	多云	9	-2	保定市	河北	保定	保定
2018	12	3	晴	9	-4	保定市	河北	保定	保定
2018	12	4	阴	5	-3	保定市	河北	保定	保定
2018	12	5	阴	4	-6	保定市	河北	保定	保定
2018	12	6	晴	0	-7	保定市	河北	保定	保定
2018	12	7	晴	4	-5	保定市	河北	保定	保定
2018	12	8	多云	5	-6	保定市	河北	保定	保定
2018	12	9	阴	3	-5	保定市	河北	保定	保定
2018	12	10	多云	4	-5	保定市	河北	保定	保定
2018	12	11	多云	4	-6	保定市	河北	保定	保定
2018	11	26	多云	11	-5	长春市	吉林	长春	长春
2018	11	27	晴	2	-10	长春市	吉林	长春	长春
2018	11	28	多云	-2	-11	长春市	吉林	长春	长春
2018	11	29	晴	-4	-9	长春市	吉林	长春	长春
2018	11	30	多云	-2	-11	长春市	吉林	长春	长春
2018	12	1	晴	1	-3	长春市	吉林	长春	长春
2018	12	2	多云	8	2	长春市	吉林	长春	长春
2018	12	3	雨夹雪	4	-6	长春市	吉林	长春	长春
2018	12	4	晴	-4	-10	长春市	吉林	长春	长春
2018	12	5	阴	-7	-13	长春市	吉林	长春	长春
2018	12	6	晴	-11	-14	长春市	吉林	长春	长春
2018	12	7	多云	-6	-14	长春市	吉林	长春	长春
2018	12	8	多云	-10	-15	长春市	吉林	长春	长春
2018	12	9	多云	-11	-15	长春市	吉林	长春	长春
2018	12	10	晴	-10	-15	长春市	吉林	长春	长春
2018	12	11	雪	-10	-14	长春市	吉林	长春	长春
2018	11	26	晴	11	-7	承德市	河北	承德	承德
2018	11	27	晴	5	-9	承德市	河北	承德	承德
2018	11	28	晴	5	-8	承德市	河北	承德	承德
2018	11	29	晴	4	-8	承德市	河北	承德	承德
2018	11	30	晴	5	-7	承德市	河北	承德	承德
2018	12	1	晴	6	-7	承德市	河北	承德	承德
2018	12	2	多云	7	-5	承德市	河北	承德	承德
2018	12	3	多云	5	-7	承德市	河北	承德	承德
2018	12	4	阴	0	-10	承德市	河北	承德	承德
2018	12	5	雪	-2	-14	承德市	河北	承德	承德
2018	12	6	晴	-5	-13	承德市	河北	承德	承德
2018	12	7	晴	-1	-12	承德市	河北	承德	承德
2018	12	8	多云	-2	-12	承德市	河北	承德	承德
2018	12	9	晴	-3	-12	承德市	河北	承德	承德
2018	12	10	晴	-2	-12	承德市	河北	承德	承德
2018	12	11	晴	-1	-11	承德市	河北	承德	承德
2018	11	26	多云	14	0	沧州市	河北	沧州	沧州
2018	11	27	晴	11	-2	沧州市	河北	沧州	沧州
2018	11	28	晴	12	-3	沧州市	河北	沧州	沧州
2018	11	29	晴	10	-1	沧州市	河北	沧州	沧州
2018	11	30	晴	10	-2	沧州市	河北	沧州	沧州
2018	12	1	晴	10	1	沧州市	河北	沧州	沧州
2018	12	2	多云	11	3	沧州市	河北	沧州	沧州
2018	12	3	阴	9	-1	沧州市	河北	沧州	沧州
2018	12	4	阴	6	-1	沧州市	河北	沧州	沧州
2018	12	5	阴	4	-5	沧州市	河北	沧州	沧州
2018	12	6	阴	0	-4	沧州市	河北	沧州	沧州
2018	12	7	多云	5	-3	沧州市	河北	沧州	沧州
2018	12	8	多云	6	-2	沧州市	河北	沧州	沧州
2018	12	9	多云	5	-3	沧州市	河北	沧州	沧州
2018	12	10	多云	4	-3	沧州市	河北	沧州	沧州
2018	12	11	多云	5	-3	沧州市	河北	沧州	沧州
2018	11	26	多云	12	0	廊坊市	河北	廊坊	廊坊
2018	11	27	晴	10	-2	廊坊市	河北	廊坊	廊坊
2018	11	28	多云	9	-3	廊坊市	河北	廊坊	廊坊
2018	11	29	晴	7	-4	廊坊市	河北	廊坊	廊坊
2018	11	30	晴	10	-3	廊坊市	河北	廊坊	廊坊
2018	12	1	晴	8	-4	廊坊市	河北	廊坊	廊坊
2018	12	2	多云	7	-1	廊坊市	河北	廊坊	廊坊
2018	12	3	多云	9	-4	廊坊市	河北	廊坊	廊坊
2018	12	4	阴	4	-3	廊坊市	河北	廊坊	廊坊
2018	12	5	多云	3	-6	廊坊市	河北	廊坊	廊坊
2018	12	6	晴	0	-6	廊坊市	河北	廊坊	廊坊
2018	12	7	晴	3	-5	廊坊市	河北	廊坊	廊坊
2018	12	8	多云	3	-5	廊坊市	河北	廊坊	廊坊
2018	12	9	多云	2	-6	廊坊市	河北	廊坊	廊坊
2018	12	10	多云	2	-6	廊坊市	河北	廊坊	廊坊
2018	12	11	多云	3	-6	廊坊市	河北	廊坊	廊坊
2018	11	26	多云	10	-6	吉林市	吉林	吉林	吉林
2018	11	27	晴	3	-10	吉林市	吉林	吉林	吉林
2018	11	28	多云	-2	-11	吉林市	吉林	吉林	吉林
2018	11	29	晴	-4	-10	吉林市	吉林	吉林	吉林
2018	11	30	多云	1	-12	吉林市	吉林	吉林	吉林
2018	12	1	晴	0	-4	吉林市	吉林	吉林	吉林
2018	12	2	晴	7	1	吉林市	吉林	吉林	吉林
2018	12	3	雨夹雪	4	-5	吉林市	吉林	吉林	吉林
2018	12	4	多云	-4	-11	吉林市	吉林	吉林	吉林
2018	12	5	多云	-7	-13	吉林市	吉林	吉林	吉林
2018	12	6	晴	-11	-14	吉林市	吉林	吉林	吉林
2018	12	7	多云	-8	-14	吉林市	吉林	吉林	吉林
2018	12	8	多云	-9	-15	吉林市	吉林	吉林	吉林
2018	12	9	多云	-10	-17	吉林市	吉林	吉林	吉林
2018	12	10	晴	-10	-16	吉林市	吉林	吉林	吉林
2018	12	11	晴	-10	-15	吉林市	吉林	吉林	吉林
2018	11	26	多云	15	3	衡水市	河北	衡水	衡水
2018	11	27	多云	12	-1	衡水市	河北	衡水	衡水
2018	11	28	晴	11	0	衡水市	河北	衡水	衡水
2018	11	29	多云	9	-1	衡水市	河北	衡水	衡水
2018	11	30	晴	11	-2	衡水市	河北	衡水	衡水
2018	12	1	晴	10	3	衡水市	河北	衡水	衡水
2018	12	2	小雨	10	4	衡水市	河北	衡水	衡水
2018	12	3	晴	10	0	衡水市	河北	衡水	衡水
2018	12	4	阴	6	-1	衡水市	河北	衡水	衡水
2018	12	5	多云	5	-4	衡水市	河北	衡水	衡水
2018	12	6	阴	1	-3	衡水市	河北	衡水	衡水
2018	12	7	多云	6	-2	衡水市	河北	衡水	衡水
2018	12	8	多云	7	-2	衡水市	河北	衡水	衡水
2018	12	9	多云	6	-2	衡水市	河北	衡水	衡水
2018	12	10	多云	5	-2	衡水市	河北	衡水	衡水
2018	12	11	多云	6	-3	衡水市	河北	衡水	衡水
2018	11	26	多云	11	-2	太原市	山西	太原	太原
2018	11	27	晴	10	-6	太原市	山西	太原	太原
2018	11	28	晴	12	-5	太原市	山西	太原	太原
2018	11	29	多云	10	-4	太原市	山西	太原	太原
2018	11	30	晴	9	-3	太原市	山西	太原	太原
2018	12	1	小雨	10	-3	太原市	山西	太原	太原
2018	12	2	多云	11	-1	太原市	山西	太原	太原
2018	12	3	阴	10	-1	太原市	山西	太原	太原
2018	12	4	雪	2	-5	太原市	山西	太原	太原
2018	12	5	阴	2	-9	太原市	山西	太原	太原
2018	12	6	阴	0	-8	太原市	山西	太原	太原
2018	12	7	多云	5	-5	太原市	山西	太原	太原
2018	12	8	多云	6	-5	太原市	山西	太原	太原
2018	12	9	多云	7	-3	太原市	山西	太原	太原
2018	12	10	多云	6	-3	太原市	山西	太原	太原
2018	12	11	阴	5	-4	太原市	山西	太原	太原
2018	11	26	晴	7	-11	大同市	山西	大同	大同
2018	11	27	晴	2	-12	大同市	山西	大同	大同
2018	11	28	晴	6	-8	大同市	山西	大同	大同
2018	11	29	晴	6	-8	大同市	山西	大同	大同
2018	11	30	晴	6	-10	大同市	山西	大同	大同
2018	12	1	晴	6	-8	大同市	山西	大同	大同
2018	12	2	晴	8	-5	大同市	山西	大同	大同
2018	12	3	晴	5	-10	大同市	山西	大同	大同
2018	12	4	阴	-3	-15	大同市	山西	大同	大同
2018	12	5	多云	-4	-19	大同市	山西	大同	大同
2018	12	6	晴	-5	-18	大同市	山西	大同	大同
2018	12	7	晴	0	-13	大同市	山西	大同	大同
2018	12	8	多云	1	-12	大同市	山西	大同	大同
2018	12	9	多云	1	-12	大同市	山西	大同	大同
2018	12	10	晴	-1	-13	大同市	山西	大同	大同
2018	12	11	多云	0	-13	大同市	山西	大同	大同
2018	11	26	晴	10	-5	四平市	吉林	四平	四平
2018	11	27	晴	3	-11	四平市	吉林	四平	四平
2018	11	28	多云	-1	-12	四平市	吉林	四平	四平
2018	11	29	晴	-4	-11	四平市	吉林	四平	四平
2018	11	30	晴	2	-10	四平市	吉林	四平	四平
2018	12	1	晴	-2	-4	四平市	吉林	四平	四平
2018	12	2	晴	6	0	四平市	吉林	四平	四平
2018	12	3	小雪	4	-6	四平市	吉林	四平	四平
2018	12	4	晴	-3	-10	四平市	吉林	四平	四平
2018	12	5	阴	-5	-13	四平市	吉林	四平	四平
2018	12	6	晴	-9	-12	四平市	吉林	四平	四平
2018	12	7	多云	-5	-13	四平市	吉林	四平	四平
2018	12	8	多云	-8	-15	四平市	吉林	四平	四平
2018	12	9	多云	-9	-15	四平市	吉林	四平	四平
2018	12	10	晴	-8	-15	四平市	吉林	四平	四平
2018	12	11	雪	-8	-13	四平市	吉林	四平	四平
2018	11	26	晴	14	0	运城市	山西	运城	运城
2018	11	27	多云	12	0	运城市	山西	运城	运城
2018	11	28	晴	13	0	运城市	山西	运城	运城
2018	11	29	多云	14	0	运城市	山西	运城	运城
2018	11	30	多云	13	0	运城市	山西	运城	运城
2018	12	1	小雨	11	0	运城市	山西	运城	运城
2018	12	2	多云	14	2	运城市	山西	运城	运城
2018	12	3	晴	12	1	运城市	山西	运城	运城
2018	12	4	雨	9	0	运城市	山西	运城	运城
2018	12	5	阴	7	-1	运城市	山西	运城	运城
2018	12	6	雨	5	-2	运城市	山西	运城	运城
2018	12	7	多云	8	-1	运城市	山西	运城	运城
2018	12	8	雨	9	-1	运城市	山西	运城	运城
2018	12	9	多云	11	0	运城市	山西	运城	运城
2018	12	10	多云	10	0	运城市	山西	运城	运城
2018	12	11	多云	8	-1	运城市	山西	运城	运城
2018	11	26	浮尘	10	0	北京市	北京	北京	北京
2018	11	27	晴	10	-3	北京市	北京	北京	北京
2018	11	28	多云	9	-3	北京市	北京	北京	北京
2018	11	29	多云	6	-4	北京市	北京	北京	北京
2018	11	30	晴	10	-3	北京市	北京	北京	北京
2018	12	1	晴	7	-4	北京市	北京	北京	北京
2018	12	2	多云	7	0	北京市	北京	北京	北京
2018	12	3	多云	10	-1	北京市	北京	北京	北京
2018	12	4	阴	3	-3	北京市	北京	北京	北京
2018	12	5	晴	2	-6	北京市	北京	北京	北京
2018	12	6	晴	0	-6	北京市	北京	北京	北京
2018	12	7	晴	3	-4	北京市	北京	北京	北京
2018	12	8	多云	2	-5	北京市	北京	北京	北京
2018	12	9	多云	2	-5	北京市	北京	北京	北京
2018	12	10	晴	3	-5	北京市	北京	北京	北京
2018	12	11	晴	4	-5	北京市	北京	北京	北京
2018	11	26	阴	13	1	临汾市	山西	临汾	临汾
2018	11	27	晴	12	1	临汾市	山西	临汾	临汾
2018	11	28	晴	11	1	临汾市	山西	临汾	临汾
2018	11	29	多云	11	2	临汾市	山西	临汾	临汾
2018	11	30	阴	13	1	临汾市	山西	临汾	临汾
2018	12	1	多云	11	2	临汾市	山西	临汾	临汾
2018	12	2	多云	11	2	临汾市	山西	临汾	临汾
2018	12	3	多云	12	4	临汾市	山西	临汾	临汾
2018	12	4	雨夹雪	7	0	临汾市	山西	临汾	临汾
2018	12	5	阴	7	-2	临汾市	山西	临汾	临汾
2018	12	6	阴	4	-2	临汾市	山西	临汾	临汾
2018	12	7	雨	8	0	临汾市	山西	临汾	临汾
2018	12	8	雨	9	0	临汾市	山西	临汾	临汾
2018	12	9	阴	11	0	临汾市	山西	临汾	临汾
2018	12	10	多云	11	0	临汾市	山西	临汾	临汾
2018	12	11	多云	9	-1	临汾市	山西	临汾	临汾
2018	11	26	多云	10	-4	吕梁市	山西	吕梁	吕梁
2018	11	27	晴	8	-3	吕梁市	山西	吕梁	吕梁
2018	11	28	晴	11	-2	吕梁市	山西	吕梁	吕梁
2018	11	29	晴	11	0	吕梁市	山西	吕梁	吕梁
2018	11	30	晴	9	-3	吕梁市	山西	吕梁	吕梁
2018	12	1	雨夹雪	11	-3	吕梁市	山西	吕梁	吕梁
2018	12	2	多云	14	0	吕梁市	山西	吕梁	吕梁
2018	12	3	阴	10	-1	吕梁市	山西	吕梁	吕梁
2018	12	4	雪	1	-7	吕梁市	山西	吕梁	吕梁
2018	12	5	阴	0	-11	吕梁市	山西	吕梁	吕梁
2018	12	6	阴	-1	-9	吕梁市	山西	吕梁	吕梁
2018	12	7	多云	4	-5	吕梁市	山西	吕梁	吕梁
2018	12	8	多云	5	-5	吕梁市	山西	吕梁	吕梁
2018	12	9	多云	6	-5	吕梁市	山西	吕梁	吕梁
2018	12	10	多云	5	-4	吕梁市	山西	吕梁	吕梁
2018	12	11	多云	5	-4	吕梁市	山西	吕梁	吕梁
2018	11	26	晴	5	-10	呼和浩特市	内蒙古	呼和浩特	呼和浩特
2018	11	27	晴	2	-9	呼和浩特市	内蒙古	呼和浩特	呼和浩特
2018	11	28	晴	4	-8	呼和浩特市	内蒙古	呼和浩特	呼和浩特
2018	11	29	晴	4	-8	呼和浩特市	内蒙古	呼和浩特	呼和浩特
2018	11	30	晴	4	-8	呼和浩特市	内蒙古	呼和浩特	呼和浩特
2018	12	1	晴	5	-6	呼和浩特市	内蒙古	呼和浩特	呼和浩特
2018	12	2	多云	5	-6	呼和浩特市	内蒙古	呼和浩特	呼和浩特
2018	12	3	晴	2	-8	呼和浩特市	内蒙古	呼和浩特	呼和浩特
2018	12	4	阴	-5	-13	呼和浩特市	内蒙古	呼和浩特	呼和浩特
2018	12	5	晴	-7	-17	呼和浩特市	内蒙古	呼和浩特	呼和浩特
2018	12	6	晴	-7	-16	呼和浩特市	内蒙古	呼和浩特	呼和浩特
2018	12	7	晴	-1	-11	呼和浩特市	内蒙古	呼和浩特	呼和浩特
2018	12	8	多云	0	-9	呼和浩特市	内蒙古	呼和浩特	呼和浩特
2018	12	9	多云	0	-9	呼和浩特市	内蒙古	呼和浩特	呼和浩特
2018	12	10	晴	-2	-10	呼和浩特市	内蒙古	呼和浩特	呼和浩特
2018	12	11	多云	-1	-10	呼和浩特市	内蒙古	呼和浩特	呼和浩特
2018	11	26	多云	11	-4	辽源市	吉林	辽源	辽源
2018	11	27	多云	4	-9	辽源市	吉林	辽源	辽源
2018	11	28	多云	-1	-10	辽源市	吉林	辽源	辽源
2018	11	29	多云	-4	-16	辽源市	吉林	辽源	辽源
2018	11	30	晴	0	-14	辽源市	吉林	辽源	辽源
2018	12	1	晴	3	-8	辽源市	吉林	辽源	辽源
2018	12	2	多云	7	-2	辽源市	吉林	辽源	辽源
2018	12	3	中雨	3	-3	辽源市	吉林	辽源	辽源
2018	12	4	多云	-2	-11	辽源市	吉林	辽源	辽源
2018	12	5	阴	-5	-13	辽源市	吉林	辽源	辽源
2018	12	6	晴	-10	-13	辽源市	吉林	辽源	辽源
2018	12	7	多云	-5	-13	辽源市	吉林	辽源	辽源
2018	12	8	多云	-8	-15	辽源市	吉林	辽源	辽源
2018	12	9	多云	-9	-15	辽源市	吉林	辽源	辽源
2018	12	10	晴	-8	-15	辽源市	吉林	辽源	辽源
2018	12	11	雪	-8	-13	辽源市	吉林	辽源	辽源
2018	11	26	多云	11	-7	赤峰市	内蒙古	赤峰	赤峰
2018	11	27	晴	0	-12	赤峰市	内蒙古	赤峰	赤峰
2018	11	28	晴	4	-9	赤峰市	内蒙古	赤峰	赤峰
2018	11	29	晴	0	-6	赤峰市	内蒙古	赤峰	赤峰
2018	11	30	晴	3	-11	赤峰市	内蒙古	赤峰	赤峰
2018	12	1	晴	5	-5	赤峰市	内蒙古	赤峰	赤峰
2018	12	2	晴	6	-5	赤峰市	内蒙古	赤峰	赤峰
2018	12	3	阴	7	-6	赤峰市	内蒙古	赤峰	赤峰
2018	12	4	多云	-3	-11	赤峰市	内蒙古	赤峰	赤峰
2018	12	5	雪	-5	-14	赤峰市	内蒙古	赤峰	赤峰
2018	12	6	晴	-7	-14	赤峰市	内蒙古	赤峰	赤峰
2018	12	7	晴	-3	-14	赤峰市	内蒙古	赤峰	赤峰
2018	12	8	多云	-7	-15	赤峰市	内蒙古	赤峰	赤峰
2018	12	9	多云	-6	-15	赤峰市	内蒙古	赤峰	赤峰
2018	12	10	晴	-4	-13	赤峰市	内蒙古	赤峰	赤峰
2018	12	11	晴	-4	-12	赤峰市	内蒙古	赤峰	赤峰
2018	11	26	多云	12	-5	通辽市	内蒙古	通辽	通辽
2018	11	27	晴	2	-9	通辽市	内蒙古	通辽	通辽
2018	11	28	多云	0	-11	通辽市	内蒙古	通辽	通辽
2018	11	29	晴	-1	-8	通辽市	内蒙古	通辽	通辽
2018	11	30	晴	1	-10	通辽市	内蒙古	通辽	通辽
2018	12	1	晴	4	-3	通辽市	内蒙古	通辽	通辽
2018	12	2	晴	6	-5	通辽市	内蒙古	通辽	通辽
2018	12	3	多云	2	-7	通辽市	内蒙古	通辽	通辽
2018	12	4	晴	-4	-12	通辽市	内蒙古	通辽	通辽
2018	12	5	多云	-6	-15	通辽市	内蒙古	通辽	通辽
2018	12	6	晴	-9	-14	通辽市	内蒙古	通辽	通辽
2018	12	7	多云	-5	-15	通辽市	内蒙古	通辽	通辽
2018	12	8	多云	-9	-16	通辽市	内蒙古	通辽	通辽
2018	12	9	多云	-9	-16	通辽市	内蒙古	通辽	通辽
2018	12	10	晴	-8	-15	通辽市	内蒙古	通辽	通辽
2018	12	11	雪	-7	-14	通辽市	内蒙古	通辽	通辽
2018	11	26	多云	8	-4	通化市	吉林	通化	通化
2018	11	27	晴	6	-10	通化市	吉林	通化	通化
2018	11	28	晴	-1	-10	通化市	吉林	通化	通化
2018	11	29	晴	-2	-12	通化市	吉林	通化	通化
2018	11	30	多云	-3	-13	通化市	吉林	通化	通化
2018	12	1	晴	3	-6	通化市	吉林	通化	通化
2018	12	2	晴	7	-2	通化市	吉林	通化	通化
2018	12	3	雨夹雪	2	-5	通化市	吉林	通化	通化
2018	12	4	晴	0	-11	通化市	吉林	通化	通化
2018	12	5	雪	-4	-14	通化市	吉林	通化	通化
2018	12	6	多云	-8	-15	通化市	吉林	通化	通化
2018	12	7	多云	-5	-15	通化市	吉林	通化	通化
2018	12	8	阴	-5	-15	通化市	吉林	通化	通化
2018	12	9	多云	-6	-16	通化市	吉林	通化	通化
2018	12	10	晴	-7	-16	通化市	吉林	通化	通化
2018	12	11	雪	-7	-15	通化市	吉林	通化	通化
2018	11	26	扬沙	4	-5	鄂尔多斯市	内蒙古	鄂尔多斯	鄂尔多斯
2018	11	27	晴	4	-5	鄂尔多斯市	内蒙古	鄂尔多斯	鄂尔多斯
2018	11	28	多云	5	-4	鄂尔多斯市	内蒙古	鄂尔多斯	鄂尔多斯
2018	11	29	晴	5	-4	鄂尔多斯市	内蒙古	鄂尔多斯	鄂尔多斯
2018	11	30	晴	5	-5	鄂尔多斯市	内蒙古	鄂尔多斯	鄂尔多斯
2018	12	1	多云	7	-3	鄂尔多斯市	内蒙古	鄂尔多斯	鄂尔多斯
2018	12	2	多云	8	-3	鄂尔多斯市	内蒙古	鄂尔多斯	鄂尔多斯
2018	12	3	晴	1	-8	鄂尔多斯市	内蒙古	鄂尔多斯	鄂尔多斯
2018	12	4	阴	-5	-11	鄂尔多斯市	内蒙古	鄂尔多斯	鄂尔多斯
2018	12	5	多云	-7	-13	鄂尔多斯市	内蒙古	鄂尔多斯	鄂尔多斯
2018	12	6	晴	-5	-14	鄂尔多斯市	内蒙古	鄂尔多斯	鄂尔多斯
2018	12	7	多云	-1	-7	鄂尔多斯市	内蒙古	鄂尔多斯	鄂尔多斯
2018	12	8	多云	1	-6	鄂尔多斯市	内蒙古	鄂尔多斯	鄂尔多斯
2018	12	9	阴	0	-6	鄂尔多斯市	内蒙古	鄂尔多斯	鄂尔多斯
2018	12	10	晴	-1	-7	鄂尔多斯市	内蒙古	鄂尔多斯	鄂尔多斯
2018	12	11	阴	-1	-7	鄂尔多斯市	内蒙古	鄂尔多斯	鄂尔多斯
2018	11	26	晴	8	-7	白山市	吉林	白山	白山
2018	11	27	晴	5	-14	白山市	吉林	白山	白山
2018	11	28	多云	-1	-14	白山市	吉林	白山	白山
2018	11	29	多云	-4	-14	白山市	吉林	白山	白山
2018	11	30	晴	-4	-16	白山市	吉林	白山	白山
2018	12	1	晴	-3	-15	白山市	吉林	白山	白山
2018	12	2	晴	-1	-14	白山市	吉林	白山	白山
2018	12	3	晴	0	-6	白山市	吉林	白山	白山
2018	12	4	多云	-2	-15	白山市	吉林	白山	白山
2018	12	5	雪	-6	-18	白山市	吉林	白山	白山
2018	12	6	多云	-9	-18	白山市	吉林	白山	白山
2018	12	7	多云	-7	-18	白山市	吉林	白山	白山
2018	12	8	阴	-6	-17	白山市	吉林	白山	白山
2018	12	9	雪	-7	-20	白山市	吉林	白山	白山
2018	12	10	晴	-8	-21	白山市	吉林	白山	白山
2018	12	11	雪	-8	-20	白山市	吉林	白山	白山
2018	11	26	多云	10	-10	乌兰浩特市	内蒙古	乌兰浩特	乌兰浩特
2018	11	27	晴	-3	-12	乌兰浩特市	内蒙古	乌兰浩特	乌兰浩特
2018	11	28	晴	-5	-14	乌兰浩特市	内蒙古	乌兰浩特	乌兰浩特
2018	11	29	晴	-5	-12	乌兰浩特市	内蒙古	乌兰浩特	乌兰浩特
2018	11	30	多云	-2	-11	乌兰浩特市	内蒙古	乌兰浩特	乌兰浩特
2018	12	1	晴	0	-10	乌兰浩特市	内蒙古	乌兰浩特	乌兰浩特
2018	12	2	晴	5	-9	乌兰浩特市	内蒙古	乌兰浩特	乌兰浩特
2018	12	3	多云	3	-10	乌兰浩特市	内蒙古	乌兰浩特	乌兰浩特
2018	12	4	晴	-8	-15	乌兰浩特市	内蒙古	乌兰浩特	乌兰浩特
2018	12	5	晴	-10	-18	乌兰浩特市	内蒙古	乌兰浩特	乌兰浩特
2018	12	6	晴	-11	-18	乌兰浩特市	内蒙古	乌兰浩特	乌兰浩特
2018	12	7	多云	-10	-17	乌兰浩特市	内蒙古	乌兰浩特	乌兰浩特
2018	12	8	多云	-12	-18	乌兰浩特市	内蒙古	乌兰浩特	乌兰浩特
2018	12	9	晴	-12	-18	乌兰浩特市	内蒙古	乌兰浩特	乌兰浩特
2018	12	10	晴	-12	-18	乌兰浩特市	内蒙古	乌兰浩特	乌兰浩特
2018	12	11	晴	-10	-17	乌兰浩特市	内蒙古	乌兰浩特	乌兰浩特
2018	11	26	多云	15	2	西安市	陕西	西安	西安
2018	11	27	多云	14	3	西安市	陕西	西安	西安
2018	11	28	晴	13	1	西安市	陕西	西安	西安
2018	11	29	阴	14	2	西安市	陕西	西安	西安
2018	11	30	多云	14	1	西安市	陕西	西安	西安
2018	12	1	阴	13	2	西安市	陕西	西安	西安
2018	12	2	多云	16	2	西安市	陕西	西安	西安
2018	12	3	晴	3	-2	西安市	陕西	西安	西安
2018	12	4	雨	8	1	西安市	陕西	西安	西安
2018	12	5	阴	8	1	西安市	陕西	西安	西安
2018	12	6	雨	7	1	西安市	陕西	西安	西安
2018	12	7	雨	11	3	西安市	陕西	西安	西安
2018	12	8	多云	12	3	西安市	陕西	西安	西安
2018	12	9	多云	13	5	西安市	陕西	西安	西安
2018	12	10	阴	12	5	西安市	陕西	西安	西安
2018	12	11	多云	12	5	西安市	陕西	西安	西安
2018	11	26	多云	16	6	汉中市	陕西	汉中	汉中
2018	11	27	多云	14	5	汉中市	陕西	汉中	汉中
2018	11	28	多云	13	6	汉中市	陕西	汉中	汉中
2018	11	29	阴	12	6	汉中市	陕西	汉中	汉中
2018	11	30	多云	13	5	汉中市	陕西	汉中	汉中
2018	12	1	小雨	11	6	汉中市	陕西	汉中	汉中
2018	12	2	阴	12	5	汉中市	陕西	汉中	汉中
2018	12	3	多云	4	0	汉中市	陕西	汉中	汉中
2018	12	4	雨	11	2	汉中市	陕西	汉中	汉中
2018	12	5	雨	9	2	汉中市	陕西	汉中	汉中
2018	12	6	雨	7	2	汉中市	陕西	汉中	汉中
2018	12	7	雨	10	3	汉中市	陕西	汉中	汉中
2018	12	8	多云	13	3	汉中市	陕西	汉中	汉中
2018	12	9	多云	13	3	汉中市	陕西	汉中	汉中
2018	12	10	多云	12	4	汉中市	陕西	汉中	汉中
2018	12	11	多云	12	4	汉中市	陕西	汉中	汉中
2018	11	26	多云	7	-6	榆林市	陕西	榆林	榆林
2018	11	27	多云	6	-4	榆林市	陕西	榆林	榆林
2018	11	28	多云	7	-4	榆林市	陕西	榆林	榆林
2018	11	29	多云	7	-4	榆林市	陕西	榆林	榆林
2018	11	30	晴	8	-5	榆林市	陕西	榆林	榆林
2018	12	1	阴	11	-2	榆林市	陕西	榆林	榆林
2018	12	2	多云	10	-4	榆林市	陕西	榆林	榆林
2018	12	3	晴	-2	-6	榆林市	陕西	榆林	榆林
2018	12	4	多云	0	-8	榆林市	陕西	榆林	榆林
2018	12	5	阴	0	-12	榆林市	陕西	榆林	榆林
2018	12	6	晴	-2	-11	榆林市	陕西	榆林	榆林
2018	12	7	多云	2	-6	榆林市	陕西	榆林	榆林
2018	12	8	多云	4	-5	榆林市	陕西	榆林	榆林
2018	12	9	多云	4	-5	榆林市	陕西	榆林	榆林
2018	12	10	多云	2	-6	榆林市	陕西	榆林	榆林
2018	12	11	阴	2	-6	榆林市	陕西	榆林	榆林
2018	11	26	晴	16	6	安康市	陕西	安康	安康
2018	11	27	阴	13	5	安康市	陕西	安康	安康
2018	11	28	晴	15	5	安康市	陕西	安康	安康
2018	11	29	多云	14	10	安康市	陕西	安康	安康
2018	11	30	阴	14	7	安康市	陕西	安康	安康
2018	12	1	阴	14	6	安康市	陕西	安康	安康
2018	12	2	多云	13	6	安康市	陕西	安康	安康
2018	12	3	雨夹雪	4	-2	安康市	陕西	安康	安康
2018	12	4	雨	11	2	安康市	陕西	安康	安康
2018	12	5	雨	11	2	安康市	陕西	安康	安康
2018	12	6	雨	8	2	安康市	陕西	安康	安康
2018	12	7	雨	9	2	安康市	陕西	安康	安康
2018	12	8	雨	13	2	安康市	陕西	安康	安康
2018	12	9	多云	13	3	安康市	陕西	安康	安康
2018	12	10	雨	13	4	安康市	陕西	安康	安康
2018	12	11	雨	13	3	安康市	陕西	安康	安康
2018	11	26	多云	8	-5	银川市	宁夏	银川	银川
2018	11	27	晴	7	-4	银川市	宁夏	银川	银川
2018	11	28	多云	9	-1	银川市	宁夏	银川	银川
2018	11	29	晴	10	-4	银川市	宁夏	银川	银川
2018	11	30	晴	8	-3	银川市	宁夏	银川	银川
2018	12	1	多云	14	-1	银川市	宁夏	银川	银川
2018	12	2	多云	12	-2	银川市	宁夏	银川	银川
2018	12	3	多云	4	-5	银川市	宁夏	银川	银川
2018	12	4	多云	0	-7	银川市	宁夏	银川	银川
2018	12	5	阴	0	-10	银川市	宁夏	银川	银川
2018	12	6	晴	0	-9	银川市	宁夏	银川	银川
2018	12	7	多云	4	-5	银川市	宁夏	银川	银川
2018	12	8	晴	6	-4	银川市	宁夏	银川	银川
2018	12	9	多云	6	-4	银川市	宁夏	银川	银川
2018	12	10	多云	4	-5	银川市	宁夏	银川	银川
2018	12	11	多云	4	-6	银川市	宁夏	银川	银川
2018	11	26	浮尘	8	-1	兰州市	甘肃	兰州	兰州
2018	11	27	浮尘	10	-1	兰州市	甘肃	兰州	兰州
2018	11	28	晴	11	0	兰州市	甘肃	兰州	兰州
2018	11	29	多云	12	0	兰州市	甘肃	兰州	兰州
2018	11	30	多云	10	-1	兰州市	甘肃	兰州	兰州
2018	12	1	晴	12	-1	兰州市	甘肃	兰州	兰州
2018	12	2	多云	8	-4	兰州市	甘肃	兰州	兰州
2018	12	3	晴	6	-1	兰州市	甘肃	兰州	兰州
2018	12	4	晴	3	-6	兰州市	甘肃	兰州	兰州
2018	12	5	阴	0	-6	兰州市	甘肃	兰州	兰州
2018	12	6	多云	2	-6	兰州市	甘肃	兰州	兰州
2018	12	7	多云	3	-2	兰州市	甘肃	兰州	兰州
2018	12	8	晴	5	-2	兰州市	甘肃	兰州	兰州
2018	12	9	多云	5	-1	兰州市	甘肃	兰州	兰州
2018	12	10	多云	4	-1	兰州市	甘肃	兰州	兰州
2018	12	11	多云	5	-3	兰州市	甘肃	兰州	兰州
2018	11	26	多云	10	1	庆阳市	甘肃	庆阳	庆阳
2018	11	27	多云	7	1	庆阳市	甘肃	庆阳	庆阳
2018	11	28	多云	9	1	庆阳市	甘肃	庆阳	庆阳
2018	11	29	多云	10	2	庆阳市	甘肃	庆阳	庆阳
2018	11	30	多云	10	2	庆阳市	甘肃	庆阳	庆阳
2018	12	1	阴	6	1	庆阳市	甘肃	庆阳	庆阳
2018	12	2	多云	6	-1	庆阳市	甘肃	庆阳	庆阳
2018	12	3	多云	6	-1	庆阳市	甘肃	庆阳	庆阳
2018	12	4	多云	2	-4	庆阳市	甘肃	庆阳	庆阳
2018	12	5	阴	1	-5	庆阳市	甘肃	庆阳	庆阳
2018	12	6	阴	0	-6	庆阳市	甘肃	庆阳	庆阳
2018	12	7	雨夹雪	3	-2	庆阳市	甘肃	庆阳	庆阳
2018	12	8	晴	5	-2	庆阳市	甘肃	庆阳	庆阳
2018	12	9	多云	6	-1	庆阳市	甘肃	庆阳	庆阳
2018	12	10	多云	4	-2	庆阳市	甘肃	庆阳	庆阳
2018	12	11	多云	4	-2	庆阳市	甘肃	庆阳	庆阳
2018	11	26	霾	12	2	天津市	天津	天津	天津
2018	11	27	晴	10	0	天津市	天津	天津	天津
2018	11	28	多云	11	0	天津市	天津	天津	天津
2018	11	29	晴	10	0	天津市	天津	天津	天津
2018	11	30	多云	11	0	天津市	天津	天津	天津
2018	12	1	晴	11	1	天津市	天津	天津	天津
2018	12	2	晴	12	2	天津市	天津	天津	天津
2018	12	3	阴	12	0	天津市	天津	天津	天津
2018	12	4	阴	4	0	天津市	天津	天津	天津
2018	12	5	雨夹雪	3	-3	天津市	天津	天津	天津
2018	12	6	晴	0	-5	天津市	天津	天津	天津
2018	12	7	晴	4	-1	天津市	天津	天津	天津
2018	12	8	雨夹雪	4	-1	天津市	天津	天津	天津
2018	12	9	阴	3	-2	天津市	天津	天津	天津
2018	12	10	多云	2	-2	天津市	天津	天津	天津
2018	12	11	多云	3	-1	天津市	天津	天津	天津
2018	11	26	多云	4	-10	西宁市	青海	西宁	西宁
2018	11	27	晴	9	-10	西宁市	青海	西宁	西宁
2018	11	28	多云	11	-6	西宁市	青海	西宁	西宁
2018	11	29	多云	9	-7	西宁市	青海	西宁	西宁
2018	11	30	多云	6	-9	西宁市	青海	西宁	西宁
2018	12	1	晴	9	-10	西宁市	青海	西宁	西宁
2018	12	2	多云	10	-9	西宁市	青海	西宁	西宁
2018	12	3	多云	7	-7	西宁市	青海	西宁	西宁
2018	12	4	晴	1	-11	西宁市	青海	西宁	西宁
2018	12	5	阴	-1	-11	西宁市	青海	西宁	西宁
2018	12	6	多云	0	-11	西宁市	青海	西宁	西宁
2018	12	7	阴	1	-10	西宁市	青海	西宁	西宁
2018	12	8	多云	1	-9	西宁市	青海	西宁	西宁
2018	12	9	多云	1	-9	西宁市	青海	西宁	西宁
2018	12	10	多云	0	-9	西宁市	青海	西宁	西宁
2018	12	11	晴	2	-9	西宁市	青海	西宁	西宁
2018	11	26	阴	4	-8	海南藏族自治州	青海	海南藏族自治州	海南
2018	11	27	晴	6	-9	海南藏族自治州	青海	海南藏族自治州	海南
2018	11	28	晴	10	-5	海南藏族自治州	青海	海南藏族自治州	海南
2018	11	29	多云	8	-5	海南藏族自治州	青海	海南藏族自治州	海南
2018	11	30	多云	3	-9	海南藏族自治州	青海	海南藏族自治州	海南
2018	12	1	晴	7	-10	海南藏族自治州	青海	海南藏族自治州	海南
2018	12	2	多云	6	-7	海南藏族自治州	青海	海南藏族自治州	海南
2018	12	3	晴	5	-7	海南藏族自治州	青海	海南藏族自治州	海南
2018	12	4	多云	0	-12	海南藏族自治州	青海	海南藏族自治州	海南
2018	12	5	阴	-1	-11	海南藏族自治州	青海	海南藏族自治州	海南
2018	12	6	多云	-1	-11	海南藏族自治州	青海	海南藏族自治州	海南
2018	12	7	阴	0	-11	海南藏族自治州	青海	海南藏族自治州	海南
2018	12	8	多云	0	-11	海南藏族自治州	青海	海南藏族自治州	海南
2018	12	9	多云	0	-11	海南藏族自治州	青海	海南藏族自治州	海南
2018	12	10	阴	-1	-11	海南藏族自治州	青海	海南藏族自治州	海南
2018	12	11	晴	0	-12	海南藏族自治州	青海	海南藏族自治州	海南
2018	11	26	多云	9	-4	哈尔滨市	黑龙江	哈尔滨	哈尔滨
2018	11	27	晴	0	-9	哈尔滨市	黑龙江	哈尔滨	哈尔滨
2018	11	28	晴	-5	-14	哈尔滨市	黑龙江	哈尔滨	哈尔滨
2018	11	29	晴	-5	-13	哈尔滨市	黑龙江	哈尔滨	哈尔滨
2018	11	30	多云	-3	-11	哈尔滨市	黑龙江	哈尔滨	哈尔滨
2018	12	1	晴	-2	-9	哈尔滨市	黑龙江	哈尔滨	哈尔滨
2018	12	2	晴	4	-5	哈尔滨市	黑龙江	哈尔滨	哈尔滨
2018	12	3	多云	-2	-12	哈尔滨市	黑龙江	哈尔滨	哈尔滨
2018	12	4	多云	-6	-13	哈尔滨市	黑龙江	哈尔滨	哈尔滨
2018	12	5	晴	-8	-16	哈尔滨市	黑龙江	哈尔滨	哈尔滨
2018	12	6	晴	-12	-17	哈尔滨市	黑龙江	哈尔滨	哈尔滨
2018	12	7	多云	-11	-18	哈尔滨市	黑龙江	哈尔滨	哈尔滨
2018	12	8	晴	-13	-19	哈尔滨市	黑龙江	哈尔滨	哈尔滨
2018	12	9	晴	-13	-19	哈尔滨市	黑龙江	哈尔滨	哈尔滨
2018	12	10	晴	-13	-19	哈尔滨市	黑龙江	哈尔滨	哈尔滨
2018	12	11	晴	-13	-18	哈尔滨市	黑龙江	哈尔滨	哈尔滨
2018	11	26	晴	-2	-15	乌鲁木齐市	新疆	乌鲁木齐	乌鲁木齐
2018	11	27	晴	-1	-12	乌鲁木齐市	新疆	乌鲁木齐	乌鲁木齐
2018	11	28	多云	0	-7	乌鲁木齐市	新疆	乌鲁木齐	乌鲁木齐
2018	11	29	晴	2	-7	乌鲁木齐市	新疆	乌鲁木齐	乌鲁木齐
2018	11	30	晴	5	-11	乌鲁木齐市	新疆	乌鲁木齐	乌鲁木齐
2018	12	1	晴	-2	-16	乌鲁木齐市	新疆	乌鲁木齐	乌鲁木齐
2018	12	2	小雪	-11	-18	乌鲁木齐市	新疆	乌鲁木齐	乌鲁木齐
2018	12	3	小雪	-11	-18	乌鲁木齐市	新疆	乌鲁木齐	乌鲁木齐
2018	12	4	雪	-6	-13	乌鲁木齐市	新疆	乌鲁木齐	乌鲁木齐
2018	12	5	雪	-5	-13	乌鲁木齐市	新疆	乌鲁木齐	乌鲁木齐
2018	12	6	雪	-5	-12	乌鲁木齐市	新疆	乌鲁木齐	乌鲁木齐
2018	12	7	多云	1	-7	乌鲁木齐市	新疆	乌鲁木齐	乌鲁木齐
2018	12	8	多云	1	-7	乌鲁木齐市	新疆	乌鲁木齐	乌鲁木齐
2018	12	9	多云	1	-7	乌鲁木齐市	新疆	乌鲁木齐	乌鲁木齐
2018	12	10	阴	0	-11	乌鲁木齐市	新疆	乌鲁木齐	乌鲁木齐
2018	12	11	雪	-3	-12	乌鲁木齐市	新疆	乌鲁木齐	乌鲁木齐
2018	11	26	多云	10	-2	喀什地区	新疆	喀什地区	喀什
2018	11	27	晴	8	-2	喀什地区	新疆	喀什地区	喀什
2018	11	28	晴	8	-3	喀什地区	新疆	喀什地区	喀什
2018	11	29	多云	7	-4	喀什地区	新疆	喀什地区	喀什
2018	11	30	晴	8	-4	喀什地区	新疆	喀什地区	喀什
2018	12	1	多云	8	-4	喀什地区	新疆	喀什地区	喀什
2018	12	2	多云	7	-2	喀什地区	新疆	喀什地区	喀什
2018	12	3	晴	7	-2	喀什地区	新疆	喀什地区	喀什
2018	12	4	阴	1	-4	喀什地区	新疆	喀什地区	喀什
2018	12	5	多云	1	-4	喀什地区	新疆	喀什地区	喀什
2018	12	6	阴	2	-4	喀什地区	新疆	喀什地区	喀什
2018	12	7	多云	5	-1	喀什地区	新疆	喀什地区	喀什
2018	12	8	多云	7	0	喀什地区	新疆	喀什地区	喀什
2018	12	9	多云	6	0	喀什地区	新疆	喀什地区	喀什
2018	12	10	阴	3	-1	喀什地区	新疆	喀什地区	喀什
2018	12	11	晴	3	-3	喀什地区	新疆	喀什地区	喀什
2018	11	26	晴	-1	-13	昌吉回族自治州	新疆	昌吉回族自治州	昌吉
2018	11	27	晴	-1	-9	昌吉回族自治州	新疆	昌吉回族自治州	昌吉
2018	11	28	多云	-1	-11	昌吉回族自治州	新疆	昌吉回族自治州	昌吉
2018	11	29	晴	1	-11	昌吉回族自治州	新疆	昌吉回族自治州	昌吉
2018	11	30	晴	-2	-14	昌吉回族自治州	新疆	昌吉回族自治州	昌吉
2018	12	1	小雪	-4	-13	昌吉回族自治州	新疆	昌吉回族自治州	昌吉
2018	12	2	多云	-3	-11	昌吉回族自治州	新疆	昌吉回族自治州	昌吉
2018	12	3	晴	-2	-14	昌吉回族自治州	新疆	昌吉回族自治州	昌吉
2018	12	4	雪	-6	-11	昌吉回族自治州	新疆	昌吉回族自治州	昌吉
2018	12	5	雪	-6	-12	昌吉回族自治州	新疆	昌吉回族自治州	昌吉
2018	12	6	雪	-3	-13	昌吉回族自治州	新疆	昌吉回族自治州	昌吉
2018	12	7	晴	2	-4	昌吉回族自治州	新疆	昌吉回族自治州	昌吉
2018	12	8	多云	2	-3	昌吉回族自治州	新疆	昌吉回族自治州	昌吉
2018	12	9	多云	2	-3	昌吉回族自治州	新疆	昌吉回族自治州	昌吉
2018	12	10	阴	0	-6	昌吉回族自治州	新疆	昌吉回族自治州	昌吉
2018	12	11	雪	-2	-7	昌吉回族自治州	新疆	昌吉回族自治州	昌吉
2018	11	26	多云	-6	-15	阿勒泰地区	新疆	阿勒泰地区	阿勒泰
2018	11	27	晴	-1	-12	阿勒泰地区	新疆	阿勒泰地区	阿勒泰
2018	11	28	晴	-2	-11	阿勒泰地区	新疆	阿勒泰地区	阿勒泰
2018	11	29	晴	1	-9	阿勒泰地区	新疆	阿勒泰地区	阿勒泰
2018	11	30	多云	2	-5	阿勒泰地区	新疆	阿勒泰地区	阿勒泰
2018	12	1	中雪	-2	-17	阿勒泰地区	新疆	阿勒泰地区	阿勒泰
2018	12	2	小雪	-10	-21	阿勒泰地区	新疆	阿勒泰地区	阿勒泰
2018	12	3	晴	-9	-19	阿勒泰地区	新疆	阿勒泰地区	阿勒泰
2018	12	4	多云	-14	-20	阿勒泰地区	新疆	阿勒泰地区	阿勒泰
2018	12	5	多云	-12	-19	阿勒泰地区	新疆	阿勒泰地区	阿勒泰
2018	12	6	多云	-8	-17	阿勒泰地区	新疆	阿勒泰地区	阿勒泰
2018	12	7	雪	-3	-9	阿勒泰地区	新疆	阿勒泰地区	阿勒泰
2018	12	8	雪	-2	-9	阿勒泰地区	新疆	阿勒泰地区	阿勒泰
2018	12	9	雪	-1	-10	阿勒泰地区	新疆	阿勒泰地区	阿勒泰
2018	12	10	雪	-1	-15	阿勒泰地区	新疆	阿勒泰地区	阿勒泰
2018	12	11	晴	-7	-16	阿勒泰地区	新疆	阿勒泰地区	阿勒泰
2018	11	26	多云	14	8	成都市	四川	成都	成都
2018	11	27	晴	18	8	成都市	四川	成都	成都
2018	11	28	多云	16	9	成都市	四川	成都	成都
2018	11	29	多云	15	10	成都市	四川	成都	成都
2018	11	30	多云	17	10	成都市	四川	成都	成都
2018	12	1	小雨	16	10	成都市	四川	成都	成都
2018	12	2	阴	16	10	成都市	四川	成都	成都
2018	12	3	多云	15	9	成都市	四川	成都	成都
2018	12	4	多云	15	7	成都市	四川	成都	成都
2018	12	5	雨	12	6	成都市	四川	成都	成都
2018	12	6	阴	10	6	成都市	四川	成都	成都
2018	12	7	雨	11	6	成都市	四川	成都	成都
2018	12	8	雨	12	7	成都市	四川	成都	成都
2018	12	9	雨	13	7	成都市	四川	成都	成都
2018	12	10	雨	13	7	成都市	四川	成都	成都
2018	12	11	雨	13	7	成都市	四川	成都	成都
2018	11	26	小雨	17	11	泸州市	四川	泸州	泸州
2018	11	27	阴	17	10	泸州市	四川	泸州	泸州
2018	11	28	多云	20	12	泸州市	四川	泸州	泸州
2018	11	29	阴	18	12	泸州市	四川	泸州	泸州
2018	11	30	小雨	17	13	泸州市	四川	泸州	泸州
2018	12	1	小雨	18	12	泸州市	四川	泸州	泸州
2018	12	2	小雨	18	12	泸州市	四川	泸州	泸州
2018	12	3	小雨	17	12	泸州市	四川	泸州	泸州
2018	12	4	阴	17	8	泸州市	四川	泸州	泸州
2018	12	5	雨	13	6	泸州市	四川	泸州	泸州
2018	12	6	雨	12	7	泸州市	四川	泸州	泸州
2018	12	7	雨	14	7	泸州市	四川	泸州	泸州
2018	12	8	多云	16	7	泸州市	四川	泸州	泸州
2018	12	9	雨	16	8	泸州市	四川	泸州	泸州
2018	12	10	雨	15	8	泸州市	四川	泸州	泸州
2018	12	11	阴	16	8	泸州市	四川	泸州	泸州
2018	11	26	多云	8	-7	齐齐哈尔市	黑龙江	齐齐哈尔	齐齐哈尔
2018	11	27	晴	-2	-13	齐齐哈尔市	黑龙江	齐齐哈尔	齐齐哈尔
2018	11	28	晴	-8	-17	齐齐哈尔市	黑龙江	齐齐哈尔	齐齐哈尔
2018	11	29	多云	-9	-16	齐齐哈尔市	黑龙江	齐齐哈尔	齐齐哈尔
2018	11	30	多云	-5	-15	齐齐哈尔市	黑龙江	齐齐哈尔	齐齐哈尔
2018	12	1	多云	-2	-13	齐齐哈尔市	黑龙江	齐齐哈尔	齐齐哈尔
2018	12	2	多云	0	-11	齐齐哈尔市	黑龙江	齐齐哈尔	齐齐哈尔
2018	12	3	多云	-2	-13	齐齐哈尔市	黑龙江	齐齐哈尔	齐齐哈尔
2018	12	4	多云	-9	-15	齐齐哈尔市	黑龙江	齐齐哈尔	齐齐哈尔
2018	12	5	多云	-11	-18	齐齐哈尔市	黑龙江	齐齐哈尔	齐齐哈尔
2018	12	6	晴	-13	-18	齐齐哈尔市	黑龙江	齐齐哈尔	齐齐哈尔
2018	12	7	多云	-13	-20	齐齐哈尔市	黑龙江	齐齐哈尔	齐齐哈尔
2018	12	8	晴	-15	-20	齐齐哈尔市	黑龙江	齐齐哈尔	齐齐哈尔
2018	12	9	晴	-14	-20	齐齐哈尔市	黑龙江	齐齐哈尔	齐齐哈尔
2018	12	10	晴	-14	-20	齐齐哈尔市	黑龙江	齐齐哈尔	齐齐哈尔
2018	12	11	晴	-13	-19	齐齐哈尔市	黑龙江	齐齐哈尔	齐齐哈尔
2018	11	26	晴	15	9	南充市	四川	南充	南充
2018	11	27	阴	15	7	南充市	四川	南充	南充
2018	11	28	多云	17	8	南充市	四川	南充	南充
2018	11	29	晴	16	10	南充市	四川	南充	南充
2018	11	30	小雨	14	11	南充市	四川	南充	南充
2018	12	1	小雨	14	12	南充市	四川	南充	南充
2018	12	2	小雨	16	10	南充市	四川	南充	南充
2018	12	3	多云	14	9	南充市	四川	南充	南充
2018	12	4	阴	15	6	南充市	四川	南充	南充
2018	12	5	雨	14	6	南充市	四川	南充	南充
2018	12	6	阴	10	6	南充市	四川	南充	南充
2018	12	7	雨	13	5	南充市	四川	南充	南充
2018	12	8	晴	15	5	南充市	四川	南充	南充
2018	12	9	多云	15	6	南充市	四川	南充	南充
2018	12	10	雨	15	7	南充市	四川	南充	南充
2018	12	11	阴	15	7	南充市	四川	南充	南充
2018	11	26	晴	17	9	达州市	四川	达州	达州
2018	11	27	小雨	12	8	达州市	四川	达州	达州
2018	11	28	多云	15	8	达州市	四川	达州	达州
2018	11	29	小雨	15	10	达州市	四川	达州	达州
2018	11	30	小雨	15	12	达州市	四川	达州	达州
2018	12	1	小雨	15	12	达州市	四川	达州	达州
2018	12	2	小雨	15	11	达州市	四川	达州	达州
2018	12	3	小雨	14	11	达州市	四川	达州	达州
2018	12	4	雨	14	7	达州市	四川	达州	达州
2018	12	5	雨	14	6	达州市	四川	达州	达州
2018	12	6	雨	10	6	达州市	四川	达州	达州
2018	12	7	雨	12	6	达州市	四川	达州	达州
2018	12	8	雨	14	6	达州市	四川	达州	达州
2018	12	9	阴	15	7	达州市	四川	达州	达州
2018	12	10	雨	13	8	达州市	四川	达州	达州
2018	12	11	阴	15	8	达州市	四川	达州	达州
2018	11	26	晴	16	8	巴中市	四川	巴中	巴中
2018	11	27	多云	14	8	巴中市	四川	巴中	巴中
2018	11	28	阴	16	8	巴中市	四川	巴中	巴中
2018	11	29	多云	16	10	巴中市	四川	巴中	巴中
2018	11	30	小雨	15	11	巴中市	四川	巴中	巴中
2018	12	1	小雨	14	11	巴中市	四川	巴中	巴中
2018	12	2	小雨	15	10	巴中市	四川	巴中	巴中
2018	12	3	多云	14	10	巴中市	四川	巴中	巴中
2018	12	4	雨	14	5	巴中市	四川	巴中	巴中
2018	12	5	雨	14	5	巴中市	四川	巴中	巴中
2018	12	6	雨	9	5	巴中市	四川	巴中	巴中
2018	12	7	雨	12	6	巴中市	四川	巴中	巴中
2018	12	8	多云	15	6	巴中市	四川	巴中	巴中
2018	12	9	多云	15	6	巴中市	四川	巴中	巴中
2018	12	10	雨	14	7	巴中市	四川	巴中	巴中
2018	12	11	雨	14	7	巴中市	四川	巴中	巴中
2018	11	26	晴	22	7	凉山彝族自治州	四川	凉山彝族自治州	凉山
2018	11	27	晴	21	4	凉山彝族自治州	四川	凉山彝族自治州	凉山
2018	11	28	晴	23	4	凉山彝族自治州	四川	凉山彝族自治州	凉山
2018	11	29	晴	22	6	凉山彝族自治州	四川	凉山彝族自治州	凉山
2018	11	30	晴	20	7	凉山彝族自治州	四川	凉山彝族自治州	凉山
2018	12	1	晴	20	5	凉山彝族自治州	四川	凉山彝族自治州	凉山
2018	12	2	晴	20	4	凉山彝族自治州	四川	凉山彝族自治州	凉山
2018	12	3	晴	19	9	凉山彝族自治州	四川	凉山彝族自治州	凉山
2018	12	4	晴	18	4	凉山彝族自治州	四川	凉山彝族自治州	凉山
2018	12	5	晴	18	5	凉山彝族自治州	四川	凉山彝族自治州	凉山
2018	12	6	阴	18	5	凉山彝族自治州	四川	凉山彝族自治州	凉山
2018	12	7	多云	19	4	凉山彝族自治州	四川	凉山彝族自治州	凉山
2018	12	8	晴	19	4	凉山彝族自治州	四川	凉山彝族自治州	凉山
2018	12	9	多云	19	4	凉山彝族自治州	四川	凉山彝族自治州	凉山
2018	12	10	晴	17	3	凉山彝族自治州	四川	凉山彝族自治州	凉山
2018	12	11	晴	18	3	凉山彝族自治州	四川	凉山彝族自治州	凉山
2018	11	26	晴	19	4	昆明市	云南	昆明	昆明
2018	11	27	晴	20	4	昆明市	云南	昆明	昆明
2018	11	28	晴	19	4	昆明市	云南	昆明	昆明
2018	11	29	晴	20	5	昆明市	云南	昆明	昆明
2018	11	30	晴	21	6	昆明市	云南	昆明	昆明
2018	12	1	多云	18	5	昆明市	云南	昆明	昆明
2018	12	2	晴	19	6	昆明市	云南	昆明	昆明
2018	12	3	晴	19	5	昆明市	云南	昆明	昆明
2018	12	4	阴	18	5	昆明市	云南	昆明	昆明
2018	12	5	晴	18	5	昆明市	云南	昆明	昆明
2018	12	6	阴	18	6	昆明市	云南	昆明	昆明
2018	12	7	多云	18	7	昆明市	云南	昆明	昆明
2018	12	8	多云	18	4	昆明市	云南	昆明	昆明
2018	12	9	多云	19	3	昆明市	云南	昆明	昆明
2018	12	10	多云	18	3	昆明市	云南	昆明	昆明
2018	12	11	晴	19	3	昆明市	云南	昆明	昆明
2018	11	26	晴	20	5	曲靖市	云南	曲靖	曲靖
2018	11	27	多云	19	3	曲靖市	云南	曲靖	曲靖
2018	11	28	晴	21	4	曲靖市	云南	曲靖	曲靖
2018	11	29	晴	21	6	曲靖市	云南	曲靖	曲靖
2018	11	30	多云	20	8	曲靖市	云南	曲靖	曲靖
2018	12	1	多云	16	6	曲靖市	云南	曲靖	曲靖
2018	12	2	阴	20	6	曲靖市	云南	曲靖	曲靖
2018	12	3	晴	19	6	曲靖市	云南	曲靖	曲靖
2018	12	4	阴	18	4	曲靖市	云南	曲靖	曲靖
2018	12	5	多云	18	5	曲靖市	云南	曲靖	曲靖
2018	12	6	阴	17	6	曲靖市	云南	曲靖	曲靖
2018	12	7	多云	19	7	曲靖市	云南	曲靖	曲靖
2018	12	8	阴	18	4	曲靖市	云南	曲靖	曲靖
2018	12	9	多云	19	4	曲靖市	云南	曲靖	曲靖
2018	12	10	多云	19	3	曲靖市	云南	曲靖	曲靖
2018	12	11	晴	19	2	曲靖市	云南	曲靖	曲靖
2018	11	26	晴	20	9	湘西土家族苗族自治州	湖南	湘西土家族苗族自治州	湘西
2018	11	27	多云	18	10	湘西土家族苗族自治州	湖南	湘西土家族苗族自治州	湘西
2018	11	28	多云	18	10	湘西土家族苗族自治州	湖南	湘西土家族苗族自治州	湘西
2018	11	29	多云	19	10	湘西土家族苗族自治州	湖南	湘西土家族苗族自治州	湘西
2018	11	30	多云	18	11	湘西土家族苗族自治州	湖南	湘西土家族苗族自治州	湘西
2018	12	1	小雨	16	12	湘西土家族苗族自治州	湖南	湘西土家族苗族自治州	湘西
2018	12	2	小雨	17	12	湘西土家族苗族自治州	湖南	湘西土家族苗族自治州	湘西
2018	12	3	小雨	20	13	湘西土家族苗族自治州	湖南	湘西土家族苗族自治州	湘西
2018	12	4	雨	13	7	湘西土家族苗族自治州	湖南	湘西土家族苗族自治州	湘西
2018	12	5	雨	13	5	湘西土家族苗族自治州	湖南	湘西土家族苗族自治州	湘西
2018	12	6	雨	9	5	湘西土家族苗族自治州	湖南	湘西土家族苗族自治州	湘西
2018	12	7	雨	10	6	湘西土家族苗族自治州	湖南	湘西土家族苗族自治州	湘西
2018	12	8	雨	11	6	湘西土家族苗族自治州	湖南	湘西土家族苗族自治州	湘西
2018	12	9	雨	12	6	湘西土家族苗族自治州	湖南	湘西土家族苗族自治州	湘西
2018	12	10	雨	13	6	湘西土家族苗族自治州	湖南	湘西土家族苗族自治州	湘西
2018	12	11	雨	11	5	湘西土家族苗族自治州	湖南	湘西土家族苗族自治州	湘西
2018	11	26	多云	19	6	黔西南布依族苗族自治州	贵州	黔西南布依族苗族自治州	黔西南
2018	11	27	晴	20	6	黔西南布依族苗族自治州	贵州	黔西南布依族苗族自治州	黔西南
2018	11	28	晴	20	7	黔西南布依族苗族自治州	贵州	黔西南布依族苗族自治州	黔西南
2018	11	29	多云	20	8	黔西南布依族苗族自治州	贵州	黔西南布依族苗族自治州	黔西南
2018	11	30	多云	18	11	黔西南布依族苗族自治州	贵州	黔西南布依族苗族自治州	黔西南
2018	12	1	多云	18	11	黔西南布依族苗族自治州	贵州	黔西南布依族苗族自治州	黔西南
2018	12	2	阴	16	12	黔西南布依族苗族自治州	贵州	黔西南布依族苗族自治州	黔西南
2018	12	3	多云	20	12	黔西南布依族苗族自治州	贵州	黔西南布依族苗族自治州	黔西南
2018	12	4	阴	21	9	黔西南布依族苗族自治州	贵州	黔西南布依族苗族自治州	黔西南
2018	12	5	多云	20	9	黔西南布依族苗族自治州	贵州	黔西南布依族苗族自治州	黔西南
2018	12	6	阴	16	10	黔西南布依族苗族自治州	贵州	黔西南布依族苗族自治州	黔西南
2018	12	7	雨	20	11	黔西南布依族苗族自治州	贵州	黔西南布依族苗族自治州	黔西南
2018	12	8	雨	22	9	黔西南布依族苗族自治州	贵州	黔西南布依族苗族自治州	黔西南
2018	12	9	雨	21	9	黔西南布依族苗族自治州	贵州	黔西南布依族苗族自治州	黔西南
2018	12	10	阴	22	9	黔西南布依族苗族自治州	贵州	黔西南布依族苗族自治州	黔西南
2018	12	11	晴	22	9	黔西南布依族苗族自治州	贵州	黔西南布依族苗族自治州	黔西南
2018	11	26	晴	6	-5	伊犁哈萨克自治州	新疆	伊犁哈萨克自治州	伊犁
2018	11	27	多云	5	-6	伊犁哈萨克自治州	新疆	伊犁哈萨克自治州	伊犁
2018	11	28	多云	5	-5	伊犁哈萨克自治州	新疆	伊犁哈萨克自治州	伊犁
2018	11	29	晴	7	-5	伊犁哈萨克自治州	新疆	伊犁哈萨克自治州	伊犁
2018	11	30	晴	9	-2	伊犁哈萨克自治州	新疆	伊犁哈萨克自治州	伊犁
2018	12	1	多云	5	-5	伊犁哈萨克自治州	新疆	伊犁哈萨克自治州	伊犁
2018	12	2	多云	-1	-9	伊犁哈萨克自治州	新疆	伊犁哈萨克自治州	伊犁
2018	12	3	晴	2	-10	伊犁哈萨克自治州	新疆	伊犁哈萨克自治州	伊犁
2018	12	4	阴	1	-6	伊犁哈萨克自治州	新疆	伊犁哈萨克自治州	伊犁
2018	12	5	阴	1	-6	伊犁哈萨克自治州	新疆	伊犁哈萨克自治州	伊犁
2018	12	6	雨夹雪	1	-5	伊犁哈萨克自治州	新疆	伊犁哈萨克自治州	伊犁
2018	12	7	多云	2	-4	伊犁哈萨克自治州	新疆	伊犁哈萨克自治州	伊犁
2018	12	8	多云	2	-4	伊犁哈萨克自治州	新疆	伊犁哈萨克自治州	伊犁
2018	12	9	多云	3	-5	伊犁哈萨克自治州	新疆	伊犁哈萨克自治州	伊犁
2018	12	10	雪	1	-8	伊犁哈萨克自治州	新疆	伊犁哈萨克自治州	伊犁
2018	12	11	雪	-1	-7	伊犁哈萨克自治州	新疆	伊犁哈萨克自治州	伊犁
2018	11	26	晴	22	6	保山市	云南	保山	保山
2018	11	27	晴	22	5	保山市	云南	保山	保山
2018	11	28	晴	23	7	保山市	云南	保山	保山
2018	11	29	晴	23	6	保山市	云南	保山	保山
2018	11	30	晴	21	6	保山市	云南	保山	保山
2018	12	1	晴	21	6	保山市	云南	保山	保山
2018	12	2	多云	20	4	保山市	云南	保山	保山
2018	12	3	多云	19	4	保山市	云南	保山	保山
2018	12	4	多云	18	3	保山市	云南	保山	保山
2018	12	5	多云	18	4	保山市	云南	保山	保山
2018	12	6	阴	19	3	保山市	云南	保山	保山
2018	12	7	阴	18	5	保山市	云南	保山	保山
2018	12	8	晴	18	4	保山市	云南	保山	保山
2018	12	9	多云	19	3	保山市	云南	保山	保山
2018	12	10	晴	19	3	保山市	云南	保山	保山
2018	12	11	晴	19	3	保山市	云南	保山	保山
2018	11	26	多云	23	9	普洱市	云南	普洱	普洱
2018	11	27	多云	23	8	普洱市	云南	普洱	普洱
2018	11	28	多云	23	10	普洱市	云南	普洱	普洱
2018	11	29	晴	22	9	普洱市	云南	普洱	普洱
2018	11	30	多云	23	9	普洱市	云南	普洱	普洱
2018	12	1	多云	22	10	普洱市	云南	普洱	普洱
2018	12	2	阴	23	11	普洱市	云南	普洱	普洱
2018	12	3	多云	24	11	普洱市	云南	普洱	普洱
2018	12	4	多云	22	10	普洱市	云南	普洱	普洱
2018	12	5	阴	23	9	普洱市	云南	普洱	普洱
2018	12	6	阴	23	9	普洱市	云南	普洱	普洱
2018	12	7	雨	23	11	普洱市	云南	普洱	普洱
2018	12	8	雨	23	10	普洱市	云南	普洱	普洱
2018	12	9	雨	24	10	普洱市	云南	普洱	普洱
2018	12	10	多云	24	9	普洱市	云南	普洱	普洱
2018	12	11	晴	24	8	普洱市	云南	普洱	普洱
2018	11	26	晴	23	5	临沧市	云南	临沧	临沧
2018	11	27	晴	23	6	临沧市	云南	临沧	临沧
2018	11	28	晴	24	6	临沧市	云南	临沧	临沧
2018	11	29	晴	23	6	临沧市	云南	临沧	临沧
2018	11	30	晴	23	5	临沧市	云南	临沧	临沧
2018	12	1	多云	22	6	临沧市	云南	临沧	临沧
2018	12	2	阴	21	6	临沧市	云南	临沧	临沧
2018	12	3	多云	23	6	临沧市	云南	临沧	临沧
2018	12	4	多云	20	6	临沧市	云南	临沧	临沧
2018	12	5	阴	21	5	临沧市	云南	临沧	临沧
2018	12	6	多云	21	6	临沧市	云南	临沧	临沧
2018	12	7	雨	22	8	临沧市	云南	临沧	临沧
2018	12	8	多云	21	5	临沧市	云南	临沧	临沧
2018	12	9	多云	21	5	临沧市	云南	临沧	临沧
2018	12	10	多云	22	5	临沧市	云南	临沧	临沧
2018	12	11	晴	22	4	临沧市	云南	临沧	临沧
2018	11	26	晴	22	9	文山壮族苗族自治州	云南	文山壮族苗族自治州	文山
2018	11	27	多云	20	10	文山壮族苗族自治州	云南	文山壮族苗族自治州	文山
2018	11	28	晴	22	8	文山壮族苗族自治州	云南	文山壮族苗族自治州	文山
2018	11	29	多云	23	7	文山壮族苗族自治州	云南	文山壮族苗族自治州	文山
2018	11	30	多云	23	11	文山壮族苗族自治州	云南	文山壮族苗族自治州	文山
2018	12	1	多云	21	10	文山壮族苗族自治州	云南	文山壮族苗族自治州	文山
2018	12	2	阴	24	9	文山壮族苗族自治州	云南	文山壮族苗族自治州	文山
2018	12	3	多云	23	9	文山壮族苗族自治州	云南	文山壮族苗族自治州	文山
2018	12	4	多云	22	11	文山壮族苗族自治州	云南	文山壮族苗族自治州	文山
2018	12	5	阴	21	12	文山壮族苗族自治州	云南	文山壮族苗族自治州	文山
2018	12	6	阴	21	12	文山壮族苗族自治州	云南	文山壮族苗族自治州	文山
2018	12	7	雨	19	12	文山壮族苗族自治州	云南	文山壮族苗族自治州	文山
2018	12	8	雨	22	11	文山壮族苗族自治州	云南	文山壮族苗族自治州	文山
2018	12	9	雨	23	11	文山壮族苗族自治州	云南	文山壮族苗族自治州	文山
2018	12	10	雨	23	11	文山壮族苗族自治州	云南	文山壮族苗族自治州	文山
2018	12	11	雨	23	12	文山壮族苗族自治州	云南	文山壮族苗族自治州	文山
2018	11	26	晴	20	5	楚雄彝族自治州	云南	楚雄彝族自治州	楚雄
2018	11	27	晴	19	6	楚雄彝族自治州	云南	楚雄彝族自治州	楚雄
2018	11	28	晴	21	5	楚雄彝族自治州	云南	楚雄彝族自治州	楚雄
2018	11	29	晴	21	6	楚雄彝族自治州	云南	楚雄彝族自治州	楚雄
2018	11	30	晴	21	5	楚雄彝族自治州	云南	楚雄彝族自治州	楚雄
2018	12	1	多云	19	6	楚雄彝族自治州	云南	楚雄彝族自治州	楚雄
2018	12	2	晴	19	5	楚雄彝族自治州	云南	楚雄彝族自治州	楚雄
2018	12	3	多云	19	5	楚雄彝族自治州	云南	楚雄彝族自治州	楚雄
2018	12	4	多云	19	4	楚雄彝族自治州	云南	楚雄彝族自治州	楚雄
2018	12	5	多云	19	4	楚雄彝族自治州	云南	楚雄彝族自治州	楚雄
2018	12	6	阴	19	5	楚雄彝族自治州	云南	楚雄彝族自治州	楚雄
2018	12	7	多云	19	5	楚雄彝族自治州	云南	楚雄彝族自治州	楚雄
2018	12	8	多云	18	3	楚雄彝族自治州	云南	楚雄彝族自治州	楚雄
2018	12	9	多云	19	3	楚雄彝族自治州	云南	楚雄彝族自治州	楚雄
2018	12	10	多云	19	2	楚雄彝族自治州	云南	楚雄彝族自治州	楚雄
2018	12	11	晴	19	2	楚雄彝族自治州	云南	楚雄彝族自治州	楚雄
2018	11	26	晴	19	2	大理白族自治州	云南	大理白族自治州	大理
2018	11	27	晴	20	3	大理白族自治州	云南	大理白族自治州	大理
2018	11	28	晴	20	3	大理白族自治州	云南	大理白族自治州	大理
2018	11	29	晴	20	2	大理白族自治州	云南	大理白族自治州	大理
2018	11	30	晴	19	1	大理白族自治州	云南	大理白族自治州	大理
2018	12	1	晴	18	1	大理白族自治州	云南	大理白族自治州	大理
2018	12	2	晴	17	0	大理白族自治州	云南	大理白族自治州	大理
2018	12	3	多云	17	0	大理白族自治州	云南	大理白族自治州	大理
2018	12	4	多云	16	2	大理白族自治州	云南	大理白族自治州	大理
2018	12	5	晴	17	2	大理白族自治州	云南	大理白族自治州	大理
2018	12	6	阴	17	2	大理白族自治州	云南	大理白族自治州	大理
2018	12	7	阴	17	3	大理白族自治州	云南	大理白族自治州	大理
2018	12	8	多云	17	2	大理白族自治州	云南	大理白族自治州	大理
2018	12	9	多云	17	2	大理白族自治州	云南	大理白族自治州	大理
2018	12	10	晴	17	2	大理白族自治州	云南	大理白族自治州	大理
2018	12	11	晴	17	1	大理白族自治州	云南	大理白族自治州	大理
2018	11	26	晴	26	9	德宏傣族景颇族自治州	云南	德宏傣族景颇族自治州	德宏
2018	11	27	晴	26	7	德宏傣族景颇族自治州	云南	德宏傣族景颇族自治州	德宏
2018	11	28	晴	26	8	德宏傣族景颇族自治州	云南	德宏傣族景颇族自治州	德宏
2018	11	29	晴	26	10	德宏傣族景颇族自治州	云南	德宏傣族景颇族自治州	德宏
2018	11	30	晴	25	10	德宏傣族景颇族自治州	云南	德宏傣族景颇族自治州	德宏
2018	12	1	晴	25	10	德宏傣族景颇族自治州	云南	德宏傣族景颇族自治州	德宏
2018	12	2	多云	25	7	德宏傣族景颇族自治州	云南	德宏傣族景颇族自治州	德宏
2018	12	3	多云	24	7	德宏傣族景颇族自治州	云南	德宏傣族景颇族自治州	德宏
2018	12	4	多云	23	9	德宏傣族景颇族自治州	云南	德宏傣族景颇族自治州	德宏
2018	12	5	多云	23	9	德宏傣族景颇族自治州	云南	德宏傣族景颇族自治州	德宏
2018	12	6	阴	23	9	德宏傣族景颇族自治州	云南	德宏傣族景颇族自治州	德宏
2018	12	7	阴	22	9	德宏傣族景颇族自治州	云南	德宏傣族景颇族自治州	德宏
2018	12	8	多云	23	8	德宏傣族景颇族自治州	云南	德宏傣族景颇族自治州	德宏
2018	12	9	多云	23	8	德宏傣族景颇族自治州	云南	德宏傣族景颇族自治州	德宏
2018	12	10	多云	24	8	德宏傣族景颇族自治州	云南	德宏傣族景颇族自治州	德宏
2018	12	11	晴	23	7	德宏傣族景颇族自治州	云南	德宏傣族景颇族自治州	德宏
2018	11	26	晴	19	6	贵阳市	贵州	贵阳	贵阳
2018	11	27	晴	18	7	贵阳市	贵州	贵阳	贵阳
2018	11	28	晴	19	7	贵阳市	贵州	贵阳	贵阳
2018	11	29	多云	20	7	贵阳市	贵州	贵阳	贵阳
2018	11	30	多云	16	10	贵阳市	贵州	贵阳	贵阳
2018	12	1	阴	15	11	贵阳市	贵州	贵阳	贵阳
2018	12	2	阴	19	12	贵阳市	贵州	贵阳	贵阳
2018	12	3	阴	16	10	贵阳市	贵州	贵阳	贵阳
2018	12	4	雨	17	7	贵阳市	贵州	贵阳	贵阳
2018	12	5	雨	16	5	贵阳市	贵州	贵阳	贵阳
2018	12	6	雨	11	5	贵阳市	贵州	贵阳	贵阳
2018	12	7	雨	16	6	贵阳市	贵州	贵阳	贵阳
2018	12	8	雨	16	7	贵阳市	贵州	贵阳	贵阳
2018	12	9	雨	17	8	贵阳市	贵州	贵阳	贵阳
2018	12	10	雨	17	8	贵阳市	贵州	贵阳	贵阳
2018	12	11	雨	16	6	贵阳市	贵州	贵阳	贵阳
2018	11	26	多云	7	-7	大庆市	黑龙江	大庆	大庆
2018	11	27	多云	-1	-11	大庆市	黑龙江	大庆	大庆
2018	11	28	晴	-6	-15	大庆市	黑龙江	大庆	大庆
2018	11	29	晴	-7	-14	大庆市	黑龙江	大庆	大庆
2018	11	30	多云	-6	-13	大庆市	黑龙江	大庆	大庆
2018	12	1	晴	-3	-10	大庆市	黑龙江	大庆	大庆
2018	12	2	晴	2	-7	大庆市	黑龙江	大庆	大庆
2018	12	3	多云	3	-6	大庆市	黑龙江	大庆	大庆
2018	12	4	多云	-8	-14	大庆市	黑龙江	大庆	大庆
2018	12	5	晴	-10	-17	大庆市	黑龙江	大庆	大庆
2018	12	6	晴	-14	-17	大庆市	黑龙江	大庆	大庆
2018	12	7	多云	-12	-19	大庆市	黑龙江	大庆	大庆
2018	12	8	晴	-15	-19	大庆市	黑龙江	大庆	大庆
2018	12	9	晴	-13	-19	大庆市	黑龙江	大庆	大庆
2018	12	10	晴	-14	-19	大庆市	黑龙江	大庆	大庆
2018	12	11	晴	-13	-18	大庆市	黑龙江	大庆	大庆
2018	11	26	多云	11	-6	拉萨市	西藏	拉萨	拉萨
2018	11	27	晴	11	-6	拉萨市	西藏	拉萨	拉萨
2018	11	28	晴	14	-4	拉萨市	西藏	拉萨	拉萨
2018	11	29	多云	13	-4	拉萨市	西藏	拉萨	拉萨
2018	11	30	晴	11	-5	拉萨市	西藏	拉萨	拉萨
2018	12	1	多云	10	-5	拉萨市	西藏	拉萨	拉萨
2018	12	2	晴	11	-5	拉萨市	西藏	拉萨	拉萨
2018	12	3	晴	12	-5	拉萨市	西藏	拉萨	拉萨
2018	12	4	晴	6	-4	拉萨市	西藏	拉萨	拉萨
2018	12	5	多云	7	-4	拉萨市	西藏	拉萨	拉萨
2018	12	6	多云	6	-3	拉萨市	西藏	拉萨	拉萨
2018	12	7	雨夹雪	3	-5	拉萨市	西藏	拉萨	拉萨
2018	12	8	晴	4	-5	拉萨市	西藏	拉萨	拉萨
2018	12	9	多云	4	-4	拉萨市	西藏	拉萨	拉萨
2018	12	10	晴	4	-3	拉萨市	西藏	拉萨	拉萨
2018	12	11	晴	4	-3	拉萨市	西藏	拉萨	拉萨
2018	11	26	多云	6	-7	佳木斯市	黑龙江	佳木斯	佳木斯
2018	11	27	多云	5	-14	佳木斯市	黑龙江	佳木斯	佳木斯
2018	11	28	多云	-7	-20	佳木斯市	黑龙江	佳木斯	佳木斯
2018	11	29	多云	-8	-21	佳木斯市	黑龙江	佳木斯	佳木斯
2018	11	30	小雪	-7	-18	佳木斯市	黑龙江	佳木斯	佳木斯
2018	12	1	多云	-6	-13	佳木斯市	黑龙江	佳木斯	佳木斯
2018	12	2	多云	2	-10	佳木斯市	黑龙江	佳木斯	佳木斯
2018	12	3	多云	2	-12	佳木斯市	黑龙江	佳木斯	佳木斯
2018	12	4	多云	-5	-13	佳木斯市	黑龙江	佳木斯	佳木斯
2018	12	5	多云	-9	-17	佳木斯市	黑龙江	佳木斯	佳木斯
2018	12	6	多云	-13	-19	佳木斯市	黑龙江	佳木斯	佳木斯
2018	12	7	多云	-14	-20	佳木斯市	黑龙江	佳木斯	佳木斯
2018	12	8	多云	-16	-22	佳木斯市	黑龙江	佳木斯	佳木斯
2018	12	9	晴	-17	-22	佳木斯市	黑龙江	佳木斯	佳木斯
2018	12	10	晴	-15	-22	佳木斯市	黑龙江	佳木斯	佳木斯
2018	12	11	晴	-16	-22	佳木斯市	黑龙江	佳木斯	佳木斯
2018	11	26	多云	19	6	郑州市	河南	郑州	郑州
2018	11	27	多云	14	2	郑州市	河南	郑州	郑州
2018	11	28	多云	16	3	郑州市	河南	郑州	郑州
2018	11	29	晴	13	3	郑州市	河南	郑州	郑州
2018	11	30	多云	15	2	郑州市	河南	郑州	郑州
2018	12	1	多云	12	4	郑州市	河南	郑州	郑州
2018	12	2	小雨	13	8	郑州市	河南	郑州	郑州
2018	12	3	阴	12	0	郑州市	河南	郑州	郑州
2018	12	4	雨	11	2	郑州市	河南	郑州	郑州
2018	12	5	阴	8	0	郑州市	河南	郑州	郑州
2018	12	6	阴	5	0	郑州市	河南	郑州	郑州
2018	12	7	雨夹雪	7	0	郑州市	河南	郑州	郑州
2018	12	8	雨	8	1	郑州市	河南	郑州	郑州
2018	12	9	多云	10	1	郑州市	河南	郑州	郑州
2018	12	10	多云	9	0	郑州市	河南	郑州	郑州
2018	12	11	多云	8	0	郑州市	河南	郑州	郑州
2018	11	26	多云	20	13	上海市	上海	上海	上海
2018	11	27	多云	19	13	上海市	上海	上海	上海
2018	11	28	多云	18	12	上海市	上海	上海	上海
2018	11	29	多云	18	11	上海市	上海	上海	上海
2018	11	30	阴	18	11	上海市	上海	上海	上海
2018	12	1	多云	17	12	上海市	上海	上海	上海
2018	12	2	多云	16	13	上海市	上海	上海	上海
2018	12	3	多云	18	12	上海市	上海	上海	上海
2018	12	4	雨	16	11	上海市	上海	上海	上海
2018	12	5	雨	17	9	上海市	上海	上海	上海
2018	12	6	雨	13	8	上海市	上海	上海	上海
2018	12	7	阴	13	9	上海市	上海	上海	上海
2018	12	8	雨	14	9	上海市	上海	上海	上海
2018	12	9	雨	14	10	上海市	上海	上海	上海
2018	12	10	阴	15	10	上海市	上海	上海	上海
2018	12	11	雨	13	8	上海市	上海	上海	上海
2018	11	26	晴	17	7	洛阳市	河南	洛阳	洛阳
2018	11	27	多云	13	3	洛阳市	河南	洛阳	洛阳
2018	11	28	晴	15	3	洛阳市	河南	洛阳	洛阳
2018	11	29	多云	12	4	洛阳市	河南	洛阳	洛阳
2018	11	30	晴	16	4	洛阳市	河南	洛阳	洛阳
2018	12	1	多云	12	7	洛阳市	河南	洛阳	洛阳
2018	12	2	小雨	13	7	洛阳市	河南	洛阳	洛阳
2018	12	3	多云	11	2	洛阳市	河南	洛阳	洛阳
2018	12	4	雨	11	2	洛阳市	河南	洛阳	洛阳
2018	12	5	阴	9	1	洛阳市	河南	洛阳	洛阳
2018	12	6	阴	6	0	洛阳市	河南	洛阳	洛阳
2018	12	7	雨夹雪	8	1	洛阳市	河南	洛阳	洛阳
2018	12	8	雨	9	1	洛阳市	河南	洛阳	洛阳
2018	12	9	多云	11	1	洛阳市	河南	洛阳	洛阳
2018	12	10	多云	9	1	洛阳市	河南	洛阳	洛阳
2018	12	11	阴	8	0	洛阳市	河南	洛阳	洛阳
2018	11	26	晴	19	8	平顶山市	河南	平顶山	平顶山
2018	11	27	阴	13	4	平顶山市	河南	平顶山	平顶山
2018	11	28	晴	16	4	平顶山市	河南	平顶山	平顶山
2018	11	29	多云	14	5	平顶山市	河南	平顶山	平顶山
2018	11	30	多云	15	4	平顶山市	河南	平顶山	平顶山
2018	12	1	多云	12	5	平顶山市	河南	平顶山	平顶山
2018	12	2	小雨	13	8	平顶山市	河南	平顶山	平顶山
2018	12	3	小雨	12	8	平顶山市	河南	平顶山	平顶山
2018	12	4	雨	11	3	平顶山市	河南	平顶山	平顶山
2018	12	5	雨	9	1	平顶山市	河南	平顶山	平顶山
2018	12	6	雨夹雪	6	0	平顶山市	河南	平顶山	平顶山
2018	12	7	雨	6	0	平顶山市	河南	平顶山	平顶山
2018	12	8	雨夹雪	8	1	平顶山市	河南	平顶山	平顶山
2018	12	9	多云	10	1	平顶山市	河南	平顶山	平顶山
2018	12	10	阴	9	1	平顶山市	河南	平顶山	平顶山
2018	12	11	阴	8	0	平顶山市	河南	平顶山	平顶山
2018	11	26	多云	17	4	新乡市	河南	新乡	新乡
2018	11	27	阴	12	1	新乡市	河南	新乡	新乡
2018	11	28	多云	13	2	新乡市	河南	新乡	新乡
2018	11	29	多云	12	1	新乡市	河南	新乡	新乡
2018	11	30	多云	14	2	新乡市	河南	新乡	新乡
2018	12	1	多云	12	5	新乡市	河南	新乡	新乡
2018	12	2	小雨	13	6	新乡市	河南	新乡	新乡
2018	12	3	阴	13	0	新乡市	河南	新乡	新乡
2018	12	4	雨	10	1	新乡市	河南	新乡	新乡
2018	12	5	阴	8	0	新乡市	河南	新乡	新乡
2018	12	6	阴	4	0	新乡市	河南	新乡	新乡
2018	12	7	多云	8	0	新乡市	河南	新乡	新乡
2018	12	8	雨	9	0	新乡市	河南	新乡	新乡
2018	12	9	多云	10	0	新乡市	河南	新乡	新乡
2018	12	10	多云	9	0	新乡市	河南	新乡	新乡
2018	12	11	多云	8	-1	新乡市	河南	新乡	新乡
2018	11	26	多云	17	4	安阳市	河南	安阳	安阳
2018	11	27	多云	14	0	安阳市	河南	安阳	安阳
2018	11	28	多云	14	0	安阳市	河南	安阳	安阳
2018	11	29	多云	10	0	安阳市	河南	安阳	安阳
2018	11	30	多云	13	1	安阳市	河南	安阳	安阳
2018	12	1	小雨	10	2	安阳市	河南	安阳	安阳
2018	12	2	小雨	12	5	安阳市	河南	安阳	安阳
2018	12	3	多云	12	-1	安阳市	河南	安阳	安阳
2018	12	4	雨夹雪	8	0	安阳市	河南	安阳	安阳
2018	12	5	阴	7	-1	安阳市	河南	安阳	安阳
2018	12	6	阴	3	-1	安阳市	河南	安阳	安阳
2018	12	7	阴	8	0	安阳市	河南	安阳	安阳
2018	12	8	雨	8	-1	安阳市	河南	安阳	安阳
2018	12	9	多云	9	0	安阳市	河南	安阳	安阳
2018	12	10	多云	8	-1	安阳市	河南	安阳	安阳
2018	12	11	多云	8	-2	安阳市	河南	安阳	安阳
2018	11	26	晴	17	5	濮阳市	河南	濮阳	濮阳
2018	11	27	阴	11	1	濮阳市	河南	濮阳	濮阳
2018	11	28	多云	14	1	濮阳市	河南	濮阳	濮阳
2018	11	29	多云	9	2	濮阳市	河南	濮阳	濮阳
2018	11	30	多云	13	2	濮阳市	河南	濮阳	濮阳
2018	12	1	多云	11	2	濮阳市	河南	濮阳	濮阳
2018	12	2	小雨	12	5	濮阳市	河南	濮阳	濮阳
2018	12	3	阴	12	0	濮阳市	河南	濮阳	濮阳
2018	12	4	阴	9	0	濮阳市	河南	濮阳	濮阳
2018	12	5	阴	7	-1	濮阳市	河南	濮阳	濮阳
2018	12	6	阴	4	-1	濮阳市	河南	濮阳	濮阳
2018	12	7	阴	8	0	濮阳市	河南	濮阳	濮阳
2018	12	8	雨	8	-1	濮阳市	河南	濮阳	濮阳
2018	12	9	多云	10	0	濮阳市	河南	濮阳	濮阳
2018	12	10	多云	8	0	濮阳市	河南	濮阳	濮阳
2018	12	11	多云	8	-1	濮阳市	河南	濮阳	濮阳
2018	11	26	晴	18	6	南阳市	河南	南阳	南阳
2018	11	27	阴	14	3	南阳市	河南	南阳	南阳
2018	11	28	多云	16	4	南阳市	河南	南阳	南阳
2018	11	29	多云	16	5	南阳市	河南	南阳	南阳
2018	11	30	多云	14	4	南阳市	河南	南阳	南阳
2018	12	1	小雨	17	6	南阳市	河南	南阳	南阳
2018	12	2	小雨	15	9	南阳市	河南	南阳	南阳
2018	12	3	小雨	12	3	南阳市	河南	南阳	南阳
2018	12	4	阴	11	3	南阳市	河南	南阳	南阳
2018	12	5	雨	9	1	南阳市	河南	南阳	南阳
2018	12	6	雨夹雪	6	0	南阳市	河南	南阳	南阳
2018	12	7	雨	6	0	南阳市	河南	南阳	南阳
2018	12	8	雨夹雪	9	0	南阳市	河南	南阳	南阳
2018	12	9	多云	9	1	南阳市	河南	南阳	南阳
2018	12	10	阴	9	1	南阳市	河南	南阳	南阳
2018	12	11	阴	8	0	南阳市	河南	南阳	南阳
2018	11	26	晴	18	3	商丘市	河南	商丘	商丘
2018	11	27	阴	14	3	商丘市	河南	商丘	商丘
2018	11	28	多云	15	3	商丘市	河南	商丘	商丘
2018	11	29	多云	15	3	商丘市	河南	商丘	商丘
2018	11	30	多云	13	2	商丘市	河南	商丘	商丘
2018	12	1	多云	13	7	商丘市	河南	商丘	商丘
2018	12	2	小雨	13	7	商丘市	河南	商丘	商丘
2018	12	3	小雨	14	7	商丘市	河南	商丘	商丘
2018	12	4	阴	12	3	商丘市	河南	商丘	商丘
2018	12	5	雨	9	0	商丘市	河南	商丘	商丘
2018	12	6	雨夹雪	5	-1	商丘市	河南	商丘	商丘
2018	12	7	雨夹雪	7	0	商丘市	河南	商丘	商丘
2018	12	8	雨	9	0	商丘市	河南	商丘	商丘
2018	12	9	多云	11	1	商丘市	河南	商丘	商丘
2018	12	10	阴	9	1	商丘市	河南	商丘	商丘
2018	12	11	多云	8	0	商丘市	河南	商丘	商丘
2018	11	26	晴	21	9	信阳市	河南	信阳	信阳
2018	11	27	多云	17	5	信阳市	河南	信阳	信阳
2018	11	28	晴	17	6	信阳市	河南	信阳	信阳
2018	11	29	多云	19	6	信阳市	河南	信阳	信阳
2018	11	30	多云	15	6	信阳市	河南	信阳	信阳
2018	12	1	多云	13	6	信阳市	河南	信阳	信阳
2018	12	2	小雨	11	8	信阳市	河南	信阳	信阳
2018	12	3	小雨	12	6	信阳市	河南	信阳	信阳
2018	12	4	多云	12	5	信阳市	河南	信阳	信阳
2018	12	5	雨	9	3	信阳市	河南	信阳	信阳
2018	12	6	雨	7	2	信阳市	河南	信阳	信阳
2018	12	7	雨	7	3	信阳市	河南	信阳	信阳
2018	12	8	雨	9	3	信阳市	河南	信阳	信阳
2018	12	9	雨	10	4	信阳市	河南	信阳	信阳
2018	12	10	雨	9	4	信阳市	河南	信阳	信阳
2018	12	11	阴	8	2	信阳市	河南	信阳	信阳
2018	11	26	晴	20	7	周口市	河南	周口	周口
2018	11	27	阴	15	4	周口市	河南	周口	周口
2018	11	28	晴	16	6	周口市	河南	周口	周口
2018	11	29	晴	17	6	周口市	河南	周口	周口
2018	11	30	多云	14	5	周口市	河南	周口	周口
2018	12	1	多云	14	6	周口市	河南	周口	周口
2018	12	2	小雨	12	9	周口市	河南	周口	周口
2018	12	3	阴	14	6	周口市	河南	周口	周口
2018	12	4	阴	12	5	周口市	河南	周口	周口
2018	12	5	雨	9	2	周口市	河南	周口	周口
2018	12	6	雨	6	2	周口市	河南	周口	周口
2018	12	7	雨	6	2	周口市	河南	周口	周口
2018	12	8	雨	9	2	周口市	河南	周口	周口
2018	12	9	多云	11	2	周口市	河南	周口	周口
2018	12	10	阴	9	3	周口市	河南	周口	周口
2018	12	11	阴	9	1	周口市	河南	周口	周口
2018	11	26	晴	17	11	重庆市	重庆	重庆	重庆
2018	11	27	阴	15	10	重庆市	重庆	重庆	重庆
2018	11	28	晴	16	11	重庆市	重庆	重庆	重庆
2018	11	29	阴	15	11	重庆市	重庆	重庆	重庆
2018	11	30	小雨	15	12	重庆市	重庆	重庆	重庆
2018	12	1	阴	16	12	重庆市	重庆	重庆	重庆
2018	12	2	小雨	15	12	重庆市	重庆	重庆	重庆
2018	12	3	小雨	14	11	重庆市	重庆	重庆	重庆
2018	12	4	阴	17	9	重庆市	重庆	重庆	重庆
2018	12	5	雨	14	9	重庆市	重庆	重庆	重庆
2018	12	6	雨	12	9	重庆市	重庆	重庆	重庆
2018	12	7	雨	13	8	重庆市	重庆	重庆	重庆
2018	12	8	雨	16	8	重庆市	重庆	重庆	重庆
2018	12	9	多云	16	9	重庆市	重庆	重庆	重庆
2018	12	10	雨	16	10	重庆市	重庆	重庆	重庆
2018	12	11	阴	16	10	重庆市	重庆	重庆	重庆
2018	11	26	晴	21	6	驻马店市	河南	驻马店	驻马店
2018	11	27	阴	14	3	驻马店市	河南	驻马店	驻马店
2018	11	28	多云	15	4	驻马店市	河南	驻马店	驻马店
2018	11	29	多云	15	6	驻马店市	河南	驻马店	驻马店
2018	11	30	多云	13	7	驻马店市	河南	驻马店	驻马店
2018	12	1	小雨	16	7	驻马店市	河南	驻马店	驻马店
2018	12	2	小雨	14	9	驻马店市	河南	驻马店	驻马店
2018	12	3	中雨	11	3	驻马店市	河南	驻马店	驻马店
2018	12	4	阴	12	4	驻马店市	河南	驻马店	驻马店
2018	12	5	雨	9	1	驻马店市	河南	驻马店	驻马店
2018	12	6	雨	6	2	驻马店市	河南	驻马店	驻马店
2018	12	7	雨	6	1	驻马店市	河南	驻马店	驻马店
2018	12	8	雨夹雪	8	1	驻马店市	河南	驻马店	驻马店
2018	12	9	雨	10	1	驻马店市	河南	驻马店	驻马店
2018	12	10	雨	9	1	驻马店市	河南	驻马店	驻马店
2018	12	11	阴	8	0	驻马店市	河南	驻马店	驻马店
2018	11	26	多云	20	5	武汉市	湖北	武汉	武汉
2018	11	27	晴	20	5	武汉市	湖北	武汉	武汉
2018	11	28	晴	19	5	武汉市	湖北	武汉	武汉
2018	11	29	晴	20	7	武汉市	湖北	武汉	武汉
2018	11	30	多云	18	8	武汉市	湖北	武汉	武汉
2018	12	1	多云	17	8	武汉市	湖北	武汉	武汉
2018	12	2	多云	17	8	武汉市	湖北	武汉	武汉
2018	12	3	小雨	14	11	武汉市	湖北	武汉	武汉
2018	12	4	阴	13	6	武汉市	湖北	武汉	武汉
2018	12	5	雨	12	5	武汉市	湖北	武汉	武汉
2018	12	6	雨	10	5	武汉市	湖北	武汉	武汉
2018	12	7	雨	9	5	武汉市	湖北	武汉	武汉
2018	12	8	雨	11	5	武汉市	湖北	武汉	武汉
2018	12	9	雨	12	5	武汉市	湖北	武汉	武汉
2018	12	10	雨	11	5	武汉市	湖北	武汉	武汉
2018	12	11	阴	10	4	武汉市	湖北	武汉	武汉
2018	11	26	多云	20	7	黄石市	湖北	黄石	黄石
2018	11	27	晴	21	7	黄石市	湖北	黄石	黄石
2018	11	28	多云	20	8	黄石市	湖北	黄石	黄石
2018	11	29	晴	21	8	黄石市	湖北	黄石	黄石
2018	11	30	多云	18	8	黄石市	湖北	黄石	黄石
2018	12	1	多云	17	9	黄石市	湖北	黄石	黄石
2018	12	2	多云	17	10	黄石市	湖北	黄石	黄石
2018	12	3	小雨	16	11	黄石市	湖北	黄石	黄石
2018	12	4	雨	15	9	黄石市	湖北	黄石	黄石
2018	12	5	雨	14	8	黄石市	湖北	黄石	黄石
2018	12	6	雨	12	7	黄石市	湖北	黄石	黄石
2018	12	7	雨	10	7	黄石市	湖北	黄石	黄石
2018	12	8	雨	11	7	黄石市	湖北	黄石	黄石
2018	12	9	雨	13	7	黄石市	湖北	黄石	黄石
2018	12	10	雨	13	8	黄石市	湖北	黄石	黄石
2018	12	11	阴	12	6	黄石市	湖北	黄石	黄石
2018	11	26	多云	19	7	襄阳市	湖北	襄阳	襄阳
2018	11	27	多云	16	6	襄阳市	湖北	襄阳	襄阳
2018	11	28	晴	16	7	襄阳市	湖北	襄阳	襄阳
2018	11	29	多云	17	7	襄阳市	湖北	襄阳	襄阳
2018	11	30	多云	14	6	襄阳市	湖北	襄阳	襄阳
2018	12	1	多云	13	8	襄阳市	湖北	襄阳	襄阳
2018	12	2	小雨	12	7	襄阳市	湖北	襄阳	襄阳
2018	12	3	小雨	12	7	襄阳市	湖北	襄阳	襄阳
2018	12	4	阴	12	3	襄阳市	湖北	襄阳	襄阳
2018	12	5	雨	10	3	襄阳市	湖北	襄阳	襄阳
2018	12	6	雨	8	3	襄阳市	湖北	襄阳	襄阳
2018	12	7	雨	7	1	襄阳市	湖北	襄阳	襄阳
2018	12	8	雨	9	2	襄阳市	湖北	襄阳	襄阳
2018	12	9	多云	11	2	襄阳市	湖北	襄阳	襄阳
2018	12	10	阴	9	3	襄阳市	湖北	襄阳	襄阳
2018	12	11	阴	9	2	襄阳市	湖北	襄阳	襄阳
2018	11	26	多云	22	6	十堰市	湖北	十堰	十堰
2018	11	27	小雨	14	5	十堰市	湖北	十堰	十堰
2018	11	28	多云	18	5	十堰市	湖北	十堰	十堰
2018	11	29	多云	19	6	十堰市	湖北	十堰	十堰
2018	11	30	多云	15	6	十堰市	湖北	十堰	十堰
2018	12	1	多云	13	7	十堰市	湖北	十堰	十堰
2018	12	2	多云	13	6	十堰市	湖北	十堰	十堰
2018	12	3	小雨	12	5	十堰市	湖北	十堰	十堰
2018	12	4	阴	11	3	十堰市	湖北	十堰	十堰
2018	12	5	雨	9	2	十堰市	湖北	十堰	十堰
2018	12	6	雨	7	1	十堰市	湖北	十堰	十堰
2018	12	7	雨	7	1	十堰市	湖北	十堰	十堰
2018	12	8	雨夹雪	10	1	十堰市	湖北	十堰	十堰
2018	12	9	多云	11	2	十堰市	湖北	十堰	十堰
2018	12	10	阴	11	2	十堰市	湖北	十堰	十堰
2018	12	11	阴	9	1	十堰市	湖北	十堰	十堰
2018	11	26	晴	20	7	荆州市	湖北	荆州	荆州
2018	11	27	晴	19	8	荆州市	湖北	荆州	荆州
2018	11	28	晴	18	8	荆州市	湖北	荆州	荆州
2018	11	29	晴	19	8	荆州市	湖北	荆州	荆州
2018	11	30	多云	18	9	荆州市	湖北	荆州	荆州
2018	12	1	多云	16	8	荆州市	湖北	荆州	荆州
2018	12	2	多云	16	8	荆州市	湖北	荆州	荆州
2018	12	3	小雨	14	11	荆州市	湖北	荆州	荆州
2018	12	4	多云	12	5	荆州市	湖北	荆州	荆州
2018	12	5	雨	11	4	荆州市	湖北	荆州	荆州
2018	12	6	雨	9	4	荆州市	湖北	荆州	荆州
2018	12	7	雨	8	4	荆州市	湖北	荆州	荆州
2018	12	8	雨	11	4	荆州市	湖北	荆州	荆州
2018	12	9	多云	12	4	荆州市	湖北	荆州	荆州
2018	12	10	雨	10	5	荆州市	湖北	荆州	荆州
2018	12	11	阴	10	4	荆州市	湖北	荆州	荆州
2018	11	26	晴	20	9	宜昌市	湖北	宜昌	宜昌
2018	11	27	多云	19	9	宜昌市	湖北	宜昌	宜昌
2018	11	28	晴	17	8	宜昌市	湖北	宜昌	宜昌
2018	11	29	多云	19	9	宜昌市	湖北	宜昌	宜昌
2018	11	30	多云	16	10	宜昌市	湖北	宜昌	宜昌
2018	12	1	阴	15	9	宜昌市	湖北	宜昌	宜昌
2018	12	2	多云	14	9	宜昌市	湖北	宜昌	宜昌
2018	12	3	小雨	13	12	宜昌市	湖北	宜昌	宜昌
2018	12	4	阴	12	4	宜昌市	湖北	宜昌	宜昌
2018	12	5	雨	11	4	宜昌市	湖北	宜昌	宜昌
2018	12	6	雨	9	5	宜昌市	湖北	宜昌	宜昌
2018	12	7	雨	8	5	宜昌市	湖北	宜昌	宜昌
2018	12	8	雨	13	4	宜昌市	湖北	宜昌	宜昌
2018	12	9	多云	13	5	宜昌市	湖北	宜昌	宜昌
2018	12	10	雨	11	5	宜昌市	湖北	宜昌	宜昌
2018	12	11	雨	11	4	宜昌市	湖北	宜昌	宜昌
2018	11	26	多云	19	8	黄冈市	湖北	黄冈	黄冈
2018	11	27	晴	20	7	黄冈市	湖北	黄冈	黄冈
2018	11	28	多云	20	8	黄冈市	湖北	黄冈	黄冈
2018	11	29	晴	20	8	黄冈市	湖北	黄冈	黄冈
2018	11	30	多云	18	10	黄冈市	湖北	黄冈	黄冈
2018	12	1	多云	18	9	黄冈市	湖北	黄冈	黄冈
2018	12	2	多云	17	10	黄冈市	湖北	黄冈	黄冈
2018	12	3	小雨	15	12	黄冈市	湖北	黄冈	黄冈
2018	12	4	阴	14	7	黄冈市	湖北	黄冈	黄冈
2018	12	5	雨	13	7	黄冈市	湖北	黄冈	黄冈
2018	12	6	雨	12	6	黄冈市	湖北	黄冈	黄冈
2018	12	7	雨	10	6	黄冈市	湖北	黄冈	黄冈
2018	12	8	雨	11	5	黄冈市	湖北	黄冈	黄冈
2018	12	9	雨	13	6	黄冈市	湖北	黄冈	黄冈
2018	12	10	雨	12	6	黄冈市	湖北	黄冈	黄冈
2018	12	11	雨	11	5	黄冈市	湖北	黄冈	黄冈
2018	11	26	多云	18	8	恩施土家族苗族自治州	湖北	恩施土家族苗族自治州	恩施
2018	11	27	多云	16	8	恩施土家族苗族自治州	湖北	恩施土家族苗族自治州	恩施
2018	11	28	多云	18	8	恩施土家族苗族自治州	湖北	恩施土家族苗族自治州	恩施
2018	11	29	多云	18	8	恩施土家族苗族自治州	湖北	恩施土家族苗族自治州	恩施
2018	11	30	阴	14	11	恩施土家族苗族自治州	湖北	恩施土家族苗族自治州	恩施
2018	12	1	多云	13	10	恩施土家族苗族自治州	湖北	恩施土家族苗族自治州	恩施
2018	12	2	小雨	12	10	恩施土家族苗族自治州	湖北	恩施土家族苗族自治州	恩施
2018	12	3	小雨	12	10	恩施土家族苗族自治州	湖北	恩施土家族苗族自治州	恩施
2018	12	4	雨	14	8	恩施土家族苗族自治州	湖北	恩施土家族苗族自治州	恩施
2018	12	5	雨	12	6	恩施土家族苗族自治州	湖北	恩施土家族苗族自治州	恩施
2018	12	6	雨	9	6	恩施土家族苗族自治州	湖北	恩施土家族苗族自治州	恩施
2018	12	7	雨	9	6	恩施土家族苗族自治州	湖北	恩施土家族苗族自治州	恩施
2018	12	8	雨	14	7	恩施土家族苗族自治州	湖北	恩施土家族苗族自治州	恩施
2018	12	9	阴	14	8	恩施土家族苗族自治州	湖北	恩施土家族苗族自治州	恩施
2018	12	10	雨	13	7	恩施土家族苗族自治州	湖北	恩施土家族苗族自治州	恩施
2018	12	11	雨	13	6	恩施土家族苗族自治州	湖北	恩施土家族苗族自治州	恩施
2018	11	26	晴	21	9	长沙市	湖南	长沙	长沙
2018	11	27	晴	20	10	长沙市	湖南	长沙	长沙
2018	11	28	晴	19	9	长沙市	湖南	长沙	长沙
2018	11	29	晴	20	9	长沙市	湖南	长沙	长沙
2018	11	30	多云	20	10	长沙市	湖南	长沙	长沙
2018	12	1	多云	19	12	长沙市	湖南	长沙	长沙
2018	12	2	多云	21	14	长沙市	湖南	长沙	长沙
2018	12	3	小雨	18	10	长沙市	湖南	长沙	长沙
2018	12	4	雨	14	9	长沙市	湖南	长沙	长沙
2018	12	5	雨	14	8	长沙市	湖南	长沙	长沙
2018	12	6	雨	10	7	长沙市	湖南	长沙	长沙
2018	12	7	雨	13	8	长沙市	湖南	长沙	长沙
2018	12	8	雨	11	9	长沙市	湖南	长沙	长沙
2018	12	9	雨	14	9	长沙市	湖南	长沙	长沙
2018	12	10	雨	12	9	长沙市	湖南	长沙	长沙
2018	12	11	雨	12	9	长沙市	湖南	长沙	长沙
2018	11	26	晴	21	8	株洲市	湖南	株洲	株洲
2018	11	27	晴	21	8	株洲市	湖南	株洲	株洲
2018	11	28	晴	21	8	株洲市	湖南	株洲	株洲
2018	11	29	晴	21	8	株洲市	湖南	株洲	株洲
2018	11	30	晴	21	9	株洲市	湖南	株洲	株洲
2018	12	1	多云	20	11	株洲市	湖南	株洲	株洲
2018	12	2	小雨	18	12	株洲市	湖南	株洲	株洲
2018	12	3	小雨	20	13	株洲市	湖南	株洲	株洲
2018	12	4	雨	15	8	株洲市	湖南	株洲	株洲
2018	12	5	阴	15	8	株洲市	湖南	株洲	株洲
2018	12	6	雨	10	7	株洲市	湖南	株洲	株洲
2018	12	7	雨	14	7	株洲市	湖南	株洲	株洲
2018	12	8	雨	12	7	株洲市	湖南	株洲	株洲
2018	12	9	雨	14	7	株洲市	湖南	株洲	株洲
2018	12	10	雨	12	7	株洲市	湖南	株洲	株洲
2018	12	11	雨	12	7	株洲市	湖南	株洲	株洲
2018	11	26	晴	19	9	岳阳市	湖南	岳阳	岳阳
2018	11	27	晴	19	10	岳阳市	湖南	岳阳	岳阳
2018	11	28	多云	18	10	岳阳市	湖南	岳阳	岳阳
2018	11	29	多云	19	10	岳阳市	湖南	岳阳	岳阳
2018	11	30	晴	18	10	岳阳市	湖南	岳阳	岳阳
2018	12	1	多云	18	12	岳阳市	湖南	岳阳	岳阳
2018	12	2	小雨	21	14	岳阳市	湖南	岳阳	岳阳
2018	12	3	小雨	17	10	岳阳市	湖南	岳阳	岳阳
2018	12	4	雨	12	8	岳阳市	湖南	岳阳	岳阳
2018	12	5	雨	12	7	岳阳市	湖南	岳阳	岳阳
2018	12	6	雨	10	6	岳阳市	湖南	岳阳	岳阳
2018	12	7	雨	11	8	岳阳市	湖南	岳阳	岳阳
2018	12	8	雨	10	7	岳阳市	湖南	岳阳	岳阳
2018	12	9	雨	12	7	岳阳市	湖南	岳阳	岳阳
2018	12	10	雨	11	8	岳阳市	湖南	岳阳	岳阳
2018	12	11	雨	11	7	岳阳市	湖南	岳阳	岳阳
2018	11	26	晴	25	14	南宁市	广西	南宁	南宁
2018	11	27	晴	25	14	南宁市	广西	南宁	南宁
2018	11	28	晴	26	13	南宁市	广西	南宁	南宁
2018	11	29	多云	26	14	南宁市	广西	南宁	南宁
2018	11	30	小雨	23	17	南宁市	广西	南宁	南宁
2018	12	1	小雨	21	16	南宁市	广西	南宁	南宁
2018	12	2	小雨	22	19	南宁市	广西	南宁	南宁
2018	12	3	阴	27	20	南宁市	广西	南宁	南宁
2018	12	4	雨	25	17	南宁市	广西	南宁	南宁
2018	12	5	雨	24	16	南宁市	广西	南宁	南宁
2018	12	6	雨	21	15	南宁市	广西	南宁	南宁
2018	12	7	雨	21	15	南宁市	广西	南宁	南宁
2018	12	8	雨	24	19	南宁市	广西	南宁	南宁
2018	12	9	雨	24	19	南宁市	广西	南宁	南宁
2018	12	10	雨	23	19	南宁市	广西	南宁	南宁
2018	12	11	雨	25	18	南宁市	广西	南宁	南宁
2018	11	26	多云	26	17	北海市	广西	北海	北海
2018	11	27	多云	24	17	北海市	广西	北海	北海
2018	11	28	阴	24	18	北海市	广西	北海	北海
2018	11	29	多云	25	18	北海市	广西	北海	北海
2018	11	30	小雨	23	19	北海市	广西	北海	北海
2018	12	1	小雨	22	19	北海市	广西	北海	北海
2018	12	2	阴	26	20	北海市	广西	北海	北海
2018	12	3	多云	27	22	北海市	广西	北海	北海
2018	12	4	阴	26	21	北海市	广西	北海	北海
2018	12	5	多云	25	20	北海市	广西	北海	北海
2018	12	6	多云	25	19	北海市	广西	北海	北海
2018	12	7	雨	24	19	北海市	广西	北海	北海
2018	12	8	雨	26	21	北海市	广西	北海	北海
2018	12	9	雨	25	21	北海市	广西	北海	北海
2018	12	10	雨	25	21	北海市	广西	北海	北海
2018	12	11	雨	26	20	北海市	广西	北海	北海
2018	11	26	多云	24	16	广州市	广东	广州	广州
2018	11	27	阴	22	16	广州市	广东	广州	广州
2018	11	28	阴	21	13	广州市	广东	广州	广州
2018	11	29	多云	24	14	广州市	广东	广州	广州
2018	11	30	多云	24	16	广州市	广东	广州	广州
2018	12	1	阴	22	17	广州市	广东	广州	广州
2018	12	2	小雨	22	18	广州市	广东	广州	广州
2018	12	3	多云	24	16	广州市	广东	广州	广州
2018	12	4	雨	27	19	广州市	广东	广州	广州
2018	12	5	雨	26	18	广州市	广东	广州	广州
2018	12	6	雨	25	16	广州市	广东	广州	广州
2018	12	7	多云	24	16	广州市	广东	广州	广州
2018	12	8	雨	25	20	广州市	广东	广州	广州
2018	12	9	雨	24	20	广州市	广东	广州	广州
2018	12	10	雨	24	20	广州市	广东	广州	广州
2018	12	11	雨	24	19	广州市	广东	广州	广州
2018	11	26	小雨	21	17	深圳市	广东	深圳	深圳
2018	11	27	阵雨	23	18	深圳市	广东	深圳	深圳
2018	11	28	小雨	23	16	深圳市	广东	深圳	深圳
2018	11	29	多云	23	18	深圳市	广东	深圳	深圳
2018	11	30	多云	23	20	深圳市	广东	深圳	深圳
2018	12	1	阴	23	20	深圳市	广东	深圳	深圳
2018	12	2	多云	24	21	深圳市	广东	深圳	深圳
2018	12	3	多云	24	19	深圳市	广东	深圳	深圳
2018	12	4	雨	25	21	深圳市	广东	深圳	深圳
2018	12	5	雨	26	20	深圳市	广东	深圳	深圳
2018	12	6	雨	24	18	深圳市	广东	深圳	深圳
2018	12	7	多云	23	18	深圳市	广东	深圳	深圳
2018	12	8	阴	23	20	深圳市	广东	深圳	深圳
2018	12	9	雨	24	20	深圳市	广东	深圳	深圳
2018	12	10	雨	23	20	深圳市	广东	深圳	深圳
2018	12	11	雨	23	20	深圳市	广东	深圳	深圳
2018	11	26	中雨	21	18	汕头市	广东	汕头	汕头
2018	11	27	阵雨	22	17	汕头市	广东	汕头	汕头
2018	11	28	阴	22	16	汕头市	广东	汕头	汕头
2018	11	29	多云	23	15	汕头市	广东	汕头	汕头
2018	11	30	多云	25	18	汕头市	广东	汕头	汕头
2018	12	1	多云	24	19	汕头市	广东	汕头	汕头
2018	12	2	多云	24	19	汕头市	广东	汕头	汕头
2018	12	3	阴	25	17	汕头市	广东	汕头	汕头
2018	12	4	雨	25	20	汕头市	广东	汕头	汕头
2018	12	5	雨	24	19	汕头市	广东	汕头	汕头
2018	12	6	雨	23	18	汕头市	广东	汕头	汕头
2018	12	7	多云	22	18	汕头市	广东	汕头	汕头
2018	12	8	阴	23	19	汕头市	广东	汕头	汕头
2018	12	9	雨	25	20	汕头市	广东	汕头	汕头
2018	12	10	雨	22	20	汕头市	广东	汕头	汕头
2018	12	11	雨	22	18	汕头市	广东	汕头	汕头
2018	11	26	少云	12	-2	沈阳市	辽宁	沈阳	沈阳
2018	11	27	少云	7	-6	沈阳市	辽宁	沈阳	沈阳
2018	11	28	少云	2	-8	沈阳市	辽宁	沈阳	沈阳
2018	11	29	少云	1	-10	沈阳市	辽宁	沈阳	沈阳
2018	11	30	少云	4	-10	沈阳市	辽宁	沈阳	沈阳
2018	12	1	少云	8	-8	沈阳市	辽宁	沈阳	沈阳
2018	12	2	阴	12	-3	沈阳市	辽宁	沈阳	沈阳
2018	12	3	阵雪	5	-6	沈阳市	辽宁	沈阳	沈阳
2018	12	4	少云	0	-10	沈阳市	辽宁	沈阳	沈阳
2018	12	5	少云	4	-11	沈阳市	辽宁	沈阳	沈阳
2018	12	6	少云	-6	-12	沈阳市	辽宁	沈阳	沈阳
2018	12	7	阴	8	-7	沈阳市	辽宁	沈阳	沈阳
2018	12	8	少云	5	-5	沈阳市	辽宁	沈阳	沈阳
2018	12	9	少云	0	-10	沈阳市	辽宁	沈阳	沈阳
2018	12	10	少云	-4	-15	沈阳市	辽宁	沈阳	沈阳
2018	12	11	少云	-6	-18	沈阳市	辽宁	沈阳	沈阳
2018	11	26	多云	24	17	湛江市	广东	湛江	湛江
2018	11	27	阵雨	24	17	湛江市	广东	湛江	湛江
2018	11	28	小雨	25	16	湛江市	广东	湛江	湛江
2018	11	29	小雨	25	19	湛江市	广东	湛江	湛江
2018	11	30	阵雨	24	18	湛江市	广东	湛江	湛江
2018	12	1	阵雨	25	19	湛江市	广东	湛江	湛江
2018	12	2	多云	24	19	湛江市	广东	湛江	湛江
2018	12	3	阵雨	25	22	湛江市	广东	湛江	湛江
2018	12	4	雨	26	21	湛江市	广东	湛江	湛江
2018	12	5	多云	25	21	湛江市	广东	湛江	湛江
2018	12	6	雨	25	19	湛江市	广东	湛江	湛江
2018	12	7	雨	24	19	湛江市	广东	湛江	湛江
2018	12	8	雨	25	21	湛江市	广东	湛江	湛江
2018	12	9	雨	25	21	湛江市	广东	湛江	湛江
2018	12	10	雨	25	21	湛江市	广东	湛江	湛江
2018	12	11	雨	25	21	湛江市	广东	湛江	湛江
2018	11	26	阴	24	15	惠州市	广东	惠州	惠州
2018	11	27	阵雨	23	16	惠州市	广东	惠州	惠州
2018	11	28	阴	22	14	惠州市	广东	惠州	惠州
2018	11	29	多云	23	15	惠州市	广东	惠州	惠州
2018	11	30	多云	26	16	惠州市	广东	惠州	惠州
2018	12	1	多云	23	14	惠州市	广东	惠州	惠州
2018	12	2	多云	25	17	惠州市	广东	惠州	惠州
2018	12	3	阴	26	17	惠州市	广东	惠州	惠州
2018	12	4	雨	27	19	惠州市	广东	惠州	惠州
2018	12	5	雨	27	18	惠州市	广东	惠州	惠州
2018	12	6	雨	25	16	惠州市	广东	惠州	惠州
2018	12	7	多云	24	16	惠州市	广东	惠州	惠州
2018	12	8	阴	25	20	惠州市	广东	惠州	惠州
2018	12	9	雨	26	20	惠州市	广东	惠州	惠州
2018	12	10	雨	25	21	惠州市	广东	惠州	惠州
2018	12	11	雨	24	19	惠州市	广东	惠州	惠州
