frontDesc,category_id,category_name,superCategoryId,colorNum,counterPrice,item_id,primaryPicUrl,name,simpleDesc,retailPrice,sellVolume,material,style,comment
细腻软糯，贴肤的品质之选,1035001,毛衫,1010000,2,899,1579038,https://yanxuan.nosdn.127.net/58d3dcd9968f67ca8dca516c2bb37830.png,100%山羊绒 女式坑条圆领羊绒衫,别样清新，以井然有序的优雅迎浪漫冬季,899,1068,,,
轻运动，年轻时尚,109214006,Yessing下装,1010000,0,259,1572025,https://yanxuan.nosdn.127.net/a8d154391174670d478f620857265e35.jpg,Yessing男式基础塑形梭织长裤,搭配任何上衣都好看的高质感男裤,229,10607,,运动、休闲,
轻运动，年轻时尚,109214006,Yessing下装,1010000,0,349,1572021,https://yanxuan.nosdn.127.net/8a39e26f9031d1a47a597890f02d968a.jpg,Yessing女式弹力修身微喇牛仔裤,秋冬微喇裤，让腿更美的魔法,349,1955,"牛仔蓝 (面料：棉 91% 聚酯纤维 7% 氨纶 2%)
浅蓝(面料：棉 98% 氨纶 2% )",,
轻运动，年轻时尚,109214006,Yessing下装,1010000,0,279,1585007,https://yanxuan.nosdn.127.net/2728d3633281c0fa67af0ea15ef7a509.jpg,Yessing女式织带收口小脚9分裤,遮瑕显瘦，弹力舒适,279,5601,锦纶85% 氨纶15%,,
轻运动，年轻时尚,109214006,Yessing下装,1010000,0,259,1586000,https://yanxuan.nosdn.127.net/257cbe5fb8626444ee38a356450a9f72.jpg,Yessing女式弹力修身梭织长裤,夏末秋初必备美腿舒适单品,229,3605,锦纶85% 氨纶15%,,很舒服 质量上乘 显瘦 弹性不错 裤子不错 版型不错 性价比高 透气性好
轻运动，年轻时尚,109214006,Yessing下装,1010000,0,279,1585006,https://yanxuan.nosdn.127.net/a0bde4e9462ce46acb9f6f80775e0d8e.jpg,Yessing男式弹力合体梭织长裤,【梭织四面弹】弹力修身舒爽长裤,229,6150,锦纶85% 氨纶15%,,很舒服 质量上乘 尺寸合适
轻运动，年轻时尚,109214006,Yessing下装,1010000,0,349,1576002,https://yanxuan.nosdn.127.net/2f8676dd97c760b230b2935649d018ce.jpg,Yessing男式弹力印花直筒牛仔裤,男生的牛仔裤，不应千篇一律,349,2333,棉 95% 聚酯纤维 4%， 氨纶 1%,,
轻运动，年轻时尚,109214006,Yessing下装,1010000,0,349,1576001,https://yanxuan.nosdn.127.net/1b182c60c10ceed1679256851ca0a7e5.jpg,Yessing男式织带运动牛仔裤,运动级弹力，舒服的不像牛仔,289,2007,"牛仔蓝(面料： 棉 95% 聚酯纤维 4%， 氨纶 1%)
 黑色（面料： 棉 68% 聚酯纤维 22%， 粘纤 9% 氨纶 1% ）",,
轻运动，年轻时尚,109214006,Yessing下装,1010000,0,229,1576000,https://yanxuan.nosdn.127.net/1a009c9f36f37463ddd187d3ab4b6c31.jpg,Yessing女式时尚休闲阔腿梭织裤,阔腿设计，俏皮美型,209,893,,运动休闲、简约、潮流时尚,
轻运动，年轻时尚,109214006,Yessing下装,1010000,0,279,1574018,https://yanxuan.nosdn.127.net/e6a4f339264469230914378ceb0a216a.jpg,Yessing男式透气运动梭织长裤,轻松穿出型男感的秋冬裤,229,4579,,运动休闲,
轻运动，年轻时尚,109214006,Yessing下装,1010000,0,299,1572029,https://yanxuan.nosdn.127.net/d037f4e9130cbdcbf6cc4dc308ba2881.png,Yessing男式弹力直筒百搭牛仔裤,优秀基础款，商务生活两相宜,229,2195,"牛仔蓝(面料： 棉 95% 聚酯纤维 4%， 氨纶 1%)
 黑色（面料： 棉 68% 聚酯纤维 22%， 粘纤 9% 氨纶 1% ）",,很舒服 弹性不错 尺寸合适
轻运动，年轻时尚,109214006,Yessing下装,1010000,0,249,1572026,https://yanxuan.nosdn.127.net/0f1190b6f4a5581cbdb73373e28d3e37.jpg,Yessing女式梭织美腿修身铅笔裤,秋季美腿必选，精调版型,219,9415,,运动休闲、简约、通勤,
轻运动，年轻时尚,109214006,Yessing下装,1010000,0,299,1572020,https://yanxuan.nosdn.127.net/d7b41c721bc8dafcb5dcfbe0a3c147ad.jpg,Yessing女式秋冬弹力塑形牛仔裤,美腿提臀，可以做瑜伽的牛仔裤,299,2594,棉 64% 聚酯纤维 23%， 粘纤 10% 氨纶 3%,,
轻运动，年轻时尚,109214006,Yessing下装,1010000,0,349,1572019,https://yanxuan.nosdn.127.net/124b408cc72b526cfae22b32ee676122.jpg,女式织带美腿修身牛仔裤,秋冬可穿，本款为长裤，非9分,299,3546,棉 85% 聚酯纤维 12%， 氨纶 3%,,弹性不错 很舒服 显瘦 漂亮精致 质量上乘
轻运动，年轻时尚,109214006,Yessing下装,1010000,0,299,1505051,https://yanxuan.nosdn.127.net/4ed9839ac89d51cbee773c427b403080.png,Yessing男式弹力修身梭织长裤,商务运动，质感弹力修身裤,229,2446,面料： 锦纶85% 氨纶15%,,很舒服 质量上乘 弹性不错
轻运动，年轻时尚,109214006,Yessing下装,1010000,0,279,1652000,https://yanxuan.nosdn.127.net/758cbea911f014938f777311837062aa.jpg,男式时尚保暖加绒运动裤,升级版抓绒保暖裤，更利落有型,279,5851,,,
轻运动，年轻时尚,109214006,Yessing下装,1010000,0,199,1683001,https://yanxuan.nosdn.127.net/b3fc1b226e6143d9cdee28938062d1ae.jpg,男式基础百搭加绒运动裤,加绒针织运动裤，秋冬实用百塔款,199,4596,,,
运动生活两相宜,109202000,Yessing上装,1010000,0,299,1637023,https://yanxuan.nosdn.127.net/37b150d41c67877af3fc1c8541d2a838.png,Yessing男式撞色抓绒连帽卫衣,这一个冬季的流行色是撞色 ,299,0,,,
运动生活两相宜,109202000,Yessing上装,1010000,0,249,1586013,https://yanxuan.nosdn.127.net/06a236acbdbca5a022d44cfe98cbecaf.png,Yessing百搭修身打底连衣裙,秋冬舒适打底裙，舒适合体,249,2437,,,
运动生活两相宜,109202000,Yessing上装,1010000,0,349,1587018,https://yanxuan.nosdn.127.net/446ad7231e43eef49dfa775daf842d5b.jpg,Yessing秋季显瘦运动风秋季连衣裙,秋季连衣裙，时尚优雅风格,349,1174,大身面料： 锦纶80% 氨纶20% 网布：聚酯纤维 100%,,
运动生活两相宜,109202000,Yessing上装,1010000,0,349,1584016,https://yanxuan.nosdn.127.net/a368b7397f7d169cef3820c36e2794a6.jpg,Yessing男式时尚轻感渔夫夹克卫衣,潮流渔夫夹克，舒适有型,349,900,,,漂亮精致 质量上乘 很舒服
运动生活两相宜,109202000,Yessing上装,1010000,0,199,1572016,https://yanxuan.nosdn.127.net/f6f42cffcf4dca324739b51a0b19438b.jpg,Yessing女式时尚花纱蝙蝠袖卫衣T恤,【明星推荐】秋季蝙蝠袖卫衣T恤,159,3956,聚酯纤维 49% 锦纶 38% 氨纶 13%,,很舒服 质量上乘 漂亮精致 款式不错 尺寸合适 颜色好看 显瘦
运动生活两相宜,109202000,Yessing上装,1010000,0,349,1587000,https://yanxuan.nosdn.127.net/3f5700d9b322444caa61039e1e0a8ce4.jpg,Yessing女式连帽单车夹克,浮水设计，创造仙女气质,349,3535,,,
运动生活两相宜,109202000,Yessing上装,1010000,0,349,1584025,https://yanxuan.nosdn.127.net/b27b321bbe4816272ac3cf5cd772484e.png,Yessing男式连帽单车夹克,定义更轻巧的秋季夹克,349,2519,大身面料： 锦纶85% 氨纶15% 网眼面料：聚酯纤维 100% 帽里网布：聚酯纤维 100%,,
运动生活两相宜,109202000,Yessing上装,1010000,0,299,1584020,https://yanxuan.nosdn.127.net/fdafe44f8e13626a452764a03199ac08.jpg,Yessing男式秋季棒球领夹克,每个男生都改有的秋季棒球服,259,2318,,,
运动生活两相宜,109202000,Yessing上装,1010000,0,299,1585012,https://yanxuan.nosdn.127.net/ea1a4bf671ecb5dfc9872667019ef11d.jpg,Yessing女式秋季百搭棒球领夹克,合体舒适，时尚棒球夹克,259,4357,,,漂亮精致 质量上乘 款式不错 很舒服
运动生活两相宜,109202000,Yessing上装,1010000,0,109,1574012,https://yanxuan.nosdn.127.net/9b6a9d596ef6cc528a97f9a8ddd128ac.jpg,Yessing女式高支高密圆领塑形T恤,高支高密，专属舒适定制,89,271,84% 锦纶 16% 氨纶,,质量上乘 很舒服 面料好 颜色好看 漂亮精致
运动生活两相宜,109202000,Yessing上装,1010000,0,109,1586015,https://yanxuan.nosdn.127.net/9195a92ec28f7d04017ec8b256270b02.jpg,Yessing男式高支高密圆领亲肤T恤,舒适打底，上手就觉得贵的面料,89,638,84% 锦纶 16% 氨纶,,质量上乘 很舒服 面料好 漂亮精致 性价比高 包装用心 穿着不错 手感好
运动生活两相宜,109202000,Yessing上装,1010000,0,229,1623021,https://yanxuan.nosdn.127.net/bfebef210afc07091bff2c08fc13b483.png,Yessing男式高支高密织带套头卫衣,【做精致男生】精选高质感消光纤维，品味出众,199,2171,,,
运动生活两相宜,109202000,Yessing上装,1010000,0,229,1624013,https://yanxuan.nosdn.127.net/01d20f7c00c3268129c850186be4b0e2.jpg,Yessing女式时尚拼色蝙蝠袖卫衣,蝙蝠显瘦设计，为魅力加分,209,2834,,,
运动生活两相宜,109202000,Yessing上装,1010000,0,299,1663055,https://yanxuan.nosdn.127.net/8a1775c8c1933de047112a3325cc6d8f.jpg,陈立农同款Yessing男式印花连帽卫衣,纯色印花，精致棉感卫衣,299,485,,,
运动生活两相宜,109202000,Yessing上装,1010000,0,229,1623020,https://yanxuan.nosdn.127.net/8fb26f2defabecd2815b7e5de5e30eb4.jpg,Yessing女式高支高密半开襟卫衣,半开襟，潮流的标志设计,209,3179,,,
运动生活两相宜,109202000,Yessing上装,1010000,0,299,1662043,https://yanxuan.nosdn.127.net/1849dc034460d82c2f87ae14535960e1.jpg,陈立农同款Yessing男式棉质螺纹卫衣,【农农同款】活力青春范,299,400,,,
运动生活两相宜,109202000,Yessing上装,1010000,0,259,1622021,https://yanxuan.nosdn.127.net/222eebe82c60bae7662af0e33902f221.jpg,Yessing女式活力撞色连帽卫衣,复古风潮，流行配色,259,1827,,,
运动生活两相宜,109202000,Yessing上装,1010000,0,499,1587013,https://yanxuan.nosdn.127.net/63d11cafe3d9afef09f82d181672b0d1.jpg,Yessing女式潮流假两件拼接夹克,高级拼接设计，层次美感,399,3516,,,
运动生活两相宜,109202000,Yessing上装,1010000,0,549,1587015,https://yanxuan.nosdn.127.net/f927f5567e436eac334168f721fff7d2.jpg,Yessing女式中长款潮流连帽风衣,静有女神气场，动如公主般甜美,499,2177,,,质量上乘 漂亮精致 很舒服
运动生活两相宜,109202000,Yessing上装,1010000,0,469,1587023,https://yanxuan.nosdn.127.net/3907603443f1cf93d5d10121019f8ca4.jpg,Yessing男式中长款廓形连帽风衣,【陈立农同款】廓形感塑造帅气风度,469,3606,,,
运动生活两相宜,109202000,Yessing上装,1010000,0,699,1586010,https://yanxuan.nosdn.127.net/15966d5932e85bcc9456473b0ab4cf32.jpg,Yessing男式中长款时尚运动连帽风衣,【明星同款】把凉风细雨通通拒之衣外,599,2416,,,
运动生活两相宜,109202000,Yessing上装,1010000,0,459,1587017,https://yanxuan.nosdn.127.net/5ea4499fb61435fa3d2f2771b0d990d5.jpg,Yessing女式潮范两穿连衣裙风衣,秋季立领风衣裙，女神范,459,1358,,,
运动生活两相宜,109202000,Yessing上装,1010000,0,259,1664011,https://yanxuan.nosdn.127.net/841473326588ba0e4613cc2b8a6e47f7.jpg,【张一山推荐】男式高质感廓形开衫外套,【张一山推荐】硬朗廓形也可清新扑面,229,5005,,,
运动生活两相宜,109202000,Yessing上装,1010000,0,259,1665013,https://yanxuan.nosdn.127.net/5303b84e93b5e083b538527365e1c241.jpg,【谭松韵同款】女式廓形轻运动开衫外套,秋季优选外套，舒适好看,229,2133,,,
运动生活两相宜,109202000,Yessing上装,1010000,0,499,1586003,https://yanxuan.nosdn.127.net/6144f70b4178985dfb666a4cd2fff8b8.jpg,Yessing男式两穿双面夹克,两面可穿，两种风格,449,2581,,,
运动生活两相宜,109202000,Yessing上装,1010000,0,459,1586012,https://yanxuan.nosdn.127.net/2ec129604ac6f657e9f72edcb6be3353.jpg,Yessing男式短款防风防泼水连帽风衣,商务运动风衣，防风防泼水,399,3750,,,
运动生活两相宜,109202000,Yessing上装,1010000,0,259,1643001,https://yanxuan.nosdn.127.net/bba6887e849052cc46f4e59b01dacac3.png,女式一体织运动生活两穿长袖衫,时尚运动+优雅打底，舒适两穿衣,209,1479,,,
运动生活两相宜,109202000,Yessing上装,1010000,0,279,1642008,https://yanxuan.nosdn.127.net/13cc966b065159a8977a50bcf7af61b2.png,男式一体织生活运动两穿长袖衫,秋冬运动+优雅打底，优雅两穿衣,229,1255,,,
运动生活两相宜,109202000,Yessing上装,1010000,0,299,3419057,https://yanxuan.nosdn.127.net/d0c25aa951caecc7e69e6821552d4adc.jpg,女式轻复古运动套装（可单买）,简约复古风，引领风潮,299,929,,,
运动生活两相宜,109202000,Yessing上装,1010000,0,299,3420073,https://yanxuan.nosdn.127.net/a2aaa2b62b2cb03d5d06791a7a76f1b9.jpg,男式轻复古运动套装（可单买）,简约复古风，舒适好看,299,925,,,
夏季泳池必备,109214005,泳装,1010000,2,59,1517012,https://yanxuan.nosdn.127.net/2c7c9b473afa4a7b6607b5874ff06a8f.png,男式基础泳裤,耐穿专业，驰骋水中的助推器,29,27,,,质量上乘 性价比高 很舒服 尺寸合适 做工精良 漂亮精致 有效实用 弹性不错
夏季泳池必备,109214005,泳装,1010000,0,319,1487003,https://yanxuan.nosdn.127.net/e44b475e956232bf528b1975d612df26.png,女式修身网纱裙式泳衣,像穿连衣裙那样穿泳衣,139,26,花边：84%锦纶 16%氨纶 面料1:80%锦纶 20%氨纶 面料2:82%锦纶 18%氨纶 里料:92%聚酯纤维 8%氨纶,,漂亮精致 显瘦 质量上乘 尺寸合适 性价比高 款式不错 很舒服 颜色好看
夏季泳池必备,109214005,泳装,1010000,2,289,1487002,https://yanxuan.nosdn.127.net/c9b016c752a4e75c2155c6684d7833bb.png,女式裙式印花泳衣,显瘦藏肉，含蓄的小性感,129,1385,面料1:81%锦纶 19%氨纶 面料2:78%锦纶 22%氨纶 里料1:100%聚酯纤维 里料2:92%聚酯纤维 8%氨纶,,质量上乘 漂亮精致 颜色好看 显瘦 尺寸合适 性价比高 款式不错
夏季泳池必备,109214005,泳装,1010000,0,279,1486002,https://yanxuan.nosdn.127.net/75aec11a20ff7d56f1049f8b9f243f2d.png,女式分体裙式泳衣,惊艳出场，收割回头率,119,2318,文胸：面料80%锦纶 20%氨纶 里料92%聚酯纤维 8%氨纶 小裤：花边84%锦纶 16氨纶 面料80%锦纶 20%氨纶 里料92%聚酯纤维 8%氨纶,,
贴合曲线,109214004,紧身裤,1010000,0,129,1451024,https://yanxuan.nosdn.127.net/562331f0fbd1fa7113c8caedbdd0f35c.png,女式镂空运动长裤,迈开步伐，双腿是律动的性感,99,3887,,,质量上乘 很舒服 弹性不错 漂亮精致 性价比高 显瘦 裤子不错 穿着不错
贴合曲线,109214004,紧身裤,1010000,0,249,1506018,https://yanxuan.nosdn.127.net/9abdf674ab4b7ead10312fa96d3d26a5.png,女式彩条修身运动裤,高弹修身，做奔跑的时髦精,185,1833,,,
贴合曲线,109214004,紧身裤,1010000,0,199,1440007,https://yanxuan.nosdn.127.net/8f9112c31e25b1145df907f7e7865405.png,女式炫彩反光运动裤,炫彩流光，让夜跑变得不一样,159,4408,,,
贴合曲线,109214004,紧身裤,1010000,0,129,1476017,https://yanxuan.nosdn.127.net/f72729f9612c091c7b5c67ef4d711491.png,升级版女式百搭塑形紧身长裤,值得一见钟情的运动伴侣,129,544,,,质量上乘 很舒服 性价比高 尺寸合适 显瘦
贴合曲线,109214004,紧身裤,1010000,0,149,1505019,https://yanxuan.nosdn.127.net/c9a492c4cfdf8b9ab0bab766402692b6.png,男式无缝贴合运动打底裤,无缝舒适，让双腿起飞,119,4299,,,质量上乘 很舒服
贴合曲线,109214004,紧身裤,1010000,3,199,1619001,https://yanxuan.nosdn.127.net/c8b59e5a99dec42308a9ccb9d983a33a.png,女式网纱运动裤,透而不露的高级性感,159,2693,,,
贴合曲线,109214004,紧身裤,1010000,5,99,1245014,https://yanxuan.nosdn.127.net/48a7aece353433a7e8baab1fea76f03f.png,女式紧身运动长裤,打造专业蜜桃臀,79,18993,,,很舒服 质量上乘 弹性不错 性价比高 很好穿 漂亮精致 尺寸合适 手感好
运动健身必备,109214003,运动文胸,1010000,2,169,1458008,https://yanxuan.nosdn.127.net/1d55cdb85824a2f8cb106e9d3beef622.jpg,女式几何印花运动内衣,弹力亲肤，守护胸部,169,2253,,,漂亮精致 质量上乘 性价比高 很舒服
运动健身必备,109214003,运动文胸,1010000,2,189,1438006,https://yanxuan.nosdn.127.net/d015f40e83f248afdbaeea394427a178.png,女式减震运动文胸（中高强度）,减震舒适，避免运动伤害,149,3243,,,很舒服 质量上乘 很好穿
运动健身必备,109214003,运动文胸,1010000,3,59,1164007,https://yanxuan.nosdn.127.net/89204fb860fd83902be92e36782170f4.png,女式低强度无缝运动文胸,爱上运动，让胸部适应你的低强度,59,10514,,,很舒服 质量上乘 性价比高 很好穿 漂亮精致 尺寸合适 穿着不错 手感好
运动健身必备,109214003,运动文胸,1010000,4,69,1623022,https://yanxuan.nosdn.127.net/735269bd628f752b10833e82ec96a853.png,女式无缝镂空运动内衣,性感透气，保护胸部不费力,69,11662,,,
运动健身必备,109214003,运动文胸,1010000,0,149,1636006,https://yanxuan.nosdn.127.net/664029f8d0aa030bfdaaff653d598dba.png,女式彩条运动内衣,炫感活力，武装好心情,149,2964,,,
运动健身必备,109214003,运动文胸,1010000,3,199,1621000,https://yanxuan.nosdn.127.net/aad31a08b5c5a3c91b88f261832fc40b.png,女式网纱运动内衣,透气性感，开启元气训练模式,199,1948,,,
运动裤装，时尚舒适,109214002,运动裤,1010000,3,99,1523027,https://yanxuan.nosdn.127.net/13a1881a815efb87d23968520acf5b60.png,男式针织运动短裤,裤腿生风，浪荡一整个夏天,79,708,,,质量上乘 很舒服 尺寸合适 性价比高 漂亮精致 做工精良 版型不错 面料好
运动裤装，时尚舒适,109214002,运动裤,1010000,0,169,1458006,https://yanxuan.nosdn.127.net/3ba2e4bbeb2f3608bd1da7ecff0132da.png,男式跑步反光短裤,轻盈活力，解放双腿,169,1256,,,质量上乘 很舒服 尺寸合适 性价比高 漂亮精致 做工精良 透气性好 裤子不错
运动裤装，时尚舒适,109214002,运动裤,1010000,0,159,1458005,https://yanxuan.nosdn.127.net/02d233550ac9ced1a567ee94fdf7fe27.png,女式防走光反光短裤,点亮跑道，热辣开跑,159,434,,,很舒服 质量上乘 尺寸合适 性价比高 漂亮精致 透气性好 很好穿 合适运动
运动裤装，时尚舒适,109214002,运动裤,1010000,0,199,1550027,https://yanxuan.nosdn.127.net/e431c172f1fb4dad3863c588ffe6caf5.png,男式弹力运动长裤,立体弹力，轻盈运动,159,2610,,,很舒服 质量上乘 弹性不错 性价比高 裤子不错 穿着不错 版型不错 尺寸合适
运动裤装，时尚舒适,109214002,运动裤,1010000,0,139,1505028,https://yanxuan.nosdn.127.net/82b3abc6eef8279b98816beba4925031.png,男式无缝针织花纱运动短裤,给你运动时的舒适感,99,12,,,很舒服 质量上乘 性价比高 透气性好 漂亮精致 尺寸合适 手感好 面料好
运动裤装，时尚舒适,109214002,运动裤,1010000,2,219,1564007,https://yanxuan.nosdn.127.net/1cd4c7b57a77571dd5082c6b176d691c.png,男式针织字母印花运动裤,让运动过程充满呼吸感,219,5832,,,
运动裤装，时尚舒适,109214002,运动裤,1010000,0,229,1550024,https://yanxuan.nosdn.127.net/3472ea300425fd1c4738603f8b1221c9.png,男式都市运动长裤,低调实用，都市穿梭,229,2389,,,
运动裤装，时尚舒适,109214002,运动裤,1010000,2,229,1579014,https://yanxuan.nosdn.127.net/5dc7ab882677e2c4f9fbd94eb0450be9.jpg,女式舒适弹力运动长裤,有一种舒适，叫相见恨晚,229,1966,,,
运动裤装，时尚舒适,109214002,运动裤,1010000,2,229,1580008,https://yanxuan.nosdn.127.net/258857c98c86ec4c40e76eceac4223f9.png,男式舒适弹力运动长裤,让双腿甘心臣服的细腻绵软,229,4671,,,
运动裤装，时尚舒适,109214002,运动裤,1010000,0,229,1551033,https://yanxuan.nosdn.127.net/b1ef6cadd813088cf2ddd01e502b1fc7.png,女式都市运动长裤,从你的城市舒适路过,229,2554,,,
运动裤装，时尚舒适,109214002,运动裤,1010000,2,229,1565012,https://yanxuan.nosdn.127.net/5be3a3300e79e541b64464d72d81cbb9.png,男式四面弹商务运动长裤,"运动/休闲通用款
",229,3104,,,
运动裤装，时尚舒适,109214002,运动裤,1010000,2,199,1564041,https://yanxuan.nosdn.127.net/312c4cd09759bccb7d62334810f3bf6a.png,男式针织压胶束脚裤,弹力舒适，运动专属自由感,199,5696,,,
运动裤装，时尚舒适,109214002,运动裤,1010000,0,169,1624011,https://yanxuan.nosdn.127.net/0868420f86129af52b6e7d37126edc5d.png,男式迷彩拼接束脚运动裤,新型迷彩，奔跑的军旅风,169,2650,,,
运动裤装，时尚舒适,109214002,运动裤,1010000,0,199,1430003,https://yanxuan.nosdn.127.net/2a73debe9b914d5d4c9add36bcc171e7.png,女式修身直筒卫裤,步履生辉，自信而修长的美,199,2179,,,
运动裤装，时尚舒适,109214002,运动裤,1010000,0,179,1565052,https://yanxuan.nosdn.127.net/559ecf9324d97a2b3cea81fcc79f66ba.png,男式工装针织束脚裤,源自工装裤的时髦个性,179,3691,,,
运动裤装，时尚舒适,109214002,运动裤,1010000,2,219,1647023,https://yanxuan.nosdn.127.net/cd09e78a874f10b94aff8d857b006ee8.png,男式字母印花拉绒运动裤,"拉绒内里，潮流有温度
",219,2202,,,
运动裤装，时尚舒适,109214002,运动裤,1010000,2,199,1550032,https://yanxuan.nosdn.127.net/de430554742358b41b258afc6c60e1c1.png,男式拉绒束脚运动裤,绒感与弹力，点燃冬日激情,199,7923,,,
运动裤装，时尚舒适,109214002,运动裤,1010000,2,199,1636007,https://yanxuan.nosdn.127.net/f2ed57160787014beb19b786d80c7c44.png,女式高腰加绒收口卫裤,暖意呵护，活力慢跑,199,3507,,,
运动裤装，时尚舒适,109214002,运动裤,1010000,2,269,1666076,https://yanxuan.nosdn.127.net/330b37c34723184507844889efcaf433.png,男式反光贴合绒直通卫裤,"活力舒适，温暖动感
",269,2614,,,
细节讲究，合身剪裁不束缚,1020010,运动卫衣,1010000,2,179,1476015,https://yanxuan.nosdn.127.net/8e5ad338b21809f4c35b712f9416869b.png,校园风廓形卫衣,春季新品，时尚百搭,79,68,,,质量上乘 漂亮精致 很舒服 性价比高 款式不错 颜色好看 尺寸合适 穿着不错
细节讲究，合身剪裁不束缚,1020010,运动卫衣,1010000,1,299,1446049,https://yanxuan.nosdn.127.net/7242bdfd4ff767dfec2782329d844bfc.png,机能运动连帽开衫,机能运动，热力开练,299,27,,,尺寸合适
细节讲究，合身剪裁不束缚,1020010,运动卫衣,1010000,0,239,1317005,https://yanxuan.nosdn.127.net/82cee4fafbc6c585d8cb932cc671e010.png,女式立裁紧身运动衣,弹力纤体，运动也要有专属的仪式感,239,1628,,,很舒服 质量上乘 漂亮精致 穿着合身 性价比高 款式不错 显瘦 弹性不错
细节讲究，合身剪裁不束缚,1020010,运动卫衣,1010000,2,269,1551079,https://yanxuan.nosdn.127.net/3d87e6ef25c19c7a312073d9ed5a7478.png,男式字母色织连帽卫衣,玩转撞色，潮得别具一格,269,2870,,,
细节讲究，合身剪裁不束缚,1020010,运动卫衣,1010000,2,169,1636008,https://yanxuan.nosdn.127.net/33effafa978d5d5a6839f2d51a7ac4c8.png,女式套头半拉链卫衣,元气女生造型指南,169,5320,,,
细节讲究，合身剪裁不束缚,1020010,运动卫衣,1010000,2,169,1565005,https://yanxuan.nosdn.127.net/baf759a4c81b7e50c520f42f1faba9a7.png,男式复古拼色卫衣,复古拼色，减龄的时髦感,169,2652,,,
细节讲究，合身剪裁不束缚,1020010,运动卫衣,1010000,3,269,1429005,https://yanxuan.nosdn.127.net/d01c01f7d09e8db2703534f5e2e718de.png,女式拉链开衫连帽卫衣,经典款式，元气校园感,269,6510,,,
细节讲究，合身剪裁不束缚,1020010,运动卫衣,1010000,2,159,1564040,https://yanxuan.nosdn.127.net/2f5c92465b244f8db96327b44719c75d.png,男式字母套头卫衣,不声张，就够酷,159,5860,,,
细节讲究，合身剪裁不束缚,1020010,运动卫衣,1010000,0,199,1623017,https://yanxuan.nosdn.127.net/7aa4c59938e34191ac914f01ee29811e.png,男式潮流连帽迷彩卫衣,迷彩情结，全新呈现,199,1411,,,
细节讲究，合身剪裁不束缚,1020010,运动卫衣,1010000,2,199,1637004,https://yanxuan.nosdn.127.net/6147eb7012ff62404fe803d3001ccfc6.png,女式长款字母绣花卫衣,一件式的洒脱与随性,199,4380,,,
专业休闲运动风,1078000,运动外套,1010000,5,209,1259001,https://yanxuan.nosdn.127.net/d26968b3345520aaae211ffc82691136.png,男式弹力连帽运动开衫,运动休闲两适宜,99,12,,,质量上乘 很舒服 性价比高 尺寸合适 衣服不错 漂亮精致 款式不错 做工精良
专业休闲运动风,1078000,运动外套,1010000,3,239,1516005,https://yanxuan.nosdn.127.net/9eec3926adb340cb11d4c03c72d7df36.png,男式户外轻薄皮肤衣,轻如空气，却也坚似盔甲,119,694,,,质量上乘 漂亮精致 很舒服 尺寸合适 衣服不错 透气性好 款式不错 颜色好看
专业休闲运动风,1078000,运动外套,1010000,0,299,1459009,https://yanxuan.nosdn.127.net/072571075708600a768bca4ad1109ea5.png,女式反光薄外套,白天黑夜，你都是焦点,299,737,,,
专业休闲运动风,1078000,运动外套,1010000,0,229,1550055,https://yanxuan.nosdn.127.net/0edaffd9a2c91175088af81547fe9b7f.png,男式花纱针织运动外套,灵活强韧，为运动加速度,169,2680,,,
专业休闲运动风,1078000,运动外套,1010000,2,299,1551031,https://yanxuan.nosdn.127.net/9623bb5676bcb3145aad0fd9efec0882.png,女式都市运动外套,随时随地，都是你的运动主场,299,2632,,,
专业休闲运动风,1078000,运动外套,1010000,0,329,1554040,https://yanxuan.nosdn.127.net/52807897cda054775258864efc2b0d9d.png,男式都市运动外套,整座城市都是你的运动场,329,1612,,,
专业休闲运动风,1078000,运动外套,1010000,0,299,1551036,https://yanxuan.nosdn.127.net/37773be9fa8fe45edc9872c340bf6504.png,男式都市运动棒球外套,经典造型，运动/休闲一件式切换,299,2436,,,
专业休闲运动风,1078000,运动外套,1010000,2,299,1551090,https://yanxuan.nosdn.127.net/a47dc602b5e5f353a2cc4e0f74b739d2.png,女式针织棒球夹克衫,百搭棒球服，活力减龄,299,3438,,,
专业休闲运动风,1078000,运动外套,1010000,2,399,1565059,https://yanxuan.nosdn.127.net/544002af8477bf1cbe44065d3a6bfd1b.png,女式长款都市运动风衣,长款运动风衣的潇洒与活力 ,399,3059,,,
专业休闲运动风,1078000,运动外套,1010000,2,399,1565057,https://yanxuan.nosdn.127.net/035155d697992c0dceba4299b73cb66b.png,男式中长款都市运动风衣,轻盈有型，便捷防护,399,2532,,,
专业休闲运动风,1078000,运动外套,1010000,2,269,1580022,https://yanxuan.nosdn.127.net/4ab71c36d867789e3d6aec6fb7ceba91.png,女式户外抓绒外套,抓绒工艺，轻盈便携的暖感,269,2782,,,
专业休闲运动风,1078000,运动外套,1010000,2,269,1553037,https://yanxuan.nosdn.127.net/0679bf9727494ba722b58ff866831c17.png,男式户外抓绒外套,保暖绒感，畅快运动秋冬季,269,3786,,,
专业休闲运动风,1078000,运动外套,1010000,2,699,1630001,https://yanxuan.nosdn.127.net/3cb11b4a4c899f211d8723c31cfe2e45.png,女式都市户外夹克,探索都市户外新玩法,699,2919,,,
专业休闲运动风,1078000,运动外套,1010000,3,699,1630000,https://yanxuan.nosdn.127.net/ee232bf6895da4e7484c9724a027ca6d.png,男式都市户外夹克,防风拒水，城市自由穿梭,699,3951,,,
专业休闲运动风,1078000,运动外套,1010000,2,399,1550010,https://yanxuan.nosdn.127.net/d261f6f98e674ff379c13ca25cb8deb9.png,女式弹力保暖软壳夹克,舒适武装，温暖的户外主场,399,2854,,,
专业休闲运动风,1078000,运动外套,1010000,2,399,1553036,https://yanxuan.nosdn.127.net/820d4b0c1f9ca4e2bbfcad2b5f86bc6d.png,男式弹力保暖软壳夹克,弹力锁温，柔软的户外战甲,399,2860,,,
专业休闲运动风,1078000,运动外套,1010000,2,399,1551077,https://yanxuan.nosdn.127.net/e943c27d7d2241bd88af494d519d32a2.png,男式针梭拼接运动外套,材质碰撞，醒目的潮流感,399,2958,,,
专业休闲运动风,1078000,运动外套,1010000,1,439,1608016,https://yanxuan.nosdn.127.net/dc2831edc118645f6f9ed0c03bbb51e2.png,女式都市休闲棉服夹克,杜邦SEE生态棉，前卫都市运动感 ,439,1953,,,
专业休闲运动风,1078000,运动外套,1010000,2,439,1609014,https://yanxuan.nosdn.127.net/16861b571e377656811117ee7ab7a022.png,男式都市休闲棉服夹克,杜邦生态科技棉，帅气过冬,439,2628,,,
专业休闲运动风,1078000,运动外套,1010000,0,349,1637000,https://yanxuan.nosdn.127.net/05c9c013c778acee25bc1b34589a6244.png,男式保暖撞色运动外套,潮范碰撞，实打实的温暖,349,5564,,,
专业休闲运动风,1078000,运动外套,1010000,0,269,1565004,https://yanxuan.nosdn.127.net/b24a18bb1a2a6a3820724edb7d1c0c47.png,男式针织肌理棒球夹克,玩心大起，低调的高级感,269,3976,,,
专业休闲运动风,1078000,运动外套,1010000,2,329,1565010,https://yanxuan.nosdn.127.net/b07ecf3c4f5252d68fe22e07add92d57.png,男式反光贴合绒连帽夹克衫,温暖舒适，助攻秋冬运动季,329,3202,,,
专业休闲运动风,1078000,运动外套,1010000,2,329,1565011,https://yanxuan.nosdn.127.net/366b13fdc7b2e7f42a511b10037d9bea.png,女式反光贴合绒连帽夹克衫,轻盈暖身，活力冬日步调,329,2612,,,
立体裁剪，专为国人打造,1015001,运动T恤,1010000,0,399,1505022,https://yanxuan.nosdn.127.net/72add30fdd98f410f734ba6abd1f26b8.png,女式A字修身运动风连衣裙,数米可见的高级质感，源自花纱面料,399,1123,,,
立体裁剪，专为国人打造,1015001,运动T恤,1010000,3,89,1165017,https://yanxuan.nosdn.127.net/8c46e2d2c88489e1a5490b775e2db1f7.png,女式透气蝴蝶扣运动背心,侧叉设计背心，无限自由的运动快感,29,5811,,,很舒服 漂亮精致 质量上乘 性价比高 颜色好看 款式不错 手感好 面料好
立体裁剪，专为国人打造,1015001,运动T恤,1010000,2,89,1517013,https://yanxuan.nosdn.127.net/8aa871b34553e6b67c8a83ab76c4e134.png,男式运动撞色T恤,实用有型，运动时的得力干将,39,382,,,质量上乘 很舒服 性价比高 漂亮精致 尺寸合适 透气性好 衣服不错 穿着合身
立体裁剪，专为国人打造,1015001,运动T恤,1010000,3,99,1505024,https://yanxuan.nosdn.127.net/1038b44dcb21db39e65865eeb66b7d6c.png,男式凉感透气T恤,凉爽的运动记忆,30,2637,,,质量上乘 很舒服 性价比高 透气性好 尺寸合适 漂亮精致 衣服不错 颜色好看
立体裁剪，专为国人打造,1015001,运动T恤,1010000,3,129,1540019,https://yanxuan.nosdn.127.net/41c61659119779816f97eedb04c4ace8.png,女式修身运动短袖T恤衫,精致蛮腰，运动有型,79,666,,,很舒服 质量上乘 漂亮精致 显瘦 性价比高 颜色好看 尺寸合适 手感好
立体裁剪，专为国人打造,1015001,运动T恤,1010000,2,179,1380000,https://yanxuan.nosdn.127.net/fda2d6873f62e19d5d27158ad8ee5f31.png,男式无缝渐变运动T恤,超细羊毛，运动质感加持,71.6,2930,,,很舒服 质量上乘 性价比高 透气性好 漂亮精致 手感好 尺寸合适 面料轻柔
立体裁剪，专为国人打造,1015001,运动T恤,1010000,4,79,1135093,https://yanxuan.nosdn.127.net/9cda8b21c21af17d23b6e68285058dab.png,男式纯棉运动风T恤,量身裁制的运动感,39,26,,,很舒服 质量上乘 性价比高 手感好 尺寸合适 漂亮精致 面料好 衣服不错
立体裁剪，专为国人打造,1015001,运动T恤,1010000,2,99,1459003,https://yanxuan.nosdn.127.net/fa0ab9dca57da8510348937d5a8dbcdc.png,女式透视显瘦运动T恤衫,显瘦性感，氧气感满满,75,1402,,,很舒服 显瘦 质量上乘 透气性好 漂亮精致 性价比高 尺寸合适 速干
立体裁剪，专为国人打造,1015001,运动T恤,1010000,2,99,1615000,https://yanxuan.nosdn.127.net/e7293a68b90a24bfea92f353779dc308.png,男式升级版无缝休闲运动T恤,一体无缝，升级运动表现,75,4918,,,很舒服 质量上乘 性价比高 尺寸合适 漂亮精致 手感好 款式不错 透气性好
立体裁剪，专为国人打造,1015001,运动T恤,1010000,4,69,1164008,https://yanxuan.nosdn.127.net/38ddad7a09300dc070e87ec76cb13575.png,女式无缝运动T恤,沁凉绵软的运动季,49,13405,,,很舒服 质量上乘 漂亮精致 性价比高 颜色好看 透气性好 尺寸合适 手感好
立体裁剪，专为国人打造,1015001,运动T恤,1010000,4,69,1165018,https://yanxuan.nosdn.127.net/c3473e3370bfff9cb425b3a649f78221.png,男式无缝休闲运动T恤,Adidas制造商，快干透气网结构,49,37094,,,很舒服 质量上乘 性价比高 透气性好 手感好 尺寸合适 衣服不错 漂亮精致
立体裁剪，专为国人打造,1015001,运动T恤,1010000,3,169,1619002,https://yanxuan.nosdn.127.net/86a5b2a6e15f8bcf3a3c131c77850ca8.png,女式修身运动长袖T恤衫,秀出曲线，运动更自信,125,2810,,,很舒服 质量上乘 颜色好看
立体裁剪，专为国人打造,1015001,运动T恤,1010000,2,129,1635000,https://yanxuan.nosdn.127.net/449350459fd7e1f65bab2df01323eabd.png,男式无缝半拉链训练打底衫,甩开负担，运动轻盈,129,3376,,,质量上乘 很舒服 漂亮精致
立体裁剪，专为国人打造,1015001,运动T恤,1010000,2,99,1551016,https://yanxuan.nosdn.127.net/21040ba5b5ea26f7904841361145aadc.png,男式无缝运动长袖T恤衫,抗菌银离子，对抗异味,99,5635,,,
立体裁剪，专为国人打造,1015001,运动T恤,1010000,0,99,1624017,https://yanxuan.nosdn.127.net/7e460eaa1755c2c620654965bf9ee54d.png,女式无缝长袖运动T恤衫,抗菌银离子，出汗也清新,99,4985,,,
立体裁剪，专为国人打造,1015001,运动T恤,1010000,0,129,1550035,https://yanxuan.nosdn.127.net/59b992252c7cc0957496712f16fa95ef.png,女式无缝长袖连帽运动T恤衫,亮眼如你，优秀让别人看得到,129,2963,,,
立体裁剪，专为国人打造,1015001,运动T恤,1010000,2,99,1624018,https://yanxuan.nosdn.127.net/ea3b8ba42d037aca574b8c3df0b928e4.png,女式高领运动T恤衫,享受每一场尽力的拼搏,99,1520,,,
高质感面料,1035002,塑身美体,1010000,2,69,1156016,https://yanxuan.nosdn.127.net/660cc8bf1735f9164219340cd8ede9b6.jpg,女式蕾丝中腰塑身短裤,仅售供应商建议价的1/5,39,2633,,,质量上乘 很舒服 漂亮精致 很好穿 性价比高 尺寸合适 做工精良 手感好
高质感面料,1035002,塑身美体,1010000,2,79,1156015,https://yanxuan.nosdn.127.net/3ddca0082345c10d94037fc3e0221280.jpg,女式经典高腰塑身短裤,仅售供应商建议价的1/6,35,1852,,,很舒服 质量上乘 很好穿 性价比高 不勒 手感好 弹性不错 尺寸合适
高质感面料,1035002,塑身美体,1010000,3,169,1156017,https://yanxuan.nosdn.127.net/e89aefdc3444b82dbc62bf04a3e9f51b.png,女式蕾丝连体塑身衣,学会管理脂肪，合适的优雅自己,135,12568,,,很舒服 质量上乘 漂亮精致 不勒 性价比高 很好穿 尺寸合适 穿着不错
高质感面料,1035002,塑身美体,1010000,2,99,1569013,https://yanxuan.nosdn.127.net/50be1175f66f9adc1000efd9f9bc97eb.png,女式无缝收腹提臀塑裤,柔韧舒适 不动声色的优雅曲线,99,5304,,,
高质感面料,1035002,塑身美体,1010000,2,99,1570009,https://yanxuan.nosdn.127.net/f07e461fdca1fad51efacdc0479464f9.jpg,女式无缝塑腰上衣,不添负担 温和塑型,99,4434,,,
高质感面料,1035002,塑身美体,1010000,2,129,1569012,https://yanxuan.nosdn.127.net/e43440db4687dfb56a76a406ae02953e.png,女式无缝可调肩带轻塑身连体衣,无缝塑形 人衣宛若一体,129,11587,,,
高质感面料,1035002,塑身美体,1010000,0,299,1651021,https://yanxuan.nosdn.127.net/5cb48856f324d3b2ef2f545df72fac01.png,女式真丝内里微修型内衣套装（上衣+内裤）,"6A级桑蚕丝，养肤微修型
",299,1482,,,
贴身关怀 少束缚,1093011,女式内衣,1010000,2,99,1440010,https://yanxuan.nosdn.127.net/461d27583e52afb337ff79ccffe7ba95.png,女式打底吊带,高级打底，撩拨你的衣橱,99,1083,,,漂亮精致 质量上乘 很舒服 手感好 质感好 性价比高 尺寸合适 做工精良
贴身关怀 少束缚,1093011,女式内衣,1010000,5,79,1132001,https://yanxuan.nosdn.127.net/92f3d6db809516bdb15d6662ee6549bd.png,女式皮马棉基础背心,源自皮马棉的轻奢感,79,220,,,质量上乘 很舒服 性价比高 手感好 尺寸合适 面料好 弹性不错 漂亮精致
贴身关怀 少束缚,1093011,女式内衣,1010000,2,289,1220004,https://yanxuan.nosdn.127.net/7434335ff1ff41d0071e187ee4e57c61.png,女式色拉姆保暖内衣套装（上衣+裤子）,发热色拉姆面料，给你充分温暖感,88,685,,,很舒服 质量上乘 手感好 保暖性好 性价比高 柔软 颜色好看 尺寸合适
贴身关怀 少束缚,1093011,女式内衣,1010000,3,89,1159012,https://yanxuan.nosdn.127.net/fe88a5542e72dbdce5f5cba5bd692fec.png,女式极简长绒棉高领打底衫,气质秋冬，高领锁住脖颈的温度,69,6128,,,很舒服 质量上乘 材质薄 手感好 性价比高 漂亮精致 尺寸合适 弹性不错
贴身关怀 少束缚,1093011,女式内衣,1010000,3,89,1158014,https://yanxuan.nosdn.127.net/1ea282a393aea1c3da45cc97c8099899.png,女式极简长绒棉圆领打底衫,换季温暖，秘鲁pima棉的细腻之选,69,7226,,,很舒服 质量上乘 材质薄 手感好 性价比高 柔软 弹性不错 尺寸合适
贴身关怀 少束缚,1093011,女式内衣,1010000,2,259,1219004,https://yanxuan.nosdn.127.net/20d03293de79ca931503dd6c601a295b.png,女式速暖双层加厚保暖内衣套装（上衣+裤）,过冬有秘诀，告别瑟缩感,99,1689,,,很舒服 质量上乘 保暖性好 手感好 性价比高 材质薄 尺寸合适 柔软
贴身关怀 少束缚,1093011,女式内衣,1010000,4,169,1164006,https://yanxuan.nosdn.127.net/395ced723a53ca3f28f03059e676cab1.png,女式咖啡碳+5℃保暖套装（上衣+裤子）,这个冬季的御冷利器,68,94733,,,很舒服 质量上乘 保暖性好 性价比高 材质薄 手感好 尺寸合适 柔软
贴身关怀 少束缚,1093011,女式内衣,1010000,3,99,1535002,https://yanxuan.nosdn.127.net/cf6d4619a3b2b61f9683646802bae350.png,女式轻暖美雅碧内衣套装（上衣＋裤子）,保暖黑科技，轻薄过冬,99,9036,,,
贴身关怀 少束缚,1093011,女式内衣,1010000,3,299,1536001,https://yanxuan.nosdn.127.net/ae5cab50683d74bf7d99e73366e5a919.png,女式色拉姆内衣套装（升级版 上衣+裤子）,"持久温暖，冬日里的小确幸
",299,7503,,,
贴身关怀 少束缚,1093011,女式内衣,1010000,0,229,1536000,https://yanxuan.nosdn.127.net/261e002efe1699da0bd6d68416f64783.png,女式轻薄暖衣套装（上衣+裤子）,柔滑暖意，呵护一冬,229,8143,,,
舒适亲肤,1013006,女士内裤,1010000,0,49,1252050,https://yanxuan.nosdn.127.net/f9a61681151e4bb800c0e8d45ee690db.png,女式爱心三角内裤,小爱心内裤，日久温柔如初,25,2722,,,很舒服 质量上乘 漂亮精致 很可爱 性价比高 很好穿 尺寸合适 手感好
舒适亲肤,1013006,女士内裤,1010000,4,39,1116060,https://yanxuan.nosdn.127.net/60c469ecdbef92fd242e059662da2cc5.png,春甜 女式纱网蕾丝内裤,仅售供应商建议价的1/5,23,2110,,,漂亮精致 质量上乘 很舒服 性价比高 手感好 面料好 款式不错 很好穿
舒适亲肤,1013006,女士内裤,1010000,4,39,1116058,https://yanxuan.nosdn.127.net/195a4ccd0403d9b30a30b0925c220901.png,春甜 女式水波蕾丝内裤,维秘制造商，经典蕾丝,19.5,3146,,,漂亮精致 很舒服 质量上乘 手感好 性价比高 款式不错 颜色好看 面料好
舒适亲肤,1013006,女士内裤,1010000,2,49,1511005,https://yanxuan.nosdn.127.net/8df98b2a15252e93871c271f01190ca0.png,女式贴合内裤,随身穿着，精致的愉悦感,49,6522,,,很舒服 质量上乘 漂亮精致 性价比高 很好穿 款式不错
舒适亲肤,1013006,女士内裤,1010000,2,35,1128008,https://yanxuan.nosdn.127.net/0ccc2a9e9198598e62bba3cb63e967d0.png,女式安心三角生理内裤,精梳棉纱，180°防漏守护,35,6094,,,质量上乘 很舒服 有效实用 手感好 性价比高 很好穿 尺寸合适 包装用心
舒适亲肤,1013006,女士内裤,1010000,3,39,1127024,https://yanxuan.nosdn.127.net/bcd6c96c73ae63516e75c8d8ac14f6d5.png,女式无痕真丝内裤,德国热帖工艺无痕无缝,39,218,,,很舒服 质量上乘 手感好 性价比高 很好穿 材质薄 漂亮精致 透气性好
舒适亲肤,1013006,女士内裤,1010000,3,39,1156019,https://yanxuan.nosdn.127.net/72bfdbc7e76a3aa9a5c1142fb8c05fe9.png,女式水波真丝内裤,取桑蚕好丝，亲肤细养,39,2649,,,很舒服 质量上乘 漂亮精致 手感好 性价比高 很好穿 颜色好看 透气性好
舒适亲肤,1013006,女士内裤,1010000,2,39,1269023,https://yanxuan.nosdn.127.net/bf3ec70b254348196e78259818a48cfc.png,女式一码内裤,一种码数满足所有人,39,14145,,,很舒服 质量上乘 弹性不错 很好穿 手感好 无痕 性价比高 材质薄
舒适亲肤,1013006,女士内裤,1010000,2,49,1023018,https://yanxuan.nosdn.127.net/47bb9ddf2d3955ebbc99b49377cc431d.png,女式空气内裤,薄如蝉翼，丝滑如肌肤,49,8705,,,很舒服 质量上乘 材质薄 透气性好 很好穿 手感好 性价比高 凉爽
舒适亲肤,1013006,女士内裤,1010000,0,19.9,1092026,https://yanxuan.nosdn.127.net/83433f5a7ef69abda2544a53332a0fad.png,Let it go女式纯棉免洗内裤,100%纯棉，出行必备,19.9,10927,,,质量上乘 很方便 有效实用 很舒服 性价比高 外出佳品 包装用心 很好穿
舒适亲肤,1013006,女士内裤,1010000,3,49,1462012,https://yanxuan.nosdn.127.net/dc5212c12b5fa0de820e46d224d4d9e8.png,女式中腰无痕内裤,超轻薄的柔软体验,45,3252,,,很舒服 质量上乘 很好穿 尺寸合适 无痕 包装用心 透气性好 性价比高
舒适亲肤,1013006,女士内裤,1010000,5,49,1056000,https://yanxuan.nosdn.127.net/0445a36154b8c55a48a9b0290f1454c1.png,女式精梳棉内裤,棉质面料柔软透气,49,11018,,,很舒服 质量上乘 性价比高 很好穿 手感好 尺寸合适 材质薄 面料好
舒适亲肤,1013006,女士内裤,1010000,4,39,1579024,https://yanxuan.nosdn.127.net/d10b03bdc9015a5300e0922c81a63f4f.png,女式中腰平角内裤,竹浆纤维，透气安心,39,11786,,,很舒服 质量上乘 很好穿 颜色好看 手感好 性价比高 尺寸合适 面料轻柔
舒适亲肤,1013006,女士内裤,1010000,5,79,1023016,https://yanxuan.nosdn.127.net/b561b4b813969799947101a876b48719.png,女式超细莫代尔内裤,莫代尔纤维清爽更细腻,79,23085,,,很舒服 质量上乘 手感好 很好穿 性价比高 材质薄 柔软 面料好
舒适亲肤,1013006,女士内裤,1010000,2,45,1608001,https://yanxuan.nosdn.127.net/9d1fe35c5dd13356a73d376fa7d7be1e.png,女式中高腰一码内裤,一码匹配，轻巧便捷,45,18285,,,很舒服 质量上乘
舒适亲肤,1013006,女士内裤,1010000,3,39,1625002,https://yanxuan.nosdn.127.net/c6e61d8efe010fdf69bc4101d463d9de.png,女式暖宝袋安心三角生理内裤,"加暖防漏，照顾你的生理期
",39,11025,,,
舒适亲肤,1013006,女士内裤,1010000,5,99,1665009,https://yanxuan.nosdn.127.net/ddbe1a9f3aa8cf00d5a44f0abb19f5d9.png,女式花色精梳棉内裤 ,萌感设计，难以抵挡的少女心,99,3337,,,
舒适亲肤,1013006,女士内裤,1010000,4,59,1625003,https://yanxuan.nosdn.127.net/05642d9ebd97a079a9be6689d8589e1f.png,女式无缝高腰暖宫内裤 ,懂你想要的温暖,59,9890,,,
自然染料，亲肤舒适,1010001,女式文胸,1010000,2,139,1130048,https://yanxuan.nosdn.127.net/85552dd8d37bb5e73557b2bb1c54396d.png,女式竹纤维内衣套装,取自竹纤维的氧气贴肤,79,3680,,,很舒服 质量上乘 性价比高 很好穿 手感好 尺寸合适 穿着不错 面料好
自然染料，亲肤舒适,1010001,女式文胸,1010000,2,49,1193005,https://yanxuan.nosdn.127.net/7dd8360025564712f66c3c84a8edf5f0.png,女式自然无缝bra短吊带,基础设计，小胸也能微性感,49,10951,,,很舒服 质量上乘 很好穿 性价比高 手感好 尺寸合适 穿着不错 弹性不错
自然染料，亲肤舒适,1010001,女式文胸,1010000,2,99,1440009,https://yanxuan.nosdn.127.net/47ca37414df3f80365efce1b3dba4c9c.png,女式基础无钢圈文胸,随身而动的安心,99,312,,,很舒服 质量上乘 尺寸合适 性价比高 很好穿 做工精良 穿着不错 漂亮精致
自然染料，亲肤舒适,1010001,女式文胸,1010000,2,99,1438008,https://yanxuan.nosdn.127.net/df6318679779d97487bceb4ea4421509.png,女式背心式文胸（可插垫）,无痕体感，给身体放个24小时的假,99,3694,,,很舒服 漂亮精致 质量上乘 手感好 很好穿 尺寸合适 穿着不错 款式不错
自然染料，亲肤舒适,1010001,女式文胸,1010000,2,229,1616018,https://yanxuan.nosdn.127.net/5c39f463c9603ec737a0e2d79b6f1cb5.png,女式无钢圈调整型文胸,健康塑胸，专业型调整,229,19470,,,
绅士的第二肌肤,1093013,男式内衣,1010000,4,99,1021016,https://yanxuan.nosdn.127.net/963c045bb555d217c9a8a2fbe1899a30.png,男式莫代尔圆领T恤,德国机织的细密莫代尔,79,1291,,,很舒服 质量上乘 手感好 性价比高 材质薄 尺寸合适 包装用心 面料好
绅士的第二肌肤,1093013,男式内衣,1010000,4,99,1021015,https://yanxuan.nosdn.127.net/485341bfc4eb0e43e8466049046fa574.png,男式莫代尔V领T恤,丝光后处理，严抗起球,79,1470,,,很舒服 质量上乘 手感好 性价比高 尺寸合适 面料好 包装用心 材质薄
绅士的第二肌肤,1093013,男式内衣,1010000,2,109,1130043,https://yanxuan.nosdn.127.net/307862892ceccec77a752c5b380c51bb.png,男式超细莫代尔无痕背心,仅售供应商建议价的1/5,49,3450,,,很舒服 质量上乘 性价比高 手感好 尺寸合适 衣服合身 面料好 无痕
绅士的第二肌肤,1093013,男式内衣,1010000,4,69,1064013,https://yanxuan.nosdn.127.net/04cecd55fe5994671710dd647c7b304b.png,男式基础打底背心,日本缝纫经典基础款,69,10043,,,质量上乘 很舒服 性价比高 手感好 尺寸合适 面料好 尺寸小 衣服合身
绅士的第二肌肤,1093013,男式内衣,1010000,2,289,1219003,https://yanxuan.nosdn.127.net/cf49270279dd43c1d42ce2241b886da5.png,男式色拉姆保暖内衣套装（上衣+裤子）,身体穿的出的实在温暖,88,699,,,很舒服 质量上乘 手感好 保暖性好 性价比高 材质薄 尺寸合适 宝贝不错
绅士的第二肌肤,1093013,男式内衣,1010000,4,169,1165015,https://yanxuan.nosdn.127.net/118c74190b7033170cc98a31cc3ce8bd.png,男式咖啡碳+5℃保暖套装（上衣+裤子）,从咖啡到纱线，温暖入肤,68,305855,,,很舒服 质量上乘 保暖性好 性价比高 材质薄 手感好 尺寸合适 衣服不错
绅士的第二肌肤,1093013,男式内衣,1010000,3,299,1535004,https://yanxuan.nosdn.127.net/81b9d201880e933a14e5e5aa7065590b.png,男式色拉姆内衣套装（升级版 上衣+裤子）,"加厚升级版，实打实的温暖
",299,9936,,,
绅士的第二肌肤,1093013,男式内衣,1010000,0,229,1535003,https://yanxuan.nosdn.127.net/f7a2097f0ef6524ee2c09924b554b156.png,男式轻薄暖衣套装（上衣+裤子）,"轻薄软滑，暖冬的温柔
",229,6792,,,
绅士的第二肌肤,1093013,男式内衣,1010000,3,99,1535001,https://yanxuan.nosdn.127.net/e1d63df1243f5ef58b96eb19ed8a52f6.png,男式轻暖美雅碧内衣套装（上衣＋裤子）,薄薄一件，贴身温暖,99,10636,,,
透气洁净，环保染制,1010002,男式内裤,1010000,6,59,1056002,https://yanxuan.nosdn.127.net/9f8cd2bc5bfa9e2c3832f4fab3a5b569.png,男式玩色内裤,德国工艺，多色随搭,29.5,1553,,,很舒服 质量上乘 性价比高 尺寸合适 手感好 面料好 尺寸大 很好穿
透气洁净，环保染制,1010002,男式内裤,1010000,1,69,1023019,https://yanxuan.nosdn.127.net/45c74c0334af23ba61d72bd4dd6e4c98.png,男式空气内裤,日本进口纱线，舒适裸感,69,18380,,,很舒服 材质薄 质量上乘 透气性好 凉爽 手感好 性价比高 材质透明
透气洁净，环保染制,1010002,男式内裤,1010000,0,19.9,1092025,https://yanxuan.nosdn.127.net/56a46e9a4832587471c0f9ad7c1b7d85.png,Let it go男式纯棉免洗内裤,100%纯棉，出行必备,19.9,3677,,,质量上乘 很方便 有效实用 很舒服 性价比高 外出佳品 包装用心 外出用合适
透气洁净，环保染制,1010002,男式内裤,1010000,9,65,1021021,https://yanxuan.nosdn.127.net/109ab4fdac422ee92174be035a3c95a4.png,男式梭织绅士内裤,舒适全棉面料，透气干爽,65,21326,,,很舒服 质量上乘 性价比高 材质薄 尺寸合适 透气性好 漂亮精致 穿着不错
透气洁净，环保染制,1010002,男式内裤,1010000,4,59,1021020,https://yanxuan.nosdn.127.net/b432867921a3f57f3aea007b7a19217b.png,男式基础平角内裤,专业内裤制造商，自由U凸,59,14474,,,很舒服 质量上乘 性价比高 手感好 尺寸合适 面料好 包装用心 质感好
透气洁净，环保染制,1010002,男式内裤,1010000,3,59,1608002,https://yanxuan.nosdn.127.net/ed15e7990129442b42006753cc375fca.png,男式莫代尔珠地平角内裤,珠地莫代尔，透气新体验,59,10028,,,很舒服 质量上乘 面料好 手感好 包装用心
透气洁净，环保染制,1010002,男式内裤,1010000,5,99,1652027,https://yanxuan.nosdn.127.net/e6cb8a8841f224536d882ec1066e1cf3.png,男式棉质平角内裤 ,自然舒适，自在感的来源,99,3013,,,
享受宅家时光,1093005,女式家居服,1010000,4,129,1130062,https://yanxuan.nosdn.127.net/6191925ec70185668578704b5cdfa046.png,Casual life 女式连帽上衣,一体连帽的蝙蝠衫,60,1223,,,很舒服 质量上乘 漂亮精致 性价比高 面料轻柔 款式不错 手感好 柔软
享受宅家时光,1093005,女式家居服,1010000,0,299,1306000,https://yanxuan.nosdn.127.net/1f9903280a376a24e0d521db06c6444b.png,女式夹棉上下套装,趣味格子话闲暇，夯实棉袄过一冬,299,344,,,质量上乘 很舒服 保暖性好 漂亮精致 面料好 很厚实 做工精良 颜色好看
享受宅家时光,1093005,女式家居服,1010000,2,109,1147043,https://yanxuan.nosdn.127.net/fdfc8683192cce29e2423a54edb39067.png,女式泡泡纱空气睡衣（上衣+裤子）,凉爽不贴身，夏季居家必备,59,996,,,很舒服 材质薄 材质透明 质量上乘 漂亮精致 凉爽 透气性好 性价比高
享受宅家时光,1093005,女式家居服,1010000,0,199,1141013,https://yanxuan.nosdn.127.net/f6cb76bc88a70f16f84e91d503f22b33.png,绽放・女式花卉短袖家居服（上衣+裤子）,玫瑰花衣，丝般腻滑,69,662,,,很舒服 质量上乘 漂亮精致 裤子短 性价比高 手感好 面料好 材质薄
享受宅家时光,1093005,女式家居服,1010000,0,199,1141006,https://yanxuan.nosdn.127.net/1ae4c20fe386abd065d20f3c1828e9b2.png,绽放・女式莺语短袖家居服（上衣+裤子）,仅售供应商建议价的1/4,69,1828,,,很舒服 质量上乘 漂亮精致 材质薄 裤子短 面料好 性价比高 凉爽
享受宅家时光,1093005,女式家居服,1010000,2,199,1141007,https://yanxuan.nosdn.127.net/b04130fb8a98f08715abbb35ff1de56e.png,绽放・女式纯色短袖家居服（上衣+裤子）,让夏天清简凉爽,69,2626,,,很舒服 质量上乘 材质薄 漂亮精致 裤子短 性价比高 凉爽 手感好
享受宅家时光,1093005,女式家居服,1010000,0,199,1141008,https://yanxuan.nosdn.127.net/73b38111e4cc309ee31883a3e276fb0d.png,绽放・女式花卉睡裙,仅售供应商建议价的1/4,69,1717,,,很舒服 质量上乘 漂亮精致 手感好 款式不错 面料轻柔 材质薄 性价比高
享受宅家时光,1093005,女式家居服,1010000,0,199,1141012,https://yanxuan.nosdn.127.net/27aec02096f95d120438742d2ddddef0.png,绽放・女式莺语睡裙,生态纤维，自然轻薄,69,867,,,很舒服 质量上乘 漂亮精致 性价比高 材质薄 手感好 面料轻柔 尺寸合适
享受宅家时光,1093005,女式家居服,1010000,2,199,1141009,https://yanxuan.nosdn.127.net/185da5148f8b0647a8347355d5067693.png,绽放・女式纯色睡裙,轻薄自然的上身触感,69,51,,,很舒服 质量上乘 性价比高 漂亮精致 材质薄 手感好 材质透明 面料好
享受宅家时光,1093005,女式家居服,1010000,2,209,1164024,https://yanxuan.nosdn.127.net/91e058d0615269f82706a94cb7f9809e.png,设计师款 女式波点立领睡裙,独具中式古典气息的浪漫居家服,75,2255,,,很舒服 漂亮精致 质量上乘 款式不错 性价比高 手感好 颜色好看 面料好
享受宅家时光,1093005,女式家居服,1010000,2,209,1165042,https://yanxuan.nosdn.127.net/d5dab032cf3219736b4a3232d1a48229.png,设计师款 女式波点睡袍,梭织睡袍揽住居家的浪漫用心,69,513,,,漂亮精致 质量上乘 很舒服 性价比高 款式不错 颜色好看 手感好 包装用心
享受宅家时光,1093005,女式家居服,1010000,2,199,1165041,https://yanxuan.nosdn.127.net/1ae93732142d3ccef5e410ebb851d3d5.png,设计师款 女式波点吊带睡裙,蕾丝花瓣勾勒背肌的神秘遐想,69,853,,,漂亮精致 很舒服 质量上乘 性价比高 款式不错 手感好 尺寸合适 面料轻柔
享受宅家时光,1093005,女式家居服,1010000,2,199,1165040,https://yanxuan.nosdn.127.net/6788a7bf4fb91f399cccd8816a03cdd4.png,设计师款 女式波点吊带套装（上衣+裤子）,小件套打造居家时光小确幸,69,2906,,,很舒服 漂亮精致 质量上乘 性价比高 手感好 尺寸合适 款式不错 颜色好看
享受宅家时光,1093005,女式家居服,1010000,2,239,1079011,https://yanxuan.nosdn.127.net/1f1c7408874721327bcf97eb0d5a38d5.png,Paris名媛睡袍,取棉精梳，双面织造,66,317,,,质量上乘 很舒服 性价比高 漂亮精致 很厚实 手感好 质感好 做工精良
享受宅家时光,1093005,女式家居服,1010000,0,369,1146010,https://yanxuan.nosdn.127.net/73551c732400186bfee23cbda09934c1.png,裸粉真丝吊带套装（上衣+裤子）,BCBG制造商，法式包缝,147.6,6330,,,很舒服 漂亮精致 质量上乘 性价比高 手感好 包装用心 尺寸合适 款式不错
享受宅家时光,1093005,女式家居服,1010000,0,369,1146008,https://yanxuan.nosdn.127.net/82bc4849ff7801feeee01fe9922e2bd5.png,黑色真丝吊带套装（上衣+裤子）,蚕丝养肤，居家倍呵护,369,4964,,,很舒服 漂亮精致 质量上乘 手感好 性价比高 包装用心 质感好 尺寸合适
享受宅家时光,1093005,女式家居服,1010000,0,369,1146011,https://yanxuan.nosdn.127.net/791aeb9abf29e18a4d4bce27fffd10fe.png,复古绿真丝吊带套装（上衣+裤子）,BCBG制造商，欧式复古,139,920,,,很舒服 漂亮精致 质量上乘 性价比高 包装用心 手感好 颜色好看 尺寸合适
享受宅家时光,1093005,女式家居服,1010000,0,329,1147027,https://yanxuan.nosdn.127.net/dacd9ae94ec58f4c877ba486d3d2d97e.png,女式典雅真丝长吊带睡裙,BCBG制造商，多用打底,179,1027,,,很舒服 质量上乘 漂亮精致 手感好 性价比高 包装用心 尺寸合适 质感好
享受宅家时光,1093005,女式家居服,1010000,2,269,1550058,https://yanxuan.nosdn.127.net/e644d2767ff8a5c098652908c5f51f5f.png,女式甜睡时光睡袍,优雅享受 属于你的甜睡时光,269,500,,,
享受宅家时光,1093005,女式家居服,1010000,2,169,1551092,https://yanxuan.nosdn.127.net/02a0383dabf28e3dc75d043dd0b8a472.png,女式甜睡时光睡裙,亲肤舒适，伴你甜睡入眠,169,1116,,,
享受宅家时光,1093005,女式家居服,1010000,0,209,1252026,https://yanxuan.nosdn.127.net/3ca82160bc7be87ec4cc2a8222a1cbcf.png,设计师款 女式深绿印花套装（上衣+裤子）,柳叶刀领，一眼戳中的设计惊喜,79,2647,97%聚酯纤维 3%氨纶,,漂亮精致 很舒服 质量上乘 性价比高 款式不错 尺寸合适 手感好 包装用心
享受宅家时光,1093005,女式家居服,1010000,2,269,1551054,https://yanxuan.nosdn.127.net/7df23e8d600cf9644f0224af1392e63b.png,女式色丁印花家居服（上衣+裤子）,ARMANI制造商，甜睡梦境的奇幻之旅,269,1501,,,很舒服 漂亮精致 质量上乘 性价比高 尺寸合适 顺滑 手感好
享受宅家时光,1093005,女式家居服,1010000,2,169,1644020,https://yanxuan.nosdn.127.net/388a746f2b147249c0d5f0a3a6006efe.png,女式航海风条纹家居服（上衣+裤子）,经典条纹，轻松的法式chic,135,1883,,,质量上乘 很舒服 漂亮精致 性价比高
享受宅家时光,1093005,女式家居服,1010000,3,199,1541027,https://yanxuan.nosdn.127.net/0e9a39db4b7e232110750bd33669d832.png,女式纯棉撞色家居服（上衣+裤子）,100%精梳棉，爱上慵懒宅家范儿,159,2657,,,质量上乘 很舒服 漂亮精致 颜色好看 尺寸合适
享受宅家时光,1093005,女式家居服,1010000,3,229,1649023,https://yanxuan.nosdn.127.net/bea1f241d0cd074a749d561b75385f46.png,女式精梳棉针织刺绣家居服（上衣+裤子）,50S精梳pima棉，轻奢享受,185,4482,,,很舒服 质量上乘 尺寸合适
享受宅家时光,1093005,女式家居服,1010000,3,269,1551052,https://yanxuan.nosdn.127.net/b9a9aa62f971c7527362b849d5d10faa.jpg,女式天鹅绒卫衣家居服套装（上衣+裤子）,无拘无束，天鹅绒式自在优雅,269,1098,,,
享受宅家时光,1093005,女式家居服,1010000,2,269,1608005,https://yanxuan.nosdn.127.net/f6fbe5fa0f57389dd6b26ee0735f0c0d.png,女式三层纱加厚家居服（上衣+裤子）,三层棉纱，透气温暖 ,269,4923,,,
享受宅家时光,1093005,女式家居服,1010000,2,169,1541026,https://yanxuan.nosdn.127.net/aad9faa809dbbb42c4699ad17224f4fe.png,女式珊瑚绒剪花家居睡袍,这个冬天，戒不掉的暖意与温柔,169,1888,,,
享受宅家时光,1093005,女式家居服,1010000,2,359,1643024,https://yanxuan.nosdn.127.net/69999b09fedbfea54224f5165c67b2d4.png,女式丝绒分身家居服套装（上衣+裤子）,质感丝绒，高贵优雅,359,5425,,,
享受宅家时光,1093005,女式家居服,1010000,2,229,1643025,https://yanxuan.nosdn.127.net/b31268fce8b2df8440a133ff5a8c0717.jpg,女式修身丝绒睡裙,婀娜生姿，简单高级的美,229,2772,,,
舒适源自高品质,1093004,男式家居服,1010000,0,169,1436041,https://yanxuan.nosdn.127.net/0f4ef101ef4f9f50fb2dd9802713a14f.png,囤货装 男式针织棉家居短裤,精梳棉花居家裤，忠于体感,169,224,,,很舒服 质量上乘 手感好 性价比高 材质薄 尺寸合适
舒适源自高品质,1093004,男式家居服,1010000,0,169,1436040,https://yanxuan.nosdn.127.net/c0670bd4da9e9f16bd153e5d0755c956.png,囤货装 男式梭织棉家居短裤,全棉透气面料，经典时尚格纹,169,845,,,质量上乘 很舒服
舒适源自高品质,1093004,男式家居服,1010000,2,299,1067004,https://yanxuan.nosdn.127.net/5bee7363e41c32a4d9fabde70ce51221.png,长绒棉居家无捻浴袍,超柔无捻，亲肤吸水。,299,1128,,,很舒服 质量上乘 很厚实 手感好 性价比高 吸水性好 柔软 保暖性好
舒适源自高品质,1093004,男式家居服,1010000,2,189,1028008,https://yanxuan.nosdn.127.net/ad05b925ce0298fac3f493e67ff64ce4.png,男式双层纱家居服套装（上衣+裤子）,全棉舒适，德式整烫,88,215,,,很舒服 质量上乘 性价比高 手感好 尺寸大 尺寸合适 透气性好 材质薄
舒适源自高品质,1093004,男式家居服,1010000,0,169,1220013,https://yanxuan.nosdn.127.net/249b4fdfe2db5bc557bacb2febadf330.png,设计师款 男式森林绿条纹睡袍,穿不厌的全棉纤维，经典的条纹,79,1471,,,很舒服 质量上乘 漂亮精致 性价比高 款式不错 穿着不错 面料好 尺寸合适
舒适源自高品质,1093004,男式家居服,1010000,0,79,1221009,https://yanxuan.nosdn.127.net/9adcbe215923534150bc84a35787ed27.png,设计师款 男式森林绿印花长袖,有腔调的森林绿寝衣,29,420,,,很舒服 质量上乘 漂亮精致 性价比高 尺寸合适 面料好 包装用心 款式不错
舒适源自高品质,1093004,男式家居服,1010000,2,79,1220009,https://yanxuan.nosdn.127.net/cc2cddaecf780731106f5955dafeaba5.png,设计师款 男式森林绿撞色长袖,撞色跳跃的精灵，居家时光氧气清新,29,797,100%棉,,质量上乘 很舒服 性价比高 漂亮精致 尺寸合适 手感好 款式不错 材质薄
舒适源自高品质,1093004,男式家居服,1010000,2,69,1223009,https://yanxuan.nosdn.127.net/d2fac25b50f459d13a0cea7fdc0fba03.png,设计师款 男式海洋蓝撞色短袖,简单的海色与雾白，清爽你的居家时光,39,2740,,,很舒服 质量上乘 性价比高 漂亮精致 尺寸合适 款式不错 包装用心 衣服不错
舒适源自高品质,1093004,男式家居服,1010000,2,109,1130064,https://yanxuan.nosdn.127.net/1d3c53648301a647233bdfe01eeb0109.png,Casual life 男式家居裤,户外与居家，动静皆宜,50,411,,,很舒服 质量上乘 材质薄 性价比高 穿着不错 尺寸合适 手感好 面料轻柔
舒适源自高品质,1093004,男式家居服,1010000,2,129,1608007,https://yanxuan.nosdn.127.net/c1520c2f2bf69a88bbff335e9831d0c0.png,男式休闲家居长裤,舒适打造，每一步都很放松,99,5216,,,
舒适源自高品质,1093004,男式家居服,1010000,0,49,1165044,https://yanxuan.nosdn.127.net/2db39a455b54bffd19da3e261b7061f0.png,男式针织棉家居短裤,精梳棉花居家裤，忠于体感,49,756,,,很舒服 质量上乘 性价比高 材质薄 尺寸合适 手感好 柔软 面料轻柔
舒适源自高品质,1093004,男式家居服,1010000,2,49,1165043,https://yanxuan.nosdn.127.net/558e551aedfb9c4475b350b782ed8914.png,男式梭织棉家居短裤,全棉透气面料，经典时尚格纹,32,5515,,,很舒服 质量上乘 性价比高 漂亮精致 尺寸合适 做工精良 面料好 手感好
舒适源自高品质,1093004,男式家居服,1010000,2,129,1609001,https://yanxuan.nosdn.127.net/cc43e18f25df175b6fc0cef24fcc160a.png,男式圆领撞色长袖T恤,三重优势，精细混纺,99,2459,,,
舒适源自高品质,1093004,男式家居服,1010000,0,179,1608006,https://yanxuan.nosdn.127.net/a5f98053dac802ea1a43056e21f7210a.png,男式开襟撞色外套,时髦造型，宅家比出门还酷,139,1452,,,
舒适源自高品质,1093004,男式家居服,1010000,2,169,1643023,https://yanxuan.nosdn.127.net/51157f0fffd69acb8fdf3032bde167c5.png,男式航海风条纹家居服（上衣+裤子）,揽进怀中，是阳光与大海的味道,135,1572,,,
舒适源自高品质,1093004,男式家居服,1010000,2,199,1579025,https://yanxuan.nosdn.127.net/5dbedbd8efea3f94a18590c8cb1cd11b.png,男式色织方格家居服（上衣+裤子）,匠心别裁 雅致英伦范儿,159,2304,,,很舒服 质量上乘 手感好
舒适源自高品质,1093004,男式家居服,1010000,3,199,1541029,https://yanxuan.nosdn.127.net/3a7c1a016d6c114a8eb1a975a1119ecc.png,男式纯棉撞色家居服（上衣+裤子）,100%精梳棉，品质居家,159,3828,,,质量上乘 很舒服 尺寸合适 质感好
舒适源自高品质,1093004,男式家居服,1010000,2,229,1649024,https://yanxuan.nosdn.127.net/ee075d96081c08d80ed363b54873ca68.png,男式精梳棉针织刺绣家居服（上衣+裤子）,50支精梳pima棉，轻奢品质感,185,4041,,,质量上乘 很舒服 手感好 漂亮精致 面料好 做工精良
舒适源自高品质,1093004,男式家居服,1010000,0,269,1551055,https://yanxuan.nosdn.127.net/e56e6355588dd90b8b1901831a1ce82b.png,男式色丁家居服套装（上衣+裤子）,柔滑舒适，轻奢品质感,269,866,,,很舒服 质量上乘 性价比高 手感好 质感好 漂亮精致
舒适源自高品质,1093004,男式家居服,1010000,2,269,1550041,https://yanxuan.nosdn.127.net/a6d89acaae0e9b453f6738841c3d3785.png,男式三层纱长袖分身家居服（上衣+裤子）,三层棉纱，透气温暖,269,3054,,,
职场精致LOOK,109214001,女式衬衫,1010000,0,299,1468027,https://yanxuan.nosdn.127.net/c92364efe5723fee594b0a55133a1774.png,女式蝴蝶结衬衫,优雅也不失浪漫少女梦,239,184,,,漂亮精致 质量上乘 穿着不错 款式不错 尺寸合适 包装用心
职场精致LOOK,109214001,女式衬衫,1010000,0,329,1469029,https://yanxuan.nosdn.127.net/b1577fbac941263a7736b5f3e54672ee.png,女式珠色水波袖衬衫,宫廷风的缎面与纱网，出彩从袖口开始,263,126,,,漂亮精致 款式不错 质量上乘
职场精致LOOK,109214001,女式衬衫,1010000,0,219,1462042,https://yanxuan.nosdn.127.net/1acaef0de8a0e19fb17d2f5c12977694.png,早春新款oversize条纹衬衫,典雅条纹，宽松版型,175,475,97%棉3%氨纶,,漂亮精致 质量上乘 款式不错 很舒服 性价比高 面料好 做工精良 显瘦
职场精致LOOK,109214001,女式衬衫,1010000,0,329,1468026,https://yanxuan.nosdn.127.net/f8f94bebf761ef0f1f1789f3e0b086b1.png,女式荷叶领衬衫,风华绝代的年纪里，荷叶元素总是必不可少,263,112,,休闲时尚、职场商务,
职场精致LOOK,109214001,女式衬衫,1010000,0,149,1458003,https://yanxuan.nosdn.127.net/e37f9bf3b21098f7dcefb3aa403a9b4a.png,女式天丝棉柔牛仔衬衫,清爽牛仔衫，衣橱盛宠不过时的经典,82,1398,,,很舒服 质量上乘 漂亮精致 款式不错 性价比高 面料轻柔 尺寸合适 衣服不错
职场精致LOOK,109214001,女式衬衫,1010000,0,599,3384010,https://yanxuan.nosdn.127.net/19326c7db47b89b80d6f3a6b228113c6.png,女式浪漫星辰真丝衬衫,16mm全桑蚕丝，给自己专属浪漫奢华感,599,339,100% 桑蚕丝,,
职场精致LOOK,109214001,女式衬衫,1010000,2,259,1556011,https://yanxuan.nosdn.127.net/f04f834ea586b160c8f89360234d8f02.png,女式蕾丝塔克衬衫,贵族式优雅，华丽回潮,209,1632,,,漂亮精致 质量上乘 款式不错 做工精良 尺寸合适 衣服不错
职场精致LOOK,109214001,女式衬衫,1010000,4,499,1435010,https://yanxuan.nosdn.127.net/9564a82ca3186f1b1259fb28fec5292a.png,女式典雅柔色真丝衬衫,16mm桑蚕丝，亲密的轻奢体验。,399,2018,,,质量上乘 很舒服 漂亮精致 尺寸合适 性价比高 手感好 颜色好看 做工精良
职场精致LOOK,109214001,女式衬衫,1010000,0,199,1586028,https://yanxuan.nosdn.127.net/ed63c1a31fac29c786cdb06d0e381f82.png,女式基础牛仔衬衫,干净洗水的禁欲系穿法,199,5613,,,
舒适好穿搭,1093007,女式裤装,1010000,0,199,1462023,https://yanxuan.nosdn.127.net/1a4503596a2362562f0e57f278b73fb6.png,女式基础阔腿裤,把双腿藏进自由的空间，乖巧瘦下无肉肉,129,1517,,,很舒服 质量上乘 漂亮精致 版型不错 尺寸合适 性价比高 款式不错 穿着不错
舒适好穿搭,1093007,女式裤装,1010000,0,199,1434017,https://yanxuan.nosdn.127.net/aef624d1710566d57c5d678807556f82.png,OL风 女士弹力百搭锥形裤,四季都爱，火遍时髦圈的锥形裤,199,3313,,,质量上乘 很舒服 版型不错 漂亮精致 尺寸合适 显瘦 性价比高 面料好
舒适好穿搭,1093007,女式裤装,1010000,4,229,1565050,https://yanxuan.nosdn.127.net/3acc21be2bd450a5dedff5cf66d5d2a9.png,女式修身简约五袋裤,层次丰富的成衣染色，柔中带刚的体验感,185,6036,,,很舒服 质量上乘
舒适好穿搭,1093007,女式裤装,1010000,0,199,1565049,https://yanxuan.nosdn.127.net/a11e7a63fa1205b42f3e2816a17a0eb4.png,女式修身简约小脚裤,舒适弹力纱，呵护柔情的腿感,149,7525,,,
舒适好穿搭,1093007,女式裤装,1010000,0,269,1551032,https://yanxuan.nosdn.127.net/9378dc9373b9123768d0a67cba1bc4f7.png,女式字母提条休闲针织裤,此款有字母卫衣搭配，请至外套购买；潮流字母装饰侧边，新时髦尝试,219,1246,"面料：91% 聚酯纤维 9% 氨纶
装饰带：65%粘纤 35%锦纶",,
舒适好穿搭,1093007,女式裤装,1010000,0,149,1618011,https://yanxuan.nosdn.127.net/d50bdce11675e832f1e7f230f3365b89.png,女式基本罗马针织全长裤,基础打底，温柔束住你的臀腿线条,149,3470,,,
舒适好穿搭,1093007,女式裤装,1010000,0,189,1618010,https://yanxuan.nosdn.127.net/eb156e00e279c08f9c058ce66495ee6c.png,女式装饰扣罗马针织全长裤,锃亮光泽，秀出纤美迷人腰线,189,2775,,,
舒适好穿搭,1093007,女式裤装,1010000,0,199,1662032,https://yanxuan.nosdn.127.net/0ec4a09e04927f63db48f55e81e3a61f.png,女式休闲针织裤,解放双腿束缚，弹力针织是先见之明,159,2432,,,
舒适好穿搭,1093007,女式裤装,1010000,0,169,1617016,https://yanxuan.nosdn.127.net/e56fef0e36a7d196dbb95590a2a4adb8.png,女式职装罗马针织全长裤,以利落垂顺，为你打造干练气场,169,1441,,,
量身裁体的优雅,1037007,女式裙装,1010000,2,149,1474003,https://yanxuan.nosdn.127.net/b36d4e9ff5868a502e43323b28738bf6.png,女式基础牛仔短裙,莫代尔面料灵活入骨，让你舒适更明媚,69,32,,,漂亮精致 很舒服 质量上乘 尺寸合适 面料轻柔 性价比高 版型不错 显瘦
量身裁体的优雅,1037007,女式裙装,1010000,0,249,1513004,https://yanxuan.nosdn.127.net/c496906144b68cc22a4e62f04f6ad71f.png,女式波浪圆边束腰牛仔A字短裙,独爱甜美波浪腰,249,103,,,漂亮精致 质量上乘 尺寸合适 面料轻柔 款式不错 性价比高
量身裁体的优雅,1037007,女式裙装,1010000,0,299,1563000,https://yanxuan.nosdn.127.net/e467d19cf724183bea7b322ef581e4a1.png,女式波浪圆边短袖直筒牛仔连衣裙,两穿衣裙，浪漫不重样,299,401,,,质量上乘 漂亮精致 款式不错 很舒服 性价比高
量身裁体的优雅,1037007,女式裙装,1010000,0,499,1580021,https://yanxuan.nosdn.127.net/4c123e23972937bce9f6b0a223a488d4.png,女式束腰牛仔连衣裙,宫廷风束腰裙，碰撞牛仔的野性不羁,379,688,,,
量身裁体的优雅,1037007,女式裙装,1010000,0,329,1550009,https://yanxuan.nosdn.127.net/763aee5c9c96916e03286283b9362b3b.png,女式经典纤腰牛仔连衣裙,浅色牛仔的浪漫情绪，两穿的不二选择,249,1399,,,
量身裁体的优雅,1037007,女式裙装,1010000,0,369,1513014,https://yanxuan.nosdn.127.net/30e9d28226755b6481e97ded1c0fece1.png,女式提花针织半裙,黑沙漠里盛开白珍珠，优雅鱼尾裙美而屏息,169,157,,,
量身裁体的优雅,1037007,女式裙装,1010000,0,229,1477019,https://yanxuan.nosdn.127.net/f106be023d02868fb6042b7cc48da66d.png,女式基础牛仔中长裙,将牛仔穿出柔情，细微色光是印在心头的风情,229,2820,,,
量身裁体的优雅,1037007,女式裙装,1010000,3,299,1566004,https://yanxuan.nosdn.127.net/4dae282b8bd0bf6b6daa8635633b11d0.png,女式麂皮半裙,A字裙摆，甜美少女感,229,2807,,,
量身裁体的优雅,1037007,女式裙装,1010000,0,499,1522000,https://yanxuan.nosdn.127.net/adc39aa8ab7f8d2e6b4e37f399e5255a.png,女式珍珠撞色连衣裙,繁复精致的复古花呢，给你艳丽的张扬感。,499,23,,,质量上乘 漂亮精致 性价比高 做工精良
量身裁体的优雅,1037007,女式裙装,1010000,2,409,1586018,https://yanxuan.nosdn.127.net/5abda2102c9460dff82ca1438e3e93de.png,金银丝压褶针织裙,浪漫金银丝，让行走仙气撩人,299,1262,"面料：66% 聚酯纤维 34%金属镀膜纤维 
里料：100%粘纤",,
量身裁体的优雅,1037007,女式裙装,1010000,0,249,1635032,https://yanxuan.nosdn.127.net/266c58a105133f28bedfb6c5aa5a85ab.png,女式小香风针织羊毛包臀裙,此款有小香风套装上衣，请至毛衫购买；风情万种的小香风包裙，细致又考究,249,660,,,
量身裁体的优雅,1037007,女式裙装,1010000,2,299,1579037,https://yanxuan.nosdn.127.net/0689b116bba0ef8a31f7288f0cf7d365.png,女式一字肩金银丝针织连衣裙,成为人群中的优雅焦点,229,979,"深海蓝：40%羊毛 38%晴纶 16%聚酯纤维 6%金属镀膜纤维
浪漫紫：43%晴纶 42%羊毛 9%锦纶 6%金属镀膜纤维",,
量身裁体的优雅,1037007,女式裙装,1010000,0,199,1651031,https://yanxuan.nosdn.127.net/08704a3d38b29ebd2f603c152f48bd8a.png,女式浪漫吊带丝绒连衣裙,复古冰花绒，秋日优雅浪漫绽放,199,459,,,
量身裁体的优雅,1037007,女式裙装,1010000,2,329,1662033,https://yanxuan.nosdn.127.net/6a9071f9741e9e41708c78262fb9c477.png,女式休闲针织连衣裙,滚边细节，让女人味自然大气,259,1165,,,
量身裁体的优雅,1037007,女式裙装,1010000,2,669,1541020,https://yanxuan.nosdn.127.net/edbd5d274e9b6d3f3c3b75aff3ca9281.png,100%羊毛 女式全成型修身羊毛连衣裙,100%德国扬子羊毛，高精工艺，雍容身体的每个细节,539,1577,,,
量身裁体的优雅,1037007,女式裙装,1010000,2,429,1600003,https://yanxuan.nosdn.127.net/1ccd316111259be3c80111242331cc82.png,女式背心连衣裙,装饰项链点缀，让颈部线条充满惊喜,429,1370,,,
量身裁体的优雅,1037007,女式裙装,1010000,0,329,1648020,https://yanxuan.nosdn.127.net/e1b4f6596b4798cb3ce677c92c6303d8.png,女式条纹全棉连衣裙,简单条纹，全棉舒适的安心体验,329,1478,,,
量身裁体的优雅,1037007,女式裙装,1010000,0,399,1608008,https://yanxuan.nosdn.127.net/47fdc96deac988276a0a2cdad3035b4f.png,女式条纹拼接连衣裙,时髦的条纹单品，百搭又放松,399,1760,,,
量身裁体的优雅,1037007,女式裙装,1010000,2,999,1647013,https://yanxuan.nosdn.127.net/1d6fc145693bab0ddce83e33e367ed2a.png,女式优雅羊毛连衣裙,全羊毛针织呢面，繁复精工给你流畅垂感,999,928,,,
量身裁体的优雅,1037007,女式裙装,1010000,2,299,1648021,https://yanxuan.nosdn.127.net/de9962e3bc59e5c783b084516bff204c.png,女式毛呢小A裙,高品质羊毛，给双腿不言而喻的自信感,299,2854,,,
量身裁体的优雅,1037007,女式裙装,1010000,2,359,1637029,https://yanxuan.nosdn.127.net/05c22216399c7810b8eef3c85dc52c3e.png,女式不规则优雅半裙,不规则裙身的小心机，柔美派曲线师锻造师,359,1974,,,
选对风格 只做自己,1093010,女式外套,1010000,0,299,1561006,https://yanxuan.nosdn.127.net/5d68b09e94d6df084f2a8093c33c3fdd.png,女式极简收腰牛仔衬衫外套,衬衫外套两穿法，超强适季性实穿之选,239,899,,,
选对风格 只做自己,1093010,女式外套,1010000,0,599,1561005,https://yanxuan.nosdn.127.net/0ec5d34d5ec23820f6fd05ceae469508.png,满天星辰 女式牛仔外套,星辰似幻，穿出生活里的浪漫感,449,144,,,
选对风格 只做自己,1093010,女式外套,1010000,0,1299,1460030,https://yanxuan.nosdn.127.net/e1cb27bd456f80ab3bb604f3c1f7c9d5.png,春季羊毛千鸟格套西,经典格型，时尚百搭,1299,54,,,
选对风格 只做自己,1093010,女式外套,1010000,0,499,1469028,https://yanxuan.nosdn.127.net/5b32e69df674036ff45dcfaa99fe0d64.png,女式轻商务西装 件套（西装+西裤+裙子）,正统的西装魂，由上而下的精致教程。,499,1211,,,质量上乘 漂亮精致 面料好 版型不错 做工精良 尺寸合适
选对风格 只做自己,1093010,女式外套,1010000,0,289,1551027,https://yanxuan.nosdn.127.net/4ce0cebda99ef5505ab85529bec4146e.png,女式字母提条短款卫衣,此款有字母裤装搭配，请至裤装购买；空气面料层，不易褶皱过精致派生活,229,1255,"面料：76%棉 21%聚酯纤维 3%氨纶

装饰带：66%粘纤 34%锦纶",,
选对风格 只做自己,1093010,女式外套,1010000,3,199,1579010,https://yanxuan.nosdn.127.net/f914780f767fc6bc7de0f344561d7db9.png,女式星空印花套头卫衣,立体印花，柔软有型,199,4077,,,
选对风格 只做自己,1093010,女式外套,1010000,0,289,1550019,https://yanxuan.nosdn.127.net/030062a6c28ec486e655ce38b11ee39c.png,女式可脱卸蝴蝶结卫衣,韩国进口面料，松软空气层面料，甜美眷恋,229,1209,,,
选对风格 只做自己,1093010,女式外套,1010000,0,329,1551034,https://yanxuan.nosdn.127.net/811146ec095c1115d3f1e33954660189.png,女式圆领珠片绣圆领卫衣,浅灰主调携炫彩珠片，舞出时尚风范,266,751,,,
选对风格 只做自己,1093010,女式外套,1010000,3,129,1643009,https://yanxuan.nosdn.127.net/aa97fd575d1bd64ba2697ff3d4b4bb11.png,女式宽松圆领卫衣,简而不俗，时髦落肩邂逅灯笼袖,129,3458,,,
选对风格 只做自己,1093010,女式外套,1010000,2,199,1644006,https://yanxuan.nosdn.127.net/c2196abb33f607a1d86e7d4def32e58d.png,女式宽松长款连帽卫衣,别致缩褶，将寻常衣袖美出新意,199,1563,,,
选对风格 只做自己,1093010,女式外套,1010000,0,269,1634009,https://yanxuan.nosdn.127.net/8f4004faa2a43bc71401b8447528d7b7.png,女式复古徽章圆领卫衣,俏皮活力，将复古风潮纹进徽章,269,1095,,,
选对风格 只做自己,1093010,女式外套,1010000,0,369,1598007,https://yanxuan.nosdn.127.net/aa9480b1d1bc2b09ae92aac7c20d89ae.png,女式蝴蝶结针织外套,挪不开眼，娇俏时尚的香式针织短款外套,369,946,,,
选对风格 只做自己,1093010,女式外套,1010000,0,469,1587046,https://yanxuan.nosdn.127.net/4f92ce74d363593912a24ab091374b25.png,女式学院针织外套,"时尚减龄，重塑香式学院女神气质
",469,1364,,,
选对风格 只做自己,1093010,女式外套,1010000,0,299,1659015,https://yanxuan.nosdn.127.net/8ad65a0d92fc2dcf742a8907c45c71fa.png,女式蕾丝拼接袖短款针织棒球外套,柔美吸睛，波点蕾丝雅致衔接衣袖,299,1097,,,
精选材质 穿出质感,1093006,女式T恤,1010000,6,109,1540002,https://yanxuan.nosdn.127.net/43d336ff0260845be29804ab310f07b4.png,女式经典水柔棉polo衫,基础百变，POLO衫的时髦心经,55,6496,,,质量上乘 很舒服 尺寸合适 颜色纯正 漂亮精致 性价比高 颜色好看 面料轻柔
精选材质 穿出质感,1093006,女式T恤,1010000,2,129,1579009,https://yanxuan.nosdn.127.net/9eeda6a2695a8d0885aae6e496be8c9a.png,女式星空印花长袖T恤衫,你的征途是浩渺星辰,71,570,,,质量上乘 很舒服 性价比高 漂亮精致
精选材质 穿出质感,1093006,女式T恤,1010000,5,169,1539001,https://yanxuan.nosdn.127.net/08670b24c5867b18b3deb7db8a793bec.png,女式经典纯色polo裙,活力冻龄，轻松穿出高级感,69,2471,,,质量上乘 漂亮精致 颜色纯正 很舒服 性价比高 颜色好看 版型不错 显瘦
精选材质 穿出质感,1093006,女式T恤,1010000,3,99,1637005,https://yanxuan.nosdn.127.net/860728def7bd771380e73212713bbb9b.png,女式中长款条纹短袖T恤裙,舒适与宽松，也能穿出时髦感,54.5,934,,,很舒服 质量上乘 漂亮精致 面料轻柔 性价比高 衣服不错 面料好 做工精良
精选材质 穿出质感,1093006,女式T恤,1010000,3,69,1635005,https://yanxuan.nosdn.127.net/03316869059e5383855153693078ad05.png,女式基础条纹短袖T恤衫,搭配有乐趣，轻松穿出高级感,38,1370,,,质量上乘 很舒服 性价比高 漂亮精致 尺寸合适 面料轻柔 显瘦 衣服不错
精选材质 穿出质感,1093006,女式T恤,1010000,4,49,1189002,https://yanxuan.nosdn.127.net/85b77368ca65b3b74c09f34e01477925.png,100%纯棉 女式纯棉百搭V领T恤,V领勾勒的极简主义,25,1470,,,很舒服 质量上乘 材质薄 性价比高 漂亮精致 手感好 颜色好看 材质透明
精选材质 穿出质感,1093006,女式T恤,1010000,5,49,1188000,https://yanxuan.nosdn.127.net/ca6709fd557fb80544fa024c927b6eb9.png,女式纯棉百搭圆领T恤,新疆全棉的自然贴肤感,25,1327,,,很舒服 质量上乘 材质薄 性价比高 材质透明 手感好 漂亮精致 尺寸合适
高质感面料 休闲商务两适宜,1093009,男式裤装,1010000,2,269,1503012,https://yanxuan.nosdn.127.net/2baf28da626b8ecbbf6e4e160f628486.png,男式工装短裤,意大利磨毛处理，帅气风格更前卫,269,1456,100%棉,,质量上乘 做工精良 很舒服 版型不错 漂亮精致 性价比高
高质感面料 休闲商务两适宜,1093009,男式裤装,1010000,2,269,1540001,https://yanxuan.nosdn.127.net/a613de364e63123b1c413c29a01a7490.png,男式自由体商务休闲裤,拥戴皮肤呼吸的尊严，透气感让身体畅快淋漓。,229,3530,90%锦纶 10%氨纶,,很舒服 质量上乘 透气性好 性价比高 尺寸合适 裤子不错 穿着不错 面料好
高质感面料 休闲商务两适宜,1093009,男式裤装,1010000,3,259,1599008,https://yanxuan.nosdn.127.net/556a7413d85477b1a114eb4339e2e68a.png,男式舒适磨毛休闲裤,复古重生，碳素磨毛的超质感体验,209,4777,,,质量上乘 很舒服 面料好 尺寸合适 质感好 季节适宜 穿着合身 裤子不错
高质感面料 休闲商务两适宜,1093009,男式裤装,1010000,3,199,1460019,https://yanxuan.nosdn.127.net/6bd83fa1a1a5d4898a3e58db6fed386c.png,男式三防商务休闲裤,优秀的防水实践者，让你自如应对各种场合。,159,3239,,,质量上乘 很舒服 尺寸合适 版型不错 性价比高 裤子不错 穿着不错 面料好
高质感面料 休闲商务两适宜,1093009,男式裤装,1010000,2,249,1617036,https://yanxuan.nosdn.127.net/4bf1b762353f0986c8a9d94cb4d12ad3.png,男式潮流侧带装饰长裤,前卫的空气层面料，搭配时髦撞边,199,1388,,,质量上乘 季节适宜
高质感面料 休闲商务两适宜,1093009,男式裤装,1010000,0,269,1599019,https://yanxuan.nosdn.127.net/6cf8600b91e2ae6cf4a362a33b67d466.png,男式复合针织底束脚长裤,复合针织底，柔软贴合你的双腿,219,584,,,
高质感面料 休闲商务两适宜,1093009,男式裤装,1010000,2,299,1623018,https://yanxuan.nosdn.127.net/f0ab0a7b210189433633a9157e7527b4.png,中古徽章 男式工装长裤,经典工装结合新潮印花元素，帅气走位,239,1470,,,
高质感面料 休闲商务两适宜,1093009,男式裤装,1010000,2,269,1600020,https://yanxuan.nosdn.127.net/5ebbe378cee5150c2f443ef91a625182.png,男式商务休闲束脚长裤,商务休闲，慢跑过程也要稳重考究,269,4714,,,
高质感面料 休闲商务两适宜,1093009,男式裤装,1010000,2,249,1600019,https://yanxuan.nosdn.127.net/ffcaf81ba50b7237584000eaf8f84bd4.png,男式商务弹力针织长裤,细密针织，享受极简的生活格调,249,8937,,,质量上乘 很舒服
高质感面料 休闲商务两适宜,1093009,男式裤装,1010000,2,299,1558014,https://yanxuan.nosdn.127.net/dbc831fc397d03f9e00b8cdf26d71312.png,男式梭织小脚裤,晨起去江边，吸一口清新的空气。,299,3775,,,
高质感面料 休闲商务两适宜,1093009,男式裤装,1010000,0,269,1564037,https://yanxuan.nosdn.127.net/f76247b8d93a75e29ab1644b470bf738.png,男式加绒基本慢跑裤,一条可过冬，迈开的每一步都予你温暖力量,269,979,,,
经典百搭 精致设计,1093008,男式衬衫,1010000,0,219,1397011,https://yanxuan.nosdn.127.net/35a1b97681d52d82bb39d67374e28eaa.png,男式法兰绒格子衬衫,早春新品，经典格型,219,65,,,质量上乘 很舒服 漂亮精致 手感好 尺寸合适 性价比高 颜色好看 穿着不错
经典百搭 精致设计,1093008,男式衬衫,1010000,2,249,1453004,https://yanxuan.nosdn.127.net/502768a49e9eb4ac439c92250d709a92.png,法国雨露棉麻衬衫,天然棉麻的触感与心跳,249,1752,,,质量上乘 很舒服 性价比高 漂亮精致 尺寸合适 手感好 衣服不错 做工精良
经典百搭 精致设计,1093008,男式衬衫,1010000,2,129,1245027,https://yanxuan.nosdn.127.net/eb868edc6b42a7d3732b7a6426df000e.jpg,法国雨露棉麻合体版男式短袖衬衫,天然棉麻的触感与心跳,99,139,,,很舒服 质量上乘 性价比高 漂亮精致 尺寸合适 穿着合身 透气性好 衣服不错
经典百搭 精致设计,1093008,男式衬衫,1010000,3,159,1239013,https://yanxuan.nosdn.127.net/99ef44005a14afc9298c65fe4962972a.png,法国麻男士休闲衬衫,纯麻的自然肌理,127,367,,,质量上乘 很舒服 尺寸合适 性价比高 漂亮精致 手感好 衣服不错 面料好
经典百搭 精致设计,1093008,男式衬衫,1010000,4,199,1558009,https://yanxuan.nosdn.127.net/070cc797db4fb3a5ed2dbf44c2bbffd1.png,男式法国雨露棉麻短袖衬衫,法国雨露麻的优势基因，还原清爽体验,79.6,5485,棉 55% 亚麻 45%,,质量上乘 很舒服 漂亮精致 性价比高 款式不错 尺寸合适 版型不错 衣服不错
经典百搭 精致设计,1093008,男式衬衫,1010000,2,199,1525001,https://yanxuan.nosdn.127.net/dcfa2fcbcba2ae610f540fa947d9bf48.png,男式肌理短袖衬衫,全棉自然弹技术，清爽加身体验,79.6,276,100% 棉,,质量上乘 很舒服 尺寸合适 手感好 漂亮精致 款式不错 面料好 质感好
经典百搭 精致设计,1093008,男式衬衫,1010000,3,249,1526002,https://yanxuan.nosdn.127.net/be4d249724639b43ebf38c58e902cd0d.png,男士全麻易打理短袖衬衫,高级欧洲亚麻，给你好品质,137,2488,100%亚麻,,很舒服 质量上乘 性价比高 透气性好 尺寸合适 做工精良 面料好 漂亮精致
经典百搭 精致设计,1093008,男式衬衫,1010000,2,199,1458002,https://yanxuan.nosdn.127.net/337c13f1e8593f6c4c3cf43f72b4b4f5.png,男式清透长绒棉牛仔衬衣,无可复制的自然感，舒适一整个季节,199,1957,,,质量上乘 很舒服 漂亮精致 衣服不错 尺寸合适 手感好 穿着合身 性价比高
经典百搭 精致设计,1093008,男式衬衫,1010000,3,249,1453013,https://yanxuan.nosdn.127.net/1bdf34999cc216c1e78d51525b7aac7b.png,军旅迷彩牛津纺衬衫,军旅迷彩，修身有型,249,729,,,质量上乘 性价比高 漂亮精致 很舒服 尺寸合适 很厚实 衣服不错 做工精良
经典百搭 精致设计,1093008,男式衬衫,1010000,14,149,1453008,https://yanxuan.nosdn.127.net/bbe7dfa3c7dbd9dcfdad69e1c81f4453.png,男式经典牛津纺衬衫,舒适有风度 感受一气呵成的经典,59.6,3651,,,质量上乘 性价比高 很舒服 尺寸合适 漂亮精致 穿着合身 做工精良 很厚实
经典百搭 精致设计,1093008,男式衬衫,1010000,3,249,1453014,https://yanxuan.nosdn.127.net/def03a5e93f781eb0e77b42d5444f603.png,复古法兰绒衬衫,热度不褪，秋冬复古穿搭之选,99,1235,,,质量上乘 很舒服 性价比高 手感好 尺寸合适 材质薄 漂亮精致 衣服不错
经典百搭 精致设计,1093008,男式衬衫,1010000,3,259,1442004,https://yanxuan.nosdn.127.net/5aeb2ac7b1aebace508764f827bef7ed.png,男式动感超弹衬衫,给你四面神奇的动感弹力，商务休闲两不误。,142.5,5567,,,质量上乘 很舒服 面料好 性价比高 手感好 弹性不错 衣服不错 尺寸合适
经典百搭 精致设计,1093008,男式衬衫,1010000,2,269,1447022,https://yanxuan.nosdn.127.net/765ba5e88afa15134c29ee03985c07f5.png,男式DP免烫商务衬衫,工作生活，它都是你的儒雅铠甲,269,6707,100%棉,,质量上乘 尺寸合适 很舒服 手感好 性价比高 漂亮精致 衬衫不错 版型不错
经典百搭 精致设计,1093008,男式衬衫,1010000,2,299,1580023,https://yanxuan.nosdn.127.net/e0ed8da2a2f5696be37cca2687f0771c.png,男式易打理控温商务衬衫,"灵魂风度师的操守
每一面都严谨非常",239,2312,,,质量上乘 性价比高
经典百搭 精致设计,1093008,男式衬衫,1010000,0,799,1618036,https://yanxuan.nosdn.127.net/d1eaefde9016b0c949d5dd59c9220bc3.png,男式超柔舒适商务衬衫,高级而舒适，每一天都赢得漂亮,799,703,,,
经典百搭 精致设计,1093008,男式衬衫,1010000,3,199,1512034,https://yanxuan.nosdn.127.net/d9d0921434d339f70f00f399820173a5.png,男式经典格纹衬衫,雅致格纹，型男单品,149,13871,,,质量上乘 尺寸合适
经典百搭 精致设计,1093008,男式衬衫,1010000,4,249,1617045,https://yanxuan.nosdn.127.net/cd8dc527cda512b4dde34479c317fb16.png,男式法国雨露棉麻长袖衬衫,法国原产雨露麻，质感天然,185,13264,,,
经典百搭 精致设计,1093008,男式衬衫,1010000,0,299,1587037,https://yanxuan.nosdn.127.net/e4de616b2f7fa9315f6997bcf755ceff.png,男式红边布牛仔衬衣,经典红边布细节，儒雅气质,299,2892,,,
经典百搭 精致设计,1093008,男式衬衫,1010000,0,269,1598014,https://yanxuan.nosdn.127.net/32e25329caf417d98e8bf31538d444ad.png,中古徽章 工装衬衫,经典工装版式，复刻美式潮流,199,1797,,,
经典百搭 精致设计,1093008,男式衬衫,1010000,7,199,1618035,https://yanxuan.nosdn.127.net/ebadcc9927399ca10cb56f1d5859e111.png,男式磨毛牛津纺长袖衬衫,百搭经典，恒久陪伴,199,22239,,,质量上乘 很舒服 版型不错 尺寸合适 做工精良
经典百搭 精致设计,1093008,男式衬衫,1010000,4,219,1617047,https://yanxuan.nosdn.127.net/78baa36069f45907bc0d709ae9c7942e.png,男式磨毛拼接牛津纺衬衫,低调造型，也能让人过目不忘,219,14837,,,
经典百搭 精致设计,1093008,男式衬衫,1010000,2,219,1617046,https://yanxuan.nosdn.127.net/b57b02ad422a86bef7370ab7e3532527.jpg,男式磨毛印花牛津纺衬衫,高级印花设计，牛津纺的雅痞风格,197,3961,,,
经典百搭 精致设计,1093008,男式衬衫,1010000,0,329,1598004,https://yanxuan.nosdn.127.net/38587bb1d0fd2528f666699a84088c6e.png,男式夹绒休闲牛仔衬衣,"碳化纳米科技保暖，柔软有骨感
",329,2996,,,
自在潇洒穿着感,1093012,男式外套,1010000,0,2499,1634010,https://yanxuan.nosdn.127.net/7ffab630aea026f1caabc98abae41c50.png,男式真皮飞行员夹克,"甄选绵羊皮，探寻柔韧根源
 ",2499,0,,,
自在潇洒穿着感,1093012,男式外套,1010000,2,569,1358008,https://yanxuan.nosdn.127.net/532fd4f9b54213bdae71e4489b896779.png,MA-1棒球领飞行棉服夹克,从简至型，经典不过时,569,4,,,质量上乘 很舒服 衣服不错 漂亮精致 尺寸合适 手感好 性价比高 做工精良
自在潇洒穿着感,1093012,男式外套,1010000,0,649,1356010,https://yanxuan.nosdn.127.net/063be2a6ca111bc336b2d132c5d55ad7.png,男式毛领飞行棉服夹克,保暖有型，凸显高品质生活,649,22,,,质量上乘 很舒服 尺寸合适 衣服不错 尺寸大 性价比高 保暖性好 袖子长
自在潇洒穿着感,1093012,男式外套,1010000,0,399,1430000,https://yanxuan.nosdn.127.net/bdad8ae537e52803229a80577c0f3338.png,男式春夏牛仔外套,铁血柔情的弹力突破,399,465,85%棉 11%聚酯纤维 4%氨纶,,质量上乘 漂亮精致 很舒服 尺寸合适 性价比高 弹性不错 手感好 衣服不错
自在潇洒穿着感,1093012,男式外套,1010000,0,459,1577000,https://yanxuan.nosdn.127.net/ac5144957c308d95bc6ff0486e5af045.png,太极服套装（上衣+裤子）,仙云雾绕，承袭经典太极文化。,349,286,,,
自在潇洒穿着感,1093012,男式外套,1010000,0,399,1317000,https://yanxuan.nosdn.127.net/3b607cedea1248acbe44df1eb1ccae7b.png,男式复古水洗拉链卫衣,洗水的灵感，酷帅的季节来了,399,1086,,,质量上乘 漂亮精致 很舒服 做工精良
自在潇洒穿着感,1093012,男式外套,1010000,2,189,1592000,https://yanxuan.nosdn.127.net/df47fa7a5145ba8a072ac47e2491c79b.png,中古徽章 男式套头卫衣,经典毛圈布，穿出潮流态度,149,1522,,,
自在潇洒穿着感,1093012,男式外套,1010000,3,229,1649032,https://yanxuan.nosdn.127.net/e5ee9b586224a51da09cea464f845be7.png,男式假两件时尚连帽卫衣,心机假两件，街拍级时髦,185,2302,,,
自在潇洒穿着感,1093012,男式外套,1010000,2,269,1564021,https://yanxuan.nosdn.127.net/b4ce0a164a099fe1f082a488e33fcf11.png,男式字母拉链休闲卫衣,潮流字母印花，个性不羁率性到底,219,618,,,
自在潇洒穿着感,1093012,男式外套,1010000,0,199,1604006,https://yanxuan.nosdn.127.net/a69527da8b26e05dd2ce1a8e9e1965b5.png,男式仿针织牛仔套头衫,层次分明的特别织法，让体感松软饱满。,149,4454,,,
自在潇洒穿着感,1093012,男式外套,1010000,2,269,1592001,https://yanxuan.nosdn.127.net/7edfff891686d32a56a33ab43413c8db.png,中古徽章 男式连帽开衫,强大空气层，撑起一身气场,215,2659,,,
自在潇洒穿着感,1093012,男式外套,1010000,3,269,1580025,https://yanxuan.nosdn.127.net/f3c881618d77ac7b9f723144859b3527.png,男式潮流侧带装饰卫衣,撞色织带，让你在时髦的路上一骑绝尘,215,2453,,,
自在潇洒穿着感,1093012,男式外套,1010000,4,129,1654000,https://yanxuan.nosdn.127.net/a9e2bbcb0f20ee6f1864ab1ae161c5c7.png,男式基础休闲卫衣,简约百搭，让生活充满色彩的愉悦感,99,1903,,,质量上乘 性价比高 很舒服 颜色纯正
自在潇洒穿着感,1093012,男式外套,1010000,3,199,1579011,https://yanxuan.nosdn.127.net/9cfcf3b18d4eef53182b8be41b5f0423.png,男式冰山印花套头卫衣,质感空气层，细腻光泽升级,199,4535,,,
自在潇洒穿着感,1093012,男式外套,1010000,2,499,1555007,https://yanxuan.nosdn.127.net/9fc4fcd868c1564d9445253929eb095d.jpg,中古徽章 MA-1飞行员夹克,沿袭空军夹克的复古帅气,369,4658,,,
自在潇洒穿着感,1093012,男式外套,1010000,0,399,1598001,https://yanxuan.nosdn.127.net/961d274334f2cd33b81e539ffadf5ebd.png,重返校园 男式连帽牛仔外套,复古校园感，青春活力,399,1123,,,
自在潇洒穿着感,1093012,男式外套,1010000,2,599,1551026,https://yanxuan.nosdn.127.net/f073ec0ec669622e81980038168c06cd.png,男式防风工装外套,仿记忆面料，第一眼给你炫酷光感。,479,1883,,,
自在潇洒穿着感,1093012,男式外套,1010000,3,199,1634004,https://yanxuan.nosdn.127.net/d191a1a4cb21612405f349e352cb1a5d.png,男式立体印花圆领卫衣,于简约格调中，立体印象脱颖而出,199,2406,,,
自在潇洒穿着感,1093012,男式外套,1010000,0,329,1600009,https://yanxuan.nosdn.127.net/2eb65b1d65832a4d22cf25fa61b5b007.png,男式基础百搭夹克,空气褶皱感，轻盈上身简约自在,265,2454,,,
自在潇洒穿着感,1093012,男式外套,1010000,2,269,1633006,https://yanxuan.nosdn.127.net/a534f9265ea9cb12a709041675852cef.png,男式复古徽章圆领卫衣,以个性刺绣，诠释复古风潮,269,1639,,,
自在潇洒穿着感,1093012,男式外套,1010000,3,199,1633009,https://yanxuan.nosdn.127.net/a8f28c2f9ee6b8a3b18486bd811fb055.png,男式字母刺绣圆领卫衣,刺绣标识，将新潮前卫定格街头,199,3410,,,
自在潇洒穿着感,1093012,男式外套,1010000,3,269,1599018,https://yanxuan.nosdn.127.net/65f09bbbf4bc98357157ebb4c7c84e89.png,男式拉链连帽开衫,回归本心，打破时间界限的经典百搭,269,3344,,,
自在潇洒穿着感,1093012,男式外套,1010000,0,499,1599012,https://yanxuan.nosdn.127.net/cea0a3c902b05aaefe898db8a9ebc330.png,男式军装风夹克,硬朗军装外表下，更重体感的柔情,499,474,,,
自在潇洒穿着感,1093012,男式外套,1010000,0,299,1667034,https://yanxuan.nosdn.127.net/3f1843e3fd0a1f91d36038492c37239b.png,男式针织棒球外套,无惧潮流冲击，经典时尚经久不衰,299,930,,,
自在潇洒穿着感,1093012,男式外套,1010000,0,1299,1618038,https://yanxuan.nosdn.127.net/d2c817f9947672db6441030ab81fed13.png,男式经典真皮夹克衫,柔韧的头层羊皮，硬朗的廓型,1299,958,,,
内搭T恤，贴身自在,109214000,男式T恤,1010000,3,89,1597003,https://yanxuan.nosdn.127.net/0dd34f372652f2f38b4e385b351b9f98.png,宇宙沙盘 精梳棉T恤衫,把假日心情穿上身,89,772,,,质量上乘 很舒服 性价比高 尺寸合适 面料好 漂亮精致 宝贝不错 做工精良
内搭T恤，贴身自在,109214000,男式T恤,1010000,5,129,1576005,https://yanxuan.nosdn.127.net/8f8b3ffa26c60390a337dd34d83eb7cd.png,男式水柔棉经典POLO衫,法式经典，衣橱里不能少的收藏,69,450,,,质量上乘 很舒服 性价比高 尺寸合适 手感好 漂亮精致 做工精良 面料好
内搭T恤，贴身自在,109214000,男式T恤,1010000,2,109,1560000,https://yanxuan.nosdn.127.net/46c4ca6b93b51e97dab8ae6308b270b9.png,男式几何字母印花T恤,干净清爽，盐系男孩的设计感,59,228,,,质量上乘 很舒服 性价比高 面料好 漂亮精致 手感好 尺寸合适 做工精良
内搭T恤，贴身自在,109214000,男式T恤,1010000,2,109,1559003,https://yanxuan.nosdn.127.net/9c9a8c33364c7fc9a5716e9eeb3edbee.png,男式厚板印花T恤,厚板印花，立体的雅致感,39,886,,,质量上乘 性价比高 很舒服 尺寸合适 面料好 漂亮精致 手感好 宝贝不错
内搭T恤，贴身自在,109214000,男式T恤,1010000,2,169,1559002,https://yanxuan.nosdn.127.net/1ba6d5102d123d36aabec66ab9c9ca13.png,男式字母胶印T恤,不会过时的低调设计感,67.6,2016,,,质量上乘 性价比高 很舒服 漂亮精致 尺寸合适 衣服不错 面料好 质感好
内搭T恤，贴身自在,109214000,男式T恤,1010000,0,109,1559000,https://yanxuan.nosdn.127.net/321fd2c6c354f04f3d0374f550af252e.png,男式荧光字母印花T恤,荧光元素，亮眼的出街印象,43.6,466,,,质量上乘 很舒服 性价比高 漂亮精致 尺寸合适 面料好 款式不错 手感好
内搭T恤，贴身自在,109214000,男式T恤,1010000,5,69,1197000,https://yanxuan.nosdn.127.net/4311cacd2c0661d3b221544b4da778e1.png,阴阳师主题短袖T恤,国产和风 匠心巨制,69,369,,,质量上乘 漂亮精致 很舒服 性价比高 面料好 衣服不错 尺寸合适 尺寸大
内搭T恤，贴身自在,109214000,男式T恤,1010000,3,129,1135092,https://yanxuan.nosdn.127.net/06427045b12d5eccd55666aacf04fe79.png,男式丝光棉轻商务口袋T恤,沉稳也日常的口袋心思,49,1,,,质量上乘 很舒服 性价比高 手感好 漂亮精致 尺寸合适 面料好 衣服不错
内搭T恤，贴身自在,109214000,男式T恤,1010000,3,139,1131012,https://yanxuan.nosdn.127.net/28ea2c80a5269369b2357fdbc25659d2.png,男式丝光棉长袖T恤,新疆长绒棉的丝光精工,49,797,,,质量上乘 很舒服 性价比高 材质薄 手感好 尺寸合适 面料好 质感好
内搭T恤，贴身自在,109214000,男式T恤,1010000,4,199,1129000,https://yanxuan.nosdn.127.net/7da5d75e43969073ab975fa04f7b45aa.png,男式120支丝光莫代尔T恤,德国机织，丝光工艺,69,4212,,,很舒服 质量上乘 性价比高 手感好 质感好 衣服不错 面料好 尺寸合适
内搭T恤，贴身自在,109214000,男式T恤,1010000,4,49,1128005,https://yanxuan.nosdn.127.net/b8ca624a37e98ac71287ade0a3c2e9fe.png,男式基础色织纯棉圆领T恤,毛羽夹花，错落层次,49,6508,,,质量上乘 很舒服 性价比高 手感好 尺寸合适 面料好 衣服不错 漂亮精致
内搭T恤，贴身自在,109214000,男式T恤,1010000,5,79,1130021,https://yanxuan.nosdn.127.net/ca4db1ce0944a122dcde97833effcf5e.png,男式纯棉收口圆领T恤,色纺精梳棉，花纱立体,42,872,,,质量上乘 很舒服 性价比高 尺寸合适 手感好 面料好 漂亮精致 衣服不错
内搭T恤，贴身自在,109214000,男式T恤,1010000,3,159,1127045,https://yanxuan.nosdn.127.net/52838b9bdd352afff2bc12531f3ecdc7.png,男式双面宽条纹T恤,花式对筒的双面考究,49,1066,,,质量上乘 很舒服 性价比高 漂亮精致 衣服不错 手感好 尺寸合适 面料好
内搭T恤，贴身自在,109214000,男式T恤,1010000,0,129,1579008,https://yanxuan.nosdn.127.net/a60fe5a6ffece1611a9f0a98cfa9b2a6.png,男式冰山印花长袖T恤衫,冰山印象，理性而有力量,71,524,100%棉,,
四季长青款，时尚牛仔风,1068003,牛仔裤,1010000,2,99,1269012,https://yanxuan.nosdn.127.net/c95312d1e055d6ddb5d144932b5bd6e1.png,女式超弹力修身塑形牛仔裤,妥帖弹力无往不去，陪你瘦走天涯,99,383,,,质量上乘 很舒服 弹性不错 性价比高 显瘦 尺寸合适 很好穿 版型不错
四季长青款，时尚牛仔风,1068003,牛仔裤,1010000,0,229,1235021,https://yanxuan.nosdn.127.net/cc1f470014c97f48cbc7b34c7ec256ed.png,女式潮流男友版型牛仔裤,时髦的中性潮流，教你帅过男友,229,523,,,很舒服 漂亮精致 质量上乘 尺寸合适 版型不错 性价比高 款式不错 显瘦
四季长青款，时尚牛仔风,1068003,牛仔裤,1010000,0,169,1155004,https://yanxuan.nosdn.127.net/cb40d905bef8fac94b9c86f3c86a3788.png,男式棉麻合体直筒牛仔短裤,合身剪裁的棉麻雅痞范,169,105,,,很舒服 质量上乘 尺寸合适 性价比高 穿着合身 手感好 材质薄 漂亮精致
四季长青款，时尚牛仔风,1068003,牛仔裤,1010000,2,199,1460023,https://yanxuan.nosdn.127.net/1435db99bbd54169c41075e18442ceae.png,男式休闲牛仔短裤,让你探索弹力的自由度,199,3631,,,很舒服 质量上乘 性价比高 面料轻柔 尺寸合适 漂亮精致 柔软 弹性不错
四季长青款，时尚牛仔风,1068003,牛仔裤,1010000,2,249,1155001,https://yanxuan.nosdn.127.net/374d394d078a921ccf93999c8dcb620a.png,男式弹力仿针织修身牛仔裤,活力吸汗裤面，更清爽,249,1986,,,很舒服 质量上乘 面料轻柔 柔软 尺寸合适 性价比高 手感好 尺寸大
四季长青款，时尚牛仔风,1068003,牛仔裤,1010000,0,299,1598017,https://yanxuan.nosdn.127.net/908dc81f92f2a3144504ae7d9dc79375.png,男式超弹力仿针织牛仔裤,专利四面弹，革新身体舒适度,239,11211,,,
四季长青款，时尚牛仔风,1068003,牛仔裤,1010000,0,359,1270015,https://yanxuan.nosdn.127.net/c274ef0cdab27ab2591e3472e3bc7756.png,男式舒适弹力牛仔裤,惊艳的上身弹力，自由伸展做舒适的领跑者,149,4111,,,很舒服 质量上乘 材质薄 尺寸合适 柔软 性价比高 面料轻柔 手感好
四季长青款，时尚牛仔风,1068003,牛仔裤,1010000,0,229,1235020,https://yanxuan.nosdn.127.net/5ec20cdc3a46e0cb798af8c58e250e62.png,男式潮流修身直筒牛仔裤,甄选家的推荐 不挑人的潮流款,229,2664,,,质量上乘 很舒服 性价比高 尺寸合适 漂亮精致 裤子不错 弹性不错 面料轻柔
四季长青款，时尚牛仔风,1068003,牛仔裤,1010000,0,249,1279000,https://yanxuan.nosdn.127.net/5b86ecaa888acebb75c90f513c7b8a4d.png,女式火山岩冬季保暖牛仔裤,高腰高挑高热量，火山岩热度不褪,249,1862,,,质量上乘 很舒服 保暖性好 尺寸合适 性价比高 很厚实 显瘦 漂亮精致
四季长青款，时尚牛仔风,1068003,牛仔裤,1010000,0,249,1275014,https://yanxuan.nosdn.127.net/a9e3b53f801a0155c78fab7263e97289.png,男式火山岩冬季保暖牛仔裤,快热纤维暖入纱织，给你高强的储热惊喜,99.6,3501,,,质量上乘 很舒服 性价比高 尺寸合适 保暖性好 裤子不错 很厚实 版型不错
四季长青款，时尚牛仔风,1068003,牛仔裤,1010000,0,299,1512008,https://yanxuan.nosdn.127.net/26f727db799df6813ab50fbebb11e72f.png,女式优雅阔腿牛仔裤,强烈对撞感设计，阔腿裤让你足下生风,299,33,,,漂亮精致 很舒服 质量上乘 尺寸合适 面料轻柔 穿着合身 版型不错
四季长青款，时尚牛仔风,1068003,牛仔裤,1010000,2,199,1233006,https://yanxuan.nosdn.127.net/c582ee7855a56c9658c7c45ce9c4b721.png,女式基础修身直脚牛仔裤,秋冬包身款，提拉显瘦,199,5713,,,质量上乘 很舒服 性价比高 尺寸合适 漂亮精致 弹性不错 版型不错 显瘦
四季长青款，时尚牛仔风,1068003,牛仔裤,1010000,0,299,1587038,https://yanxuan.nosdn.127.net/d259a9677b6a0fd4eef5f0f601780f83.png,满天星辰 女式修身牛仔裤,大热星辰，浪漫出行,239,1111,,,
四季长青款，时尚牛仔风,1068003,牛仔裤,1010000,3,189,1155003,https://yanxuan.nosdn.127.net/bded2ba2691c37c67532d6bcb7479452.png,女式天丝棉弹小脚牛仔裤,仅售供应商建议价的1/6,88,26,,,很舒服 质量上乘 弹性不错 性价比高 尺寸合适 面料轻柔 柔软 漂亮精致
四季长青款，时尚牛仔风,1068003,牛仔裤,1010000,0,229,1460022,https://yanxuan.nosdn.127.net/cead513b68d1587158a2647c08a02e63.png,女式超弹高腰牛仔裤,享受弹力的同时，分分钟拥有惊艳长腿,185,12248,,,很舒服 弹性不错 质量上乘 显瘦 漂亮精致 尺寸合适 性价比高 裤子不错
四季长青款，时尚牛仔风,1068003,牛仔裤,1010000,0,199,1442003,https://yanxuan.nosdn.127.net/be0bef52d6f12ab8774eea219dbb08b0.png,女式蜜桃臀修身天丝牛仔裤,蜜桃臀的效果，让你健康活力upupup,199,13694,,,很舒服 质量上乘 弹性不错 尺寸合适 显瘦 性价比高 面料轻柔 漂亮精致
四季长青款，时尚牛仔风,1068003,牛仔裤,1010000,0,229,1438012,https://yanxuan.nosdn.127.net/5a4ae29389f5447f259a48e494da3d92.png,男式无侧骨舒适天丝牛仔裤,一条牛仔裤的灵魂是超柔的上身感,229,14907,,,很舒服 质量上乘 弹性不错 性价比高 尺寸合适 柔软 面料轻柔 穿着不错
四季长青款，时尚牛仔风,1068003,牛仔裤,1010000,0,269,1450005,https://yanxuan.nosdn.127.net/66bb680b4915107067a2c19aeccdb2bf.png,女式都市轻生活弹力牛仔裤,让双腿放纵愉悦的新玩法,269,2103,,,很舒服 弹性不错 质量上乘 尺寸合适 漂亮精致 很好穿 版型不错 性价比高
四季长青款，时尚牛仔风,1068003,牛仔裤,1010000,0,299,1450004,https://yanxuan.nosdn.127.net/db37c99f8a033a7e517b34d9ee098aad.png,男式都市轻生活弹力牛仔裤,自如转换多场景，让双腿保持昂扬活力,299,2286,,,很舒服 质量上乘 弹性不错 尺寸合适 版型不错 漂亮精致 款式不错 裤子不错
四季长青款，时尚牛仔风,1068003,牛仔裤,1010000,0,229,1580020,https://yanxuan.nosdn.127.net/66c55586c3142858f333111f32827467.png,女式休闲boyfriend牛仔裤,率性破洞，不羁时髦理念,229,1039,,,
四季长青款，时尚牛仔风,1068003,牛仔裤,1010000,2,139,1233003,https://yanxuan.nosdn.127.net/af076f5e41d806d6f27e1c399721ea1e.png,男式基础合体窄脚牛仔裤,低腰收脚口，时髦始终如一,139,19497,,,质量上乘 很舒服 性价比高 尺寸合适 弹性不错 裤子不错 穿着合身 尺寸大
四季长青款，时尚牛仔风,1068003,牛仔裤,1010000,3,229,1435022,https://yanxuan.nosdn.127.net/274a3b60dc2a5360a89e3b28a82cda32.png,男式弹力基础牛仔裤,像是皮肤随你而动，自由弹力做灵魂的跟随者,229,20524,,,很舒服 质量上乘 弹性不错 性价比高 尺寸合适 版型不错 裤子不错 漂亮精致
四季长青款，时尚牛仔风,1068003,牛仔裤,1010000,0,269,1597006,https://yanxuan.nosdn.127.net/773cffed0ebb485c99352461e4c6472c.png,重返校园 女式侧边条纹牛仔裤,视觉冲浪的侧边对撞，让腿型更好看,269,2317,,,
四季长青款，时尚牛仔风,1068003,牛仔裤,1010000,0,249,1597007,https://yanxuan.nosdn.127.net/d8019110005a63471dbcfa86bf29e858.png,女式微喇弹力牛仔裤,优雅毛须，行走也要精致万分,249,907,,,
四季长青款，时尚牛仔风,1068003,牛仔裤,1010000,0,299,1562004,https://yanxuan.nosdn.127.net/792dddb3ac720fbdc433b14485a56ed2.png,男式经典红边布商务牛仔裤,古典红边布，商务优雅的礼仪,299,2738,,,
四季长青款，时尚牛仔风,1068003,牛仔裤,1010000,0,249,1580019,https://yanxuan.nosdn.127.net/2562b3116196072cdf558c817e1b795d.png,男式休闲宽松牛仔裤,自由穿着感让人心满意足,249,4273,,,
四季长青款，时尚牛仔风,1068003,牛仔裤,1010000,0,229,1629001,https://yanxuan.nosdn.127.net/bbfa3d6a335ea7a3d9d7d0c53f929abd.png,女式修身百搭小黑牛仔裤,"创新弹性能力，自在做百搭款
",229,9218,,,
四季长青款，时尚牛仔风,1068003,牛仔裤,1010000,0,149,1519003,https://yanxuan.nosdn.127.net/223b50ddaa62032b7346a9c32c2833aa.png,女式牛仔基础打底裤,优质棉感打底，跟随身体让你灵动自由,149,7583,,,
四季长青款，时尚牛仔风,1068003,牛仔裤,1010000,0,269,1624010,https://yanxuan.nosdn.127.net/7658789063eb8731554c963aeea53595.png,男式天鹅绒保暖牛仔裤,"柔软中包裹充盈的热量，抗冬无惧
",269,29918,,,
四季长青款，时尚牛仔风,1068003,牛仔裤,1010000,0,269,1623012,https://yanxuan.nosdn.127.net/aa149fb7dffe6f4b4bafe2793b303e51.png,女式天鹅绒保暖牛仔裤,"内里厚实天鹅绒，暖意更浓
",269,35888,,,
四季长青款，时尚牛仔风,1068003,牛仔裤,1010000,0,229,1627002,https://yanxuan.nosdn.127.net/b10164eb6e30ba61a43361dd5452d339.png,女式弹力基础牛仔裤,灵动的四面弹力，全方位呵护体感,229,11889,,,
舒适百搭，时尚选择,1035000,风衣毛呢,1010000,2,1899,1561013,https://yanxuan.nosdn.127.net/36e9777ae0002fbb85368a5d7f24d714.png,女式超长毛呢大衣,羊毛羊绒混纺的高级呢大衣，气场立现,1899,2975,,,
舒适百搭，时尚选择,1035000,风衣毛呢,1010000,3,1399,1561012,https://yanxuan.nosdn.127.net/9547b9a9c27da3e9b100c1e2cfd1ee36.png,女式经典连帽毛呢大衣,温和的羊毛与羊绒混纺，给你更舒适的体感,1399,2944,,,
舒适百搭，时尚选择,1035000,风衣毛呢,1010000,2,999,1565051,https://yanxuan.nosdn.127.net/94bf35e139040d9787ea35b2a9fa2526.png,100%羊毛 女式短款双色毛呢大衣,异色双面呢，雅致又新巧,999,1922,,,
舒适百搭，时尚选择,1035000,风衣毛呢,1010000,0,1299,1569006,https://yanxuan.nosdn.127.net/c19bae7a5e1ed0ac66f73144843454e1.png,100%羊毛 女式格纹双面毛呢大衣,有型的街头感，高频穿搭的时尚利器,1299,1850,,,
舒适百搭，时尚选择,1035000,风衣毛呢,1010000,2,1299,1551023,https://yanxuan.nosdn.127.net/fc02a38d31bb0c0a19cfa64b91a3ca2f.png,100%羊毛 男式简约毛呢大衣,投资置物，衣橱也绝不马虎,1299,7910,,,
舒适百搭，时尚选择,1035000,风衣毛呢,1010000,2,1299,1551074,https://yanxuan.nosdn.127.net/d81cc0888e79436cb33b9cda5d2d70bb.png,100%羊毛 男式双色毛呢大衣,双色双面呢，全羊毛感的细腻非常,1299,1990,100%羊毛,,
舒适百搭，时尚选择,1035000,风衣毛呢,1010000,0,1699,3402040,https://yanxuan.nosdn.127.net/a51a87bfe4651e85832df19c9c2ec9a8.png,宇宙沙盘 女式条格拼接双面毛呢大衣,"全羊毛感，黄格纹凸显时髦感
",1699,98,,,
舒适百搭，时尚选择,1035000,风衣毛呢,1010000,3,1299,1615014,https://yanxuan.nosdn.127.net/3af5317372068df496871d7162cf17dc.png,女式经典中长毛呢大衣,羊毛与羊绒混纺的呢大衣，身价不凡,1299,2962,,,
舒适百搭，时尚选择,1035000,风衣毛呢,1010000,2,1599,1551022,https://yanxuan.nosdn.127.net/946e6103245ad846a7032b0966b5e262.png,男式经典毛呢大衣,双色呢面的明媚匹配，在人海中一眼出挑的符号。,1599,2639,,,
舒适百搭，时尚选择,1035000,风衣毛呢,1010000,0,1299,1564043,https://yanxuan.nosdn.127.net/c7f5c366acfbf460c904d3aebc0a875b.png,女式经典收腰毛呢大衣,匹配身体的柔软双面呢，典雅气质款,1299,1464,,,
舒适百搭，时尚选择,1035000,风衣毛呢,1010000,0,899,1597014,https://yanxuan.nosdn.127.net/1926e42e264258ee796e79b46bc307b5.png,女式经典风衣,现代裁剪风格，原汁原味的优雅感,899,2321,,,
舒适百搭，时尚选择,1035000,风衣毛呢,1010000,2,899,1468028,https://yanxuan.nosdn.127.net/e2a40f6afce723fad26464fad99a99d6.png,男式经典风衣,重温经典的绅士镜头,899,1187,100%棉,,
舒适百搭，时尚选择,1035000,风衣毛呢,1010000,2,999,1621011,https://yanxuan.nosdn.127.net/034f5185768725d69e2660f736d81cb8.png,100%羊毛 男式格纹毛呢大衣,经典格纹，百看不厌,999,1887,,,
穿出时尚感，轻盈温暖一冬天,1020009,羽绒,1010000,3,1299,1566001,https://yanxuan.nosdn.127.net/29071187236261a86f240268f96fb943.png,地表强温 男式鹅绒羽绒服,洁净如白雪的鹅绒，天生给你温暖的满足感。,1299,0,"面料：	聚酯纤维100%	
里料A：	聚酯纤维100%	
里料B：	聚酯纤维100%	
填充物：	白鹅绒	含绒量90%

充绒量：M：200g L:212g XL:224g XXL:236g",,
穿出时尚感，轻盈温暖一冬天,1020009,羽绒,1010000,3,1299,1566003,https://yanxuan.nosdn.127.net/5e92070ba020ef0b3756f31aeb9b85d6.png,地表强温 女式鹅绒羽绒服,充分锁绒保暖，升级温暖抗冬无惧,1299,0,,,
穿出时尚感，轻盈温暖一冬天,1020009,羽绒,1010000,3,299,1251047,https://yanxuan.nosdn.127.net/9aa2cc7c8d02537df996169644317bc4.png,男式超轻便携羽绒服,贴身的温热，轻便出行,299,1141,,,质量上乘 材质薄 性价比高 很舒服 保暖性好 尺寸合适 重量轻 轻便
穿出时尚感，轻盈温暖一冬天,1020009,羽绒,1010000,2,599,1275005,https://yanxuan.nosdn.127.net/1418242ee5f192a4d55300e83618ab31.png,男式迷彩短款厚羽绒,虎斑迷彩，温暖厚实的暖意佼佼者,299.5,2041,,,质量上乘 保暖性好 漂亮精致 性价比高 很厚实 衣服不错 很舒服 尺寸合适
穿出时尚感，轻盈温暖一冬天,1020009,羽绒,1010000,3,219,1251048,https://yanxuan.nosdn.127.net/b930c0f93257ad6825c60e7cac936452.png,女式超轻便携羽绒背心,暖心上身，热度不褪却,219,10857,,,质量上乘 很舒服 材质薄 保暖性好 颜色好看 性价比高 漂亮精致 尺寸合适
穿出时尚感，轻盈温暖一冬天,1020009,羽绒,1010000,3,299,1252048,https://yanxuan.nosdn.127.net/81922c7035ea2923cc09f4ea8ba9083a.png,女式超轻便携羽绒服,秋冬脱不掉的温暖随行,299,11335,,,质量上乘 很舒服 材质薄 性价比高 颜色好看 保暖性好 漂亮精致 尺寸合适
穿出时尚感，轻盈温暖一冬天,1020009,羽绒,1010000,2,219,1252049,https://yanxuan.nosdn.127.net/97a3f78494395f3e3132b63b05b2f5a1.png,男式超轻便携羽绒背心,我们来一场轻装旅行,219,3827,,,质量上乘 材质薄 很舒服 性价比高 保暖性好 轻便 尺寸合适 尺寸大
穿出时尚感，轻盈温暖一冬天,1020009,羽绒,1010000,2,569,1277002,https://yanxuan.nosdn.127.net/ec48d41bdf762cc36757c0157bed9ad5.png,女式中长羽绒服,完全不挑人的中长款，穿上就是街拍新宠,284.5,3848,,,质量上乘 性价比高 尺寸合适 保暖性好 漂亮精致 很舒服 材质薄 做工精良
穿出时尚感，轻盈温暖一冬天,1020009,羽绒,1010000,3,499,1561008,https://yanxuan.nosdn.127.net/809529bab6e5662707353969480d048c.png,女式双色修身长款羽绒服,丰富双色效果，轻松搭配时尚感,499,4760,,,
穿出时尚感，轻盈温暖一冬天,1020009,羽绒,1010000,2,899,1556005,https://yanxuan.nosdn.127.net/263806e64c5cd627b81b687cffc645a5.png,男式中长无缝羽绒服,面料性能的佼佼者，常保温暖姿态,899,6765,,,
穿出时尚感，轻盈温暖一冬天,1020009,羽绒,1010000,3,239,1569003,https://yanxuan.nosdn.127.net/b61162278c212cf947c9ad80e77b1162.png,女式内搭羽绒背心,一款专注做内搭的羽绒背心,239,3777,,,
穿出时尚感，轻盈温暖一冬天,1020009,羽绒,1010000,3,239,1569002,https://yanxuan.nosdn.127.net/0be7eb4b57eb9c2836971a9b2bab9a91.png,男式内搭羽绒马夹,精选白鸭绒，穿在里面的温暖感,239,7790,"面料：100%锦纶
填充物：90%白鸭绒（含绒量90%）
充绒量：M:28g L:32g XL:36g XXL :40g",,
穿出时尚感，轻盈温暖一冬天,1020009,羽绒,1010000,3,259,1550016,https://yanxuan.nosdn.127.net/771db6f7818f4853a0d52bd627438ad8.png,女式轻薄羽绒背心,仿佛是羽毛披身的轻薄加身体验,259,11779,,,
穿出时尚感，轻盈温暖一冬天,1020009,羽绒,1010000,3,259,1550015,https://yanxuan.nosdn.127.net/5c64b47f681e347ee1d659daa0ec678b.png,男式轻薄羽绒背心,四向弹力面料，舒适自在贴身感强,259,15637,"面料：65%锦纶35%聚酯纤维
里料：100%聚酯纤维
填充物：	白鸭绒 含绒量90%
充绒量：	M：50g L: 55g XL: 60g XXL: 65g",,
穿出时尚感，轻盈温暖一冬天,1020009,羽绒,1010000,5,399,1551018,https://yanxuan.nosdn.127.net/342b46f8095c06d032408001e8302e53.png,女式轻薄无缝羽绒服,全身无缝防钻绒，温暖自始至终,359,19617,,,
穿出时尚感，轻盈温暖一冬天,1020009,羽绒,1010000,4,399,1550014,https://yanxuan.nosdn.127.net/444ef2f2557a304b98597510018719a8.png,男式轻薄无缝羽绒服,一体无缝设计，大气温暖防钻绒,359,18424,"成分：	面料：90%聚酯纤维，10%氨纶
填充物：	白鸭绒 含绒量90%
充绒量：	M：60g L: 66g XL: 72g XXL: 78g",,
穿出时尚感，轻盈温暖一冬天,1020009,羽绒,1010000,0,599,1563003,https://yanxuan.nosdn.127.net/a7b042bb57c483d32ec61348a099fb09.png,男式商务羽绒服,干练线条的塑形师，在各种场合都要保持考究感。,599,1750,,,
穿出时尚感，轻盈温暖一冬天,1020009,羽绒,1010000,3,799,1556015,https://yanxuan.nosdn.127.net/bdf70d5b336f86dbc2a6efb02fa2c6e7.png,女式超轻连帽长款羽绒服,羽绒四层结构做法，锁住核心的温暖感,799,4767,,,
穿出时尚感，轻盈温暖一冬天,1020009,羽绒,1010000,0,699,1666072,https://yanxuan.nosdn.127.net/0af6fd3325f804c34863f01ce7990fc0.png,女式连帽收腰中长羽绒服,低调的颜色，丰富的层次，打破寒冬的束缚,699,986,,,
穿出时尚感，轻盈温暖一冬天,1020009,羽绒,1010000,3,599,1561007,https://yanxuan.nosdn.127.net/6bd6a5a693687f0ce36cfa76fb41facc.jpg,女式大廓形百搭羽绒服,包容大廓型，给身体慵懒体验,599,4892,,,
穿出时尚感，轻盈温暖一冬天,1020009,羽绒,1010000,0,599,1569004,https://yanxuan.nosdn.127.net/73c002c3c55c86f498f20b30b2b061c8.png,女式银色面包羽绒服,亮银镜色面包服，给可爱一个大拥抱,599,996,,,
穿出时尚感，轻盈温暖一冬天,1020009,羽绒,1010000,0,1299,1563002,https://yanxuan.nosdn.127.net/7e5f41add5da6f91a5a26cc8ddfd7c96.png,地表强温 男式鹅绒迷彩羽绒服,极地的迷彩感，强势锁温暖,1299,968,"面料：	聚酯纤维100%	
大身里料：	聚酯纤维100%
连帽里料：	聚酯纤维100%	
填充物：	90%白鹅绒10%羽毛	
充绒量：M:248g L:258g XL:268g XXL:278g",,
穿出时尚感，轻盈温暖一冬天,1020009,羽绒,1010000,0,1299,1566002,https://yanxuan.nosdn.127.net/0cbed3b255c0d233d6aade8072a1aef9.png,地表强温 女式鹅绒迷彩羽绒服,浪漫迷彩，有你向往的温暖感,1299,613,,,
细腻软糯，贴肤的品质之选,1035001,毛衫,1010000,5,669,1586039,https://yanxuan.nosdn.127.net/0fae4650ddf5b5c6ef647b15f3a4fd6f.jpg,100%baby羊绒 女式圆领小山羊绒衫,经典百搭，亲近温暖，拥抱温柔与纯粹,669,0,,,
细腻软糯，贴肤的品质之选,1035001,毛衫,1010000,5,699,1579033,https://yanxuan.nosdn.127.net/dcc7a17d1a0164ef13b074cee9dff98d.jpg,100%baby羊绒 女式V领小山羊绒衫,性感显瘦，简洁坦率，自信展露天鹅颈,699,0,,,
细腻软糯，贴肤的品质之选,1035001,毛衫,1010000,4,699,1586040,https://yanxuan.nosdn.127.net/7af0f7db2ccda90e0f78dcd66743fe54.png,100%baby羊绒 女式高领小山羊绒衫,经典百搭，亲近温暖，拥抱温柔与纯粹,699,0,,,
细腻软糯，贴肤的品质之选,1035001,毛衫,1010000,0,299,1481001,https://yanxuan.nosdn.127.net/511106bca6283eacab55de682e8b86e7.png,男式迷彩套头针织衫,近距离体验灰色系的儒雅风流,149,15,,,
细腻软糯，贴肤的品质之选,1035001,毛衫,1010000,0,269,1270010,https://yanxuan.nosdn.127.net/776568db56dcb3c7baebd322752d239d.png,秋月鎏光 女式满天星羊毛套头衫,满天星，一见倾心久见不厌,129,103,,,漂亮精致 质量上乘 很舒服 手感好 性价比高 领口大 款式不错 显瘦
细腻软糯，贴肤的品质之选,1035001,毛衫,1010000,2,299,1270017,https://yanxuan.nosdn.127.net/1f4d17a6b5104115f651289f0591b72d.png,男式羊毛基础开衫,感受美利奴羊毛触感，工匠级版型,164,7940,,,质量上乘 很舒服 手感好 性价比高 漂亮精致 尺寸合适 材质薄 款式不错
细腻软糯，贴肤的品质之选,1035001,毛衫,1010000,2,329,1270023,https://yanxuan.nosdn.127.net/bfca24cafecc0a4cd902fb040a99f4ed.png,100%羊毛 男式经典美利奴V领羊毛衫,澳洲美利奴羊毛，细腻温暖伴你过一整个冬天,149,2475,,,质量上乘 材质薄 很舒服 性价比高 手感好 尺寸合适 漂亮精致 衣服不错
细腻软糯，贴肤的品质之选,1035001,毛衫,1010000,3,499,1251021,https://yanxuan.nosdn.127.net/907499df276ff1c9468500bfa24ae6a6.png,女士美利奴澳毛优雅百搭双V领套头毛衫,澳洲珍稀面料“软黄金” 给你柔软温暖的冬天,239,9149,,,漂亮精致 质量上乘 很舒服 款式不错 颜色好看 手感好 尺寸合适 保暖性好
细腻软糯，贴肤的品质之选,1035001,毛衫,1010000,2,179,1251024,https://yanxuan.nosdn.127.net/caf16aced281d24431bf6b879e1f1184.png,女士长款开衫,量体裁衣般的合适体感,179,5309,,,质量上乘 漂亮精致 性价比高 很舒服 手感好 尺寸合适 款式不错 衣服不错
细腻软糯，贴肤的品质之选,1035001,毛衫,1010000,2,219,1314015,https://yanxuan.nosdn.127.net/0b2d605803c7d00c2b4351d1259ba94c.png,男式美国Supima棉V领针织开衫,穿着时尚，体验舒适,99,601,,,质量上乘 很舒服 性价比高 漂亮精致 款式不错 尺寸合适 手感好 衣服不错
细腻软糯，贴肤的品质之选,1035001,毛衫,1010000,2,389,1564024,https://yanxuan.nosdn.127.net/78d428a337b024d33a7c95304e2d6f78.png,100%羊毛 男式肌理图案羊毛衫,100%澳洲进口纤细美利奴羊毛，搭配精致肌理绣,289,1980,,,
细腻软糯，贴肤的品质之选,1035001,毛衫,1010000,0,349,1564023,https://yanxuan.nosdn.127.net/82c1adc2ec14c5aeb9be7dbb1b6267ff.png,100%羊毛 男式字母圆领羊毛衫,100%澳洲进口美利奴羊毛，艺术感的胸前刺绣，大牌感挡不住,279,819,,,
细腻软糯，贴肤的品质之选,1035001,毛衫,1010000,2,349,1554039,https://yanxuan.nosdn.127.net/861046b2835bf9469fa97d66c7d2d8fc.png,男式人字纹肌理针织衫,雅致的人字纹提花，复古的儒雅感如生俱来,349,2022,,,
细腻软糯，贴肤的品质之选,1035001,毛衫,1010000,0,439,1582000,https://yanxuan.nosdn.127.net/64766323a9133e0010bf1828bc905705.png,男式撞色条纹针织毛衫,纤细美利奴羊毛，呈现品质上身感,439,1966,,,
细腻软糯，贴肤的品质之选,1035001,毛衫,1010000,4,329,1562006,https://yanxuan.nosdn.127.net/9ac99eff15c7ba1eab2430bc0e12a997.png,100%羊毛 男式V领可机洗羊毛衫,100%可机洗羊毛，优质澳洲羊毛，精简商务特色,279,19732,,,
细腻软糯，贴肤的品质之选,1035001,毛衫,1010000,5,249,1609009,https://yanxuan.nosdn.127.net/2cfbb4e127f662cb31cfdcb6cda19329.png,100%羊毛 女式圆领可机洗羊毛衫,100%可机洗羊毛，优雅的美利奴羊毛，格外用心的考究体感,209,10293,,,
细腻软糯，贴肤的品质之选,1035001,毛衫,1010000,2,269,1618017,https://yanxuan.nosdn.127.net/c5f76cf05eafef2e58ce8c452b56856a.jpg,100%羊毛 女式撞色领羊毛开衫,100%澳洲进口美利奴羊毛，精致花标考究又大方,215,2113,,,
细腻软糯，贴肤的品质之选,1035001,毛衫,1010000,2,249,1617021,https://yanxuan.nosdn.127.net/742a434a48b54bbfe1fbf3307b64e542.png,100%羊毛 女式撞色V领羊毛衫,100%澳洲进口美利奴羊毛，体感温柔细腻,199,2174,,,
细腻软糯，贴肤的品质之选,1035001,毛衫,1010000,6,399,1542019,https://yanxuan.nosdn.127.net/d0ce2f93bc25a36bb18f0798169250c1.png,100%羊毛 女式全成型超细高领羊毛衫,100%德国扬子羊毛，非凡触感，体验德国双股扬子纱,319,7904,,,
细腻软糯，贴肤的品质之选,1035001,毛衫,1010000,5,249,1609008,https://yanxuan.nosdn.127.net/3309bd39a9770998d7918ada5b0a3dbb.png,100%羊毛 女式半高领可机洗羊毛衫,100%可机洗羊毛，澳洲美利奴羊毛，细腻亲近身体，,209,4624,,,质量上乘 很舒服 颜色好看 漂亮精致 手感好
细腻软糯，贴肤的品质之选,1035001,毛衫,1010000,6,329,1586017,https://yanxuan.nosdn.127.net/65e36a343491113603d3971564a5daf7.png,100%羊毛 男式圆领可机洗羊毛衫,100%可机洗羊毛，澳洲美利奴羊毛，体验卸下繁复的洗护方式,279,19598,,,
细腻软糯，贴肤的品质之选,1035001,毛衫,1010000,2,349,1553033,https://yanxuan.nosdn.127.net/4d55b062916f3e653d29b1d630b01de8.png,男式半高领休闲针织衫,珍贵山羊绒混纺精梳棉，高级感扑面而来,279,1752,,,
细腻软糯，贴肤的品质之选,1035001,毛衫,1010000,3,299,1562007,https://yanxuan.nosdn.127.net/6ecbbd977457185587146e4c840c5613.png,100%羊毛 男式高领可机洗轻薄羊毛衫,100%可机洗羊毛，被高领占领的季节，轻薄打底告别臃肿,255,3556,,,
细腻软糯，贴肤的品质之选,1035001,毛衫,1010000,2,429,1581000,https://yanxuan.nosdn.127.net/90706b89651b8faabb2075de4e2e91f0.png,100%羊毛 男式V领精致缩绒套头羊毛衫,撞色嵌条，点亮美利奴羊毛的新潮活力,429,2957,,,
细腻软糯，贴肤的品质之选,1035001,毛衫,1010000,2,449,1581001,https://yanxuan.nosdn.127.net/4678cfa21f57fbebf4b870d62396c21e.png,100%羊毛 男式精致缩绒羊毛开衫,肤感温暖惬意，穿感儒雅谦和,449,1947,,,
细腻软糯，贴肤的品质之选,1035001,毛衫,1010000,2,699,1580051,https://yanxuan.nosdn.127.net/7b9c94ed170bef2c635f13319528aace.png,100%纯山羊绒 女式装饰链条圆领羊绒衫,耀眼华美，丝丝细链光波流转,699,1008,,,
细腻软糯，贴肤的品质之选,1035001,毛衫,1010000,0,449,1635030,https://yanxuan.nosdn.127.net/eb394a43abb94fbed6c498b33f1e9f51.png,女式小香风长款针织开衫,利落长款邂逅小香情结，魅力难拒,449,267,,,
细腻软糯，贴肤的品质之选,1035001,毛衫,1010000,2,349,1635031,https://yanxuan.nosdn.127.net/18b18307d1a847d6af28335f8f94e6df.png,100%羊毛 女式小香风短款针织开衫,"此款有小香风套装半裙搭配，请至裙装购买；黑白撞色，为你添优雅韵味
",349,1102,,,
细腻软糯，贴肤的品质之选,1035001,毛衫,1010000,2,269,1637028,https://yanxuan.nosdn.127.net/290c33f611aa410e5f04e134b15d3686.png,100%羊毛 女式小香风针织羊毛套头衫,此款有小香风套装半裙搭配，请至裙装购买；尊重极简的优雅上身感,269,951,,,
细腻软糯，贴肤的品质之选,1035001,毛衫,1010000,3,499,1542018,https://yanxuan.nosdn.127.net/429ef396024654850052b0a7eaf66f65.png,100%羊毛 女式全成型蕾丝袖高领羊毛衫,100%德国扬子羊毛，典雅蕾丝袖，举手投足间均是浪漫,399,2201,,,
细腻软糯，贴肤的品质之选,1035001,毛衫,1010000,2,369,1617024,https://yanxuan.nosdn.127.net/49fa233a958de4608d67102899da93ee.png,100%羊毛 女式装饰拉链潮流羊毛衫,100%可机洗羊毛，时髦翻倍，潮流拉链靓丽吸睛,316,958,,,
细腻软糯，贴肤的品质之选,1035001,毛衫,1010000,2,369,1618019,https://yanxuan.nosdn.127.net/4dd9fe8c8e50e2dd452d1ceba48886d7.png,100%羊毛 女式V领潮流羊毛衫,100%可机洗羊毛 鲜活青春，校园朝气随性不羁,316,1429,,,
细腻软糯，贴肤的品质之选,1035001,毛衫,1010000,2,599,1551082,https://yanxuan.nosdn.127.net/c7162eed4ad3959dddf87538ccc1700b.png,男式休闲针织夹克衫,以无需打理的体面，衬精干气度,599,2761,,,
细腻软糯，贴肤的品质之选,1035001,毛衫,1010000,2,299,1581003,https://yanxuan.nosdn.127.net/6775e286adc8df48537aa6d7f19d638e.png,100%羊毛 男式可机洗羊毛针织背心,100%可机洗羊毛，暖心背心，舒适自在,255,3327,,,
细腻软糯，贴肤的品质之选,1035001,毛衫,1010000,2,449,1551081,https://yanxuan.nosdn.127.net/da1058089cdf25ba9e930e7340fd1e50.png,男式连帽套头针织衫,一体连帽，休闲减龄的街拍亮点,449,921,,,
细腻软糯，贴肤的品质之选,1035001,毛衫,1010000,0,369,1608000,https://yanxuan.nosdn.127.net/ca4d3996ede2da902500807df6e0ca5c.png,100%羊毛 男式休闲针织毛衫,麂皮撞色拼接，成就雅痞休闲,369,910,,,
细腻软糯，贴肤的品质之选,1035001,毛衫,1010000,2,589,1617023,https://yanxuan.nosdn.127.net/f1445002cc29a59d09c8bb5ae1265a2d.jpg,女式闪电宽松套头羊绒羊毛衫,抢眼个性提花，以时髦态度迎俏丽风情,589,2067,,,
细腻软糯，贴肤的品质之选,1035001,毛衫,1010000,2,369,1659016,https://yanxuan.nosdn.127.net/c1965918622aa14309b9ae0b6a82b298.jpg,女式马海毛闪电爱心金银丝套头毛衫,靓丽时尚提花，以金丝银线勾画动人真心,369,982,,,
细腻软糯，贴肤的品质之选,1035001,毛衫,1010000,0,389,1615016,https://yanxuan.nosdn.127.net/e9a6e76c67fba2ecab001a3584d0d2ef.png,女式马海毛金银丝套头毛衫,温柔丰盈，梦幻星点提花璀璨耀眼,389,947,,,
细腻软糯，贴肤的品质之选,1035001,毛衫,1010000,0,699,1587048,https://yanxuan.nosdn.127.net/95f023d38c0f5497a07e01fd5cc22155.png,女式复古学院连帽羊绒羊毛毛衫,柔美少女感，优雅焦糖底调知性学院气质,699,486,,,
细腻软糯，贴肤的品质之选,1035001,毛衫,1010000,0,599,1542020,https://yanxuan.nosdn.127.net/9d150b933ebf1c938adc0e35ae2355c5.png,女式牦牛绒珍珠针织连衣裙,来自牦牛绒的软糯轻盈，莹亮珍珠赋予优雅女神气质,599,480,,,
细腻软糯，贴肤的品质之选,1035001,毛衫,1010000,0,499,1542021,https://yanxuan.nosdn.127.net/6d2b2e9f4b004bf6fb274b80325db955.png,女式牦牛绒珍珠套头毛衫,来自牦牛绒的温暖，如脱兔般的灵动少女气息,499,381,,,
细腻软糯，贴肤的品质之选,1035001,毛衫,1010000,2,469,1617037,https://yanxuan.nosdn.127.net/aceb9903e206bb2273d737d4fea80ead.png,100%羊毛 男式粗针绞花休闲羊毛衫,澳大利亚细腻羊毛，给你安心的触肤面料,469,1428,,,
细腻软糯，贴肤的品质之选,1035001,毛衫,1010000,2,399,1599005,https://yanxuan.nosdn.127.net/7c91cee4b83750fd0a596559d70a6cc2.png,男式半拉链套头休闲羊毛衫,闲雅利落，纯美利奴羊毛缩绒工艺成就踏实暖感,399,1050,,,
细腻软糯，贴肤的品质之选,1035001,毛衫,1010000,3,769,1580028,https://yanxuan.nosdn.127.net/3a792afcde98aeeabadbdb5fa4244e81.png,100%山羊绒 男式彩点羊绒衫,细腻全山羊绒感，点子纱恍若星海浪漫,769,1589,,,
细腻软糯，贴肤的品质之选,1035001,毛衫,1010000,4,389,1609005,https://yanxuan.nosdn.127.net/968f568a628d3713c20791ad890c1d09.png,女式马海毛绞花毛衫,灵动甜蜜色马海毛，复古绞花编织,389,1920,,,
细腻软糯，贴肤的品质之选,1035001,毛衫,1010000,3,629,1580052,https://yanxuan.nosdn.127.net/e72bd5f9d1ca7c169b326c1fe0dadca1.png,100%山羊绒 女式提花花瓣领羊绒衫,柔美温婉，宛若曼妙花蕾盛放于颈项,629,1186,,,
绅士的第二肌肤,1093013,男式内衣,1010000,2,259,1220006,https://yanxuan.nosdn.127.net/e1d70f8ac0bd150513007f96643d6d16.png,男式速暖双层加厚保暖内衣套装（上衣+裤）,即刻感觉实在的温暖感,99,2189,,,很舒服 质量上乘 手感好 保暖性好 性价比高 材质薄 衣服合身 尺寸合适
