FirstTitle,frontDesc,category_id,category_name,superCategoryId,colorNum,counterPrice,item_id,primaryPicUrl,name,simpleDesc,retailPrice,sellVolume,material,style,comment
网易严选居家生活篇 - 清凉一夏、设计点亮，品质当道、天然材质，舒睡怡人、经典北欧风，打造原木家、甄选品质，睡眠美学、陷进柔暖，美梦时刻、趣意点缀，家中有格、亲肤柔棉，安心品质、舒适经典，幸福宅家、天然选材，安心酣睡、人体工学设计，健康办公、实用至上，讲究质感、一盏灯，温暖一个家、装点家的格调、收纳神器大集结、居家晾晒必备好物、专业家庭医用好物、慵懒休闲时光，轻松惬意生活、一口好锅，炖煮生活一日三餐、下厨省力好帮手、传统工艺 源自中国刀城、餐桌上的舞蹈、精工生产制作，匠人手艺、严选精巧器具，轻松冲调、找回书写的力量、职场数码办公用品、为健康办公生活加油、让工位比被窝更舒适、用心选料，让爱宠健康成长、贴心设计，照顾爱宠舒适生活,贴心设计，照顾爱宠舒适生活,109248004,宠物用品,1005000,0,39.0,3397023,https://yanxuan.nosdn.127.net/7cb59c560836ed245a5b8e3a7923a9f4.png,宠物硅胶贝壳按摩梳,灵动握把，总有一个姿势适合你,39.0,0,,,有效实用20	质量上乘9
网易严选居家生活篇 - 清凉一夏、设计点亮，品质当道、天然材质，舒睡怡人、经典北欧风，打造原木家、甄选品质，睡眠美学、陷进柔暖，美梦时刻、趣意点缀，家中有格、亲肤柔棉，安心品质、舒适经典，幸福宅家、天然选材，安心酣睡、人体工学设计，健康办公、实用至上，讲究质感、一盏灯，温暖一个家、装点家的格调、收纳神器大集结、居家晾晒必备好物、专业家庭医用好物、慵懒休闲时光，轻松惬意生活、一口好锅，炖煮生活一日三餐、下厨省力好帮手、传统工艺 源自中国刀城、餐桌上的舞蹈、精工生产制作，匠人手艺、严选精巧器具，轻松冲调、找回书写的力量、职场数码办公用品、为健康办公生活加油、让工位比被窝更舒适、用心选料，让爱宠健康成长、贴心设计，照顾爱宠舒适生活,贴心设计，照顾爱宠舒适生活,109248004,宠物用品,1005000,0,33.8,1391000,https://yanxuan.nosdn.127.net/558965678ca38716bcdfa33eb3a92837.png,宠物尿垫,进口材质，瞬吸锁水不沾身,33.8,0,,,有效实用189	质量上乘132	吸水性好81	性价比高64	材质薄33	很可爱22	漂亮精致21	很厚实17
网易严选服饰鞋包篇 - 舒爽穿搭 清凉一夏、夏季热力爆品 抢先预览、出游 少不了鞋和包、慵懒居家 一秒提升幸福感、穿出你的个性态度、内搭T恤 贴身自在、经典百搭 精致设计、高质感面料 休闲商务两适宜、颠覆牛仔认知 革新你的穿着体验、简约调性 儒雅休闲自如切换、自在潇洒穿着感、精选材质 穿出质感、职场精致LOOK、量身裁体的优雅、轻松舒适 送给双腿的温柔力量、基础裤型的舒适之选、体验温柔的质感、选对风格 只做自己、舒适源自高品质、享受宅家时光、透气舒爽 自由空间、温和安全 亲密呵护、贴身关怀 少束缚、绅士的第二肌肤、始于足下的品质生活、匠心打造 轻潮舒适、优雅 如此舒适、慵懒休闲时光 轻松惬意生活、呵护双脚 驱散行走的压力、包里装着你的整个世界、懂你的责任也更懂你、握在手中的精致、带着梦想即刻出发、璀璨闪耀 品质甄选、精致灵动的小确幸、你和潮流之间就差一个我、匠心雕琢细节 细节彰显品位、温柔亲肤 舒爽一夏、时髦 从“头”开始、一步获取元气女神、运动休闲型男魅力、好穿易搭轻松减龄、时尚生活有型有款,时尚生活有型有款,109255015,男式下装,1010000,0,19.0,3441060,https://yanxuan.nosdn.127.net/a3b80ebe02336682b6fd5f0702ede0a3.png,Yessing男式复古条纹中筒棉袜子,条纹中袜，秀出学院复古本色,19.0,0,,休闲时尚、都市运动,
网易严选服饰鞋包篇 - 舒爽穿搭 清凉一夏、夏季热力爆品 抢先预览、出游 少不了鞋和包、慵懒居家 一秒提升幸福感、穿出你的个性态度、内搭T恤 贴身自在、经典百搭 精致设计、高质感面料 休闲商务两适宜、颠覆牛仔认知 革新你的穿着体验、简约调性 儒雅休闲自如切换、自在潇洒穿着感、精选材质 穿出质感、职场精致LOOK、量身裁体的优雅、轻松舒适 送给双腿的温柔力量、基础裤型的舒适之选、体验温柔的质感、选对风格 只做自己、舒适源自高品质、享受宅家时光、透气舒爽 自由空间、温和安全 亲密呵护、贴身关怀 少束缚、绅士的第二肌肤、始于足下的品质生活、匠心打造 轻潮舒适、优雅 如此舒适、慵懒休闲时光 轻松惬意生活、呵护双脚 驱散行走的压力、包里装着你的整个世界、懂你的责任也更懂你、握在手中的精致、带着梦想即刻出发、璀璨闪耀 品质甄选、精致灵动的小确幸、你和潮流之间就差一个我、匠心雕琢细节 细节彰显品位、温柔亲肤 舒爽一夏、时髦 从“头”开始、一步获取元气女神、运动休闲型男魅力、好穿易搭轻松减龄、时尚生活有型有款,时尚生活有型有款,109255015,男式下装,1010000,0,39.0,3440038,https://yanxuan.nosdn.127.net/01aabe5867dfab73b13983cedbc17a14.png,Yessing男式条纹中筒棉袜子三双装,拯直男审美：从一双好看的袜子开始,39.0,0,,时尚、运动,质量上乘51	漂亮精致34	很舒服34	性价比高12	袜子不错10	手感好7	质感好6	款式不错6
网易严选服饰鞋包篇 - 舒爽穿搭 清凉一夏、夏季热力爆品 抢先预览、出游 少不了鞋和包、慵懒居家 一秒提升幸福感、穿出你的个性态度、内搭T恤 贴身自在、经典百搭 精致设计、高质感面料 休闲商务两适宜、颠覆牛仔认知 革新你的穿着体验、简约调性 儒雅休闲自如切换、自在潇洒穿着感、精选材质 穿出质感、职场精致LOOK、量身裁体的优雅、轻松舒适 送给双腿的温柔力量、基础裤型的舒适之选、体验温柔的质感、选对风格 只做自己、舒适源自高品质、享受宅家时光、透气舒爽 自由空间、温和安全 亲密呵护、贴身关怀 少束缚、绅士的第二肌肤、始于足下的品质生活、匠心打造 轻潮舒适、优雅 如此舒适、慵懒休闲时光 轻松惬意生活、呵护双脚 驱散行走的压力、包里装着你的整个世界、懂你的责任也更懂你、握在手中的精致、带着梦想即刻出发、璀璨闪耀 品质甄选、精致灵动的小确幸、你和潮流之间就差一个我、匠心雕琢细节 细节彰显品位、温柔亲肤 舒爽一夏、时髦 从“头”开始、一步获取元气女神、运动休闲型男魅力、好穿易搭轻松减龄、时尚生活有型有款,时尚生活有型有款,109255015,男式下装,1010000,0,299.0,1506038,https://yanxuan.nosdn.127.net/560084bd11ffa9389533a05db863e3bb.png,男式凉感小脚9分裤,这个夏日，把凉感穿在身上,299.0,32,,,很舒服18	质量上乘9	裤子不错8	漂亮精致6
网易严选服饰鞋包篇 - 舒爽穿搭 清凉一夏、夏季热力爆品 抢先预览、出游 少不了鞋和包、慵懒居家 一秒提升幸福感、穿出你的个性态度、内搭T恤 贴身自在、经典百搭 精致设计、高质感面料 休闲商务两适宜、颠覆牛仔认知 革新你的穿着体验、简约调性 儒雅休闲自如切换、自在潇洒穿着感、精选材质 穿出质感、职场精致LOOK、量身裁体的优雅、轻松舒适 送给双腿的温柔力量、基础裤型的舒适之选、体验温柔的质感、选对风格 只做自己、舒适源自高品质、享受宅家时光、透气舒爽 自由空间、温和安全 亲密呵护、贴身关怀 少束缚、绅士的第二肌肤、始于足下的品质生活、匠心打造 轻潮舒适、优雅 如此舒适、慵懒休闲时光 轻松惬意生活、呵护双脚 驱散行走的压力、包里装着你的整个世界、懂你的责任也更懂你、握在手中的精致、带着梦想即刻出发、璀璨闪耀 品质甄选、精致灵动的小确幸、你和潮流之间就差一个我、匠心雕琢细节 细节彰显品位、温柔亲肤 舒爽一夏、时髦 从“头”开始、一步获取元气女神、运动休闲型男魅力、好穿易搭轻松减龄、时尚生活有型有款,时尚生活有型有款,109255015,男式下装,1010000,0,259.0,1644031,https://yanxuan.nosdn.127.net/e0f18f0311201c79131375fd94f5ca0d.png,Yessing男式石墨烯加绒保暖牛仔裤,石墨烯加绒合体款，保暖塑形,259.0,51,,,质量上乘65	很舒服62	保暖性好25	做工精良15	版型不错14	裤子不错13	尺寸合适13	性价比高10
网易严选服饰鞋包篇 - 舒爽穿搭 清凉一夏、夏季热力爆品 抢先预览、出游 少不了鞋和包、慵懒居家 一秒提升幸福感、穿出你的个性态度、内搭T恤 贴身自在、经典百搭 精致设计、高质感面料 休闲商务两适宜、颠覆牛仔认知 革新你的穿着体验、简约调性 儒雅休闲自如切换、自在潇洒穿着感、精选材质 穿出质感、职场精致LOOK、量身裁体的优雅、轻松舒适 送给双腿的温柔力量、基础裤型的舒适之选、体验温柔的质感、选对风格 只做自己、舒适源自高品质、享受宅家时光、透气舒爽 自由空间、温和安全 亲密呵护、贴身关怀 少束缚、绅士的第二肌肤、始于足下的品质生活、匠心打造 轻潮舒适、优雅 如此舒适、慵懒休闲时光 轻松惬意生活、呵护双脚 驱散行走的压力、包里装着你的整个世界、懂你的责任也更懂你、握在手中的精致、带着梦想即刻出发、璀璨闪耀 品质甄选、精致灵动的小确幸、你和潮流之间就差一个我、匠心雕琢细节 细节彰显品位、温柔亲肤 舒爽一夏、时髦 从“头”开始、一步获取元气女神、运动休闲型男魅力、好穿易搭轻松减龄、时尚生活有型有款,时尚生活有型有款,109255015,男式下装,1010000,0,259.0,1586014,https://yanxuan.nosdn.127.net/b261718eba2b01ea4282c3f83c5a3f1c.png,Yessing男士复古运动裤,清新当如你，轻复古风萦绕,259.0,109,,,
网易严选服饰鞋包篇 - 舒爽穿搭 清凉一夏、夏季热力爆品 抢先预览、出游 少不了鞋和包、慵懒居家 一秒提升幸福感、穿出你的个性态度、内搭T恤 贴身自在、经典百搭 精致设计、高质感面料 休闲商务两适宜、颠覆牛仔认知 革新你的穿着体验、简约调性 儒雅休闲自如切换、自在潇洒穿着感、精选材质 穿出质感、职场精致LOOK、量身裁体的优雅、轻松舒适 送给双腿的温柔力量、基础裤型的舒适之选、体验温柔的质感、选对风格 只做自己、舒适源自高品质、享受宅家时光、透气舒爽 自由空间、温和安全 亲密呵护、贴身关怀 少束缚、绅士的第二肌肤、始于足下的品质生活、匠心打造 轻潮舒适、优雅 如此舒适、慵懒休闲时光 轻松惬意生活、呵护双脚 驱散行走的压力、包里装着你的整个世界、懂你的责任也更懂你、握在手中的精致、带着梦想即刻出发、璀璨闪耀 品质甄选、精致灵动的小确幸、你和潮流之间就差一个我、匠心雕琢细节 细节彰显品位、温柔亲肤 舒爽一夏、时髦 从“头”开始、一步获取元气女神、运动休闲型男魅力、好穿易搭轻松减龄、时尚生活有型有款,时尚生活有型有款,109255015,男式下装,1010000,0,199.0,1683001,https://yanxuan.nosdn.127.net/040d194aa56de494131b0cfb9b8bbe3c.png,Yessing男式基础百搭加绒运动裤,百搭裤型，初春下装优选,199.0,1598,,,质量上乘91	很舒服59	性价比高34	尺寸合适18	裤子不错17	漂亮精致16	弹性不错12	穿着合身11
网易严选服饰鞋包篇 - 舒爽穿搭 清凉一夏、夏季热力爆品 抢先预览、出游 少不了鞋和包、慵懒居家 一秒提升幸福感、穿出你的个性态度、内搭T恤 贴身自在、经典百搭 精致设计、高质感面料 休闲商务两适宜、颠覆牛仔认知 革新你的穿着体验、简约调性 儒雅休闲自如切换、自在潇洒穿着感、精选材质 穿出质感、职场精致LOOK、量身裁体的优雅、轻松舒适 送给双腿的温柔力量、基础裤型的舒适之选、体验温柔的质感、选对风格 只做自己、舒适源自高品质、享受宅家时光、透气舒爽 自由空间、温和安全 亲密呵护、贴身关怀 少束缚、绅士的第二肌肤、始于足下的品质生活、匠心打造 轻潮舒适、优雅 如此舒适、慵懒休闲时光 轻松惬意生活、呵护双脚 驱散行走的压力、包里装着你的整个世界、懂你的责任也更懂你、握在手中的精致、带着梦想即刻出发、璀璨闪耀 品质甄选、精致灵动的小确幸、你和潮流之间就差一个我、匠心雕琢细节 细节彰显品位、温柔亲肤 舒爽一夏、时髦 从“头”开始、一步获取元气女神、运动休闲型男魅力、好穿易搭轻松减龄、时尚生活有型有款,时尚生活有型有款,109255015,男式下装,1010000,0,229.0,3384009,https://yanxuan.nosdn.127.net/f6463274043411c4b8aee7485465fa98.png,Yessing男式立体分割小脚针织裤,立体剪裁，雕刻春季裤装造型,160,1871,,,
网易严选服饰鞋包篇 - 舒爽穿搭 清凉一夏、夏季热力爆品 抢先预览、出游 少不了鞋和包、慵懒居家 一秒提升幸福感、穿出你的个性态度、内搭T恤 贴身自在、经典百搭 精致设计、高质感面料 休闲商务两适宜、颠覆牛仔认知 革新你的穿着体验、简约调性 儒雅休闲自如切换、自在潇洒穿着感、精选材质 穿出质感、职场精致LOOK、量身裁体的优雅、轻松舒适 送给双腿的温柔力量、基础裤型的舒适之选、体验温柔的质感、选对风格 只做自己、舒适源自高品质、享受宅家时光、透气舒爽 自由空间、温和安全 亲密呵护、贴身关怀 少束缚、绅士的第二肌肤、始于足下的品质生活、匠心打造 轻潮舒适、优雅 如此舒适、慵懒休闲时光 轻松惬意生活、呵护双脚 驱散行走的压力、包里装着你的整个世界、懂你的责任也更懂你、握在手中的精致、带着梦想即刻出发、璀璨闪耀 品质甄选、精致灵动的小确幸、你和潮流之间就差一个我、匠心雕琢细节 细节彰显品位、温柔亲肤 舒爽一夏、时髦 从“头”开始、一步获取元气女神、运动休闲型男魅力、好穿易搭轻松减龄、时尚生活有型有款,时尚生活有型有款,109255015,男式下装,1010000,0,279.0,1652000,https://yanxuan.nosdn.127.net/2ed9a6ce2c1e0ed132d2a9fbe1f3a9a5.png,Yessing男式时尚加绒运动针织裤,升级版针织裤，更利落有型,279.0,3975,,,质量上乘38	很舒服17	漂亮精致13	性价比高8	版型不错7	款式不错7	有型7	裤子不错6
网易严选服饰鞋包篇 - 舒爽穿搭 清凉一夏、夏季热力爆品 抢先预览、出游 少不了鞋和包、慵懒居家 一秒提升幸福感、穿出你的个性态度、内搭T恤 贴身自在、经典百搭 精致设计、高质感面料 休闲商务两适宜、颠覆牛仔认知 革新你的穿着体验、简约调性 儒雅休闲自如切换、自在潇洒穿着感、精选材质 穿出质感、职场精致LOOK、量身裁体的优雅、轻松舒适 送给双腿的温柔力量、基础裤型的舒适之选、体验温柔的质感、选对风格 只做自己、舒适源自高品质、享受宅家时光、透气舒爽 自由空间、温和安全 亲密呵护、贴身关怀 少束缚、绅士的第二肌肤、始于足下的品质生活、匠心打造 轻潮舒适、优雅 如此舒适、慵懒休闲时光 轻松惬意生活、呵护双脚 驱散行走的压力、包里装着你的整个世界、懂你的责任也更懂你、握在手中的精致、带着梦想即刻出发、璀璨闪耀 品质甄选、精致灵动的小确幸、你和潮流之间就差一个我、匠心雕琢细节 细节彰显品位、温柔亲肤 舒爽一夏、时髦 从“头”开始、一步获取元气女神、运动休闲型男魅力、好穿易搭轻松减龄、时尚生活有型有款,时尚生活有型有款,109255015,男式下装,1010000,0,219.0,3383022,https://yanxuan.nosdn.127.net/8f8e3c9cf96d650c19baa603e179e7a2.png,Yessing男式春夏红蓝CP套装卫裤,织带小脚裤，复古中的新潮款,153,629,,,
网易严选服饰鞋包篇 - 舒爽穿搭 清凉一夏、夏季热力爆品 抢先预览、出游 少不了鞋和包、慵懒居家 一秒提升幸福感、穿出你的个性态度、内搭T恤 贴身自在、经典百搭 精致设计、高质感面料 休闲商务两适宜、颠覆牛仔认知 革新你的穿着体验、简约调性 儒雅休闲自如切换、自在潇洒穿着感、精选材质 穿出质感、职场精致LOOK、量身裁体的优雅、轻松舒适 送给双腿的温柔力量、基础裤型的舒适之选、体验温柔的质感、选对风格 只做自己、舒适源自高品质、享受宅家时光、透气舒爽 自由空间、温和安全 亲密呵护、贴身关怀 少束缚、绅士的第二肌肤、始于足下的品质生活、匠心打造 轻潮舒适、优雅 如此舒适、慵懒休闲时光 轻松惬意生活、呵护双脚 驱散行走的压力、包里装着你的整个世界、懂你的责任也更懂你、握在手中的精致、带着梦想即刻出发、璀璨闪耀 品质甄选、精致灵动的小确幸、你和潮流之间就差一个我、匠心雕琢细节 细节彰显品位、温柔亲肤 舒爽一夏、时髦 从“头”开始、一步获取元气女神、运动休闲型男魅力、好穿易搭轻松减龄、时尚生活有型有款,时尚生活有型有款,109255015,男式下装,1010000,0,349.0,1576002,https://yanxuan.nosdn.127.net/b0904994fefb4c87acf91e35417123fa.png,Yessing男式弹力印花直筒牛仔裤,男生的牛仔裤，也不千篇一律,349.0,1731,棉 95% 聚酯纤维 4%， 氨纶 1%,,很舒服11	弹性不错7	质量上乘6
网易严选服饰鞋包篇 - 舒爽穿搭 清凉一夏、夏季热力爆品 抢先预览、出游 少不了鞋和包、慵懒居家 一秒提升幸福感、穿出你的个性态度、内搭T恤 贴身自在、经典百搭 精致设计、高质感面料 休闲商务两适宜、颠覆牛仔认知 革新你的穿着体验、简约调性 儒雅休闲自如切换、自在潇洒穿着感、精选材质 穿出质感、职场精致LOOK、量身裁体的优雅、轻松舒适 送给双腿的温柔力量、基础裤型的舒适之选、体验温柔的质感、选对风格 只做自己、舒适源自高品质、享受宅家时光、透气舒爽 自由空间、温和安全 亲密呵护、贴身关怀 少束缚、绅士的第二肌肤、始于足下的品质生活、匠心打造 轻潮舒适、优雅 如此舒适、慵懒休闲时光 轻松惬意生活、呵护双脚 驱散行走的压力、包里装着你的整个世界、懂你的责任也更懂你、握在手中的精致、带着梦想即刻出发、璀璨闪耀 品质甄选、精致灵动的小确幸、你和潮流之间就差一个我、匠心雕琢细节 细节彰显品位、温柔亲肤 舒爽一夏、时髦 从“头”开始、一步获取元气女神、运动休闲型男魅力、好穿易搭轻松减龄、时尚生活有型有款,时尚生活有型有款,109255015,男式下装,1010000,0,349.0,1576001,https://yanxuan.nosdn.127.net/29d7995543a74b70510f7ec204d1c2ad.png,Yessing男式织带运动牛仔裤,比基础款好看，比潮款稳重,349.0,1695,"牛仔蓝(面料： 棉 95% 聚酯纤维 4%， 氨纶 1%)
 黑色（面料： 棉 68% 聚酯纤维 22%， 粘纤 9% 氨纶 1% ）",,质量上乘14	很舒服10	漂亮精致5
网易严选服饰鞋包篇 - 舒爽穿搭 清凉一夏、夏季热力爆品 抢先预览、出游 少不了鞋和包、慵懒居家 一秒提升幸福感、穿出你的个性态度、内搭T恤 贴身自在、经典百搭 精致设计、高质感面料 休闲商务两适宜、颠覆牛仔认知 革新你的穿着体验、简约调性 儒雅休闲自如切换、自在潇洒穿着感、精选材质 穿出质感、职场精致LOOK、量身裁体的优雅、轻松舒适 送给双腿的温柔力量、基础裤型的舒适之选、体验温柔的质感、选对风格 只做自己、舒适源自高品质、享受宅家时光、透气舒爽 自由空间、温和安全 亲密呵护、贴身关怀 少束缚、绅士的第二肌肤、始于足下的品质生活、匠心打造 轻潮舒适、优雅 如此舒适、慵懒休闲时光 轻松惬意生活、呵护双脚 驱散行走的压力、包里装着你的整个世界、懂你的责任也更懂你、握在手中的精致、带着梦想即刻出发、璀璨闪耀 品质甄选、精致灵动的小确幸、你和潮流之间就差一个我、匠心雕琢细节 细节彰显品位、温柔亲肤 舒爽一夏、时髦 从“头”开始、一步获取元气女神、运动休闲型男魅力、好穿易搭轻松减龄、时尚生活有型有款,时尚生活有型有款,109255015,男式下装,1010000,0,299.0,1572029,https://yanxuan.nosdn.127.net/7945cbac063b88e17fcdba4f9fc65ea7.png,Yessing男式弹力直筒百搭牛仔裤,优秀基础款，商务生活两相宜,299.0,173,"牛仔蓝(面料： 棉 95% 聚酯纤维 4%， 氨纶 1%)
 黑色（面料： 棉 68% 聚酯纤维 22%， 粘纤 9% 氨纶 1% ）",,很舒服48	质量上乘24	弹性不错16	尺寸合适14	漂亮精致8	性价比高8	裤子不错7	穿着合身7
网易严选服饰鞋包篇 - 舒爽穿搭 清凉一夏、夏季热力爆品 抢先预览、出游 少不了鞋和包、慵懒居家 一秒提升幸福感、穿出你的个性态度、内搭T恤 贴身自在、经典百搭 精致设计、高质感面料 休闲商务两适宜、颠覆牛仔认知 革新你的穿着体验、简约调性 儒雅休闲自如切换、自在潇洒穿着感、精选材质 穿出质感、职场精致LOOK、量身裁体的优雅、轻松舒适 送给双腿的温柔力量、基础裤型的舒适之选、体验温柔的质感、选对风格 只做自己、舒适源自高品质、享受宅家时光、透气舒爽 自由空间、温和安全 亲密呵护、贴身关怀 少束缚、绅士的第二肌肤、始于足下的品质生活、匠心打造 轻潮舒适、优雅 如此舒适、慵懒休闲时光 轻松惬意生活、呵护双脚 驱散行走的压力、包里装着你的整个世界、懂你的责任也更懂你、握在手中的精致、带着梦想即刻出发、璀璨闪耀 品质甄选、精致灵动的小确幸、你和潮流之间就差一个我、匠心雕琢细节 细节彰显品位、温柔亲肤 舒爽一夏、时髦 从“头”开始、一步获取元气女神、运动休闲型男魅力、好穿易搭轻松减龄、时尚生活有型有款,时尚生活有型有款,109255015,男式下装,1010000,0,199.0,3420047,https://yanxuan.nosdn.127.net/9ec3fe96cf08ea865c4c74c7b83f6d61.png,Yessing男式精梳棉锥形梭织裤,可能是春夏必备的透气布裤了,139,1386,,,
网易严选服饰鞋包篇 - 舒爽穿搭 清凉一夏、夏季热力爆品 抢先预览、出游 少不了鞋和包、慵懒居家 一秒提升幸福感、穿出你的个性态度、内搭T恤 贴身自在、经典百搭 精致设计、高质感面料 休闲商务两适宜、颠覆牛仔认知 革新你的穿着体验、简约调性 儒雅休闲自如切换、自在潇洒穿着感、精选材质 穿出质感、职场精致LOOK、量身裁体的优雅、轻松舒适 送给双腿的温柔力量、基础裤型的舒适之选、体验温柔的质感、选对风格 只做自己、舒适源自高品质、享受宅家时光、透气舒爽 自由空间、温和安全 亲密呵护、贴身关怀 少束缚、绅士的第二肌肤、始于足下的品质生活、匠心打造 轻潮舒适、优雅 如此舒适、慵懒休闲时光 轻松惬意生活、呵护双脚 驱散行走的压力、包里装着你的整个世界、懂你的责任也更懂你、握在手中的精致、带着梦想即刻出发、璀璨闪耀 品质甄选、精致灵动的小确幸、你和潮流之间就差一个我、匠心雕琢细节 细节彰显品位、温柔亲肤 舒爽一夏、时髦 从“头”开始、一步获取元气女神、运动休闲型男魅力、好穿易搭轻松减龄、时尚生活有型有款,时尚生活有型有款,109255015,男式下装,1010000,0,149.0,3420046,https://yanxuan.nosdn.127.net/4cc42bc4eda6def044639a19f1201c59.png,Yessing男式紧身高弹专业运动长裤,从“懒”到“潮”，就差这条Legging,104,322,,运动,
网易严选服饰鞋包篇 - 舒爽穿搭 清凉一夏、夏季热力爆品 抢先预览、出游 少不了鞋和包、慵懒居家 一秒提升幸福感、穿出你的个性态度、内搭T恤 贴身自在、经典百搭 精致设计、高质感面料 休闲商务两适宜、颠覆牛仔认知 革新你的穿着体验、简约调性 儒雅休闲自如切换、自在潇洒穿着感、精选材质 穿出质感、职场精致LOOK、量身裁体的优雅、轻松舒适 送给双腿的温柔力量、基础裤型的舒适之选、体验温柔的质感、选对风格 只做自己、舒适源自高品质、享受宅家时光、透气舒爽 自由空间、温和安全 亲密呵护、贴身关怀 少束缚、绅士的第二肌肤、始于足下的品质生活、匠心打造 轻潮舒适、优雅 如此舒适、慵懒休闲时光 轻松惬意生活、呵护双脚 驱散行走的压力、包里装着你的整个世界、懂你的责任也更懂你、握在手中的精致、带着梦想即刻出发、璀璨闪耀 品质甄选、精致灵动的小确幸、你和潮流之间就差一个我、匠心雕琢细节 细节彰显品位、温柔亲肤 舒爽一夏、时髦 从“头”开始、一步获取元气女神、运动休闲型男魅力、好穿易搭轻松减龄、时尚生活有型有款,时尚生活有型有款,109255015,男式下装,1010000,0,279.0,1574018,https://yanxuan.nosdn.127.net/5e4a67c5e980f0a7eb7b3abbc017cd18.png,Yessing男式透气运动梭织长裤,轻松穿出型男感的运动裤,279.0,3921,,,质量上乘19	漂亮精致8	很舒服8	性价比高5
网易严选服饰鞋包篇 - 舒爽穿搭 清凉一夏、夏季热力爆品 抢先预览、出游 少不了鞋和包、慵懒居家 一秒提升幸福感、穿出你的个性态度、内搭T恤 贴身自在、经典百搭 精致设计、高质感面料 休闲商务两适宜、颠覆牛仔认知 革新你的穿着体验、简约调性 儒雅休闲自如切换、自在潇洒穿着感、精选材质 穿出质感、职场精致LOOK、量身裁体的优雅、轻松舒适 送给双腿的温柔力量、基础裤型的舒适之选、体验温柔的质感、选对风格 只做自己、舒适源自高品质、享受宅家时光、透气舒爽 自由空间、温和安全 亲密呵护、贴身关怀 少束缚、绅士的第二肌肤、始于足下的品质生活、匠心打造 轻潮舒适、优雅 如此舒适、慵懒休闲时光 轻松惬意生活、呵护双脚 驱散行走的压力、包里装着你的整个世界、懂你的责任也更懂你、握在手中的精致、带着梦想即刻出发、璀璨闪耀 品质甄选、精致灵动的小确幸、你和潮流之间就差一个我、匠心雕琢细节 细节彰显品位、温柔亲肤 舒爽一夏、时髦 从“头”开始、一步获取元气女神、运动休闲型男魅力、好穿易搭轻松减龄、时尚生活有型有款,时尚生活有型有款,109255015,男式下装,1010000,0,259.0,1572025,https://yanxuan.nosdn.127.net/883a1071fbc2b82ed75b23a1b404293d.png,Yessing男式基础塑形梭织长裤,高质感塑形裤，搭配任何上衣都好看,155,8383,,,质量上乘23	很舒服19	漂亮精致16	性价比高13	质感好7	裤子不错7	穿着不错6	穿着合身5
网易严选服饰鞋包篇 - 舒爽穿搭 清凉一夏、夏季热力爆品 抢先预览、出游 少不了鞋和包、慵懒居家 一秒提升幸福感、穿出你的个性态度、内搭T恤 贴身自在、经典百搭 精致设计、高质感面料 休闲商务两适宜、颠覆牛仔认知 革新你的穿着体验、简约调性 儒雅休闲自如切换、自在潇洒穿着感、精选材质 穿出质感、职场精致LOOK、量身裁体的优雅、轻松舒适 送给双腿的温柔力量、基础裤型的舒适之选、体验温柔的质感、选对风格 只做自己、舒适源自高品质、享受宅家时光、透气舒爽 自由空间、温和安全 亲密呵护、贴身关怀 少束缚、绅士的第二肌肤、始于足下的品质生活、匠心打造 轻潮舒适、优雅 如此舒适、慵懒休闲时光 轻松惬意生活、呵护双脚 驱散行走的压力、包里装着你的整个世界、懂你的责任也更懂你、握在手中的精致、带着梦想即刻出发、璀璨闪耀 品质甄选、精致灵动的小确幸、你和潮流之间就差一个我、匠心雕琢细节 细节彰显品位、温柔亲肤 舒爽一夏、时髦 从“头”开始、一步获取元气女神、运动休闲型男魅力、好穿易搭轻松减龄、时尚生活有型有款,时尚生活有型有款,109255015,男式下装,1010000,0,299.0,1505051,https://yanxuan.nosdn.127.net/c96b8c2bb7affcb0cbaf400a6e719933.jpg,Yessing男式夏凉弹力修身梭织长裤,夏凉面料，高质感弹力修身速干裤,299.0,1489,面料： 锦纶85% 氨纶15%,,很舒服37	质量上乘34	性价比高12	弹性不错8	穿着不错7	面料好6	宝贝不错5
网易严选服饰鞋包篇 - 舒爽穿搭 清凉一夏、夏季热力爆品 抢先预览、出游 少不了鞋和包、慵懒居家 一秒提升幸福感、穿出你的个性态度、内搭T恤 贴身自在、经典百搭 精致设计、高质感面料 休闲商务两适宜、颠覆牛仔认知 革新你的穿着体验、简约调性 儒雅休闲自如切换、自在潇洒穿着感、精选材质 穿出质感、职场精致LOOK、量身裁体的优雅、轻松舒适 送给双腿的温柔力量、基础裤型的舒适之选、体验温柔的质感、选对风格 只做自己、舒适源自高品质、享受宅家时光、透气舒爽 自由空间、温和安全 亲密呵护、贴身关怀 少束缚、绅士的第二肌肤、始于足下的品质生活、匠心打造 轻潮舒适、优雅 如此舒适、慵懒休闲时光 轻松惬意生活、呵护双脚 驱散行走的压力、包里装着你的整个世界、懂你的责任也更懂你、握在手中的精致、带着梦想即刻出发、璀璨闪耀 品质甄选、精致灵动的小确幸、你和潮流之间就差一个我、匠心雕琢细节 细节彰显品位、温柔亲肤 舒爽一夏、时髦 从“头”开始、一步获取元气女神、运动休闲型男魅力、好穿易搭轻松减龄、时尚生活有型有款,时尚生活有型有款,109255015,男式下装,1010000,0,299.0,1584011,https://yanxuan.nosdn.127.net/e16a8af9ce764df9d399cba2eb91b6cc.png,Yessing男式夏凉弹力9分梭织裤,9分锥形，凉爽动感一分不减,299.0,3733,锦纶85% 氨纶15%,,很舒服13	版型不错7	质量上乘6	漂亮精致5
网易严选服饰鞋包篇 - 舒爽穿搭 清凉一夏、夏季热力爆品 抢先预览、出游 少不了鞋和包、慵懒居家 一秒提升幸福感、穿出你的个性态度、内搭T恤 贴身自在、经典百搭 精致设计、高质感面料 休闲商务两适宜、颠覆牛仔认知 革新你的穿着体验、简约调性 儒雅休闲自如切换、自在潇洒穿着感、精选材质 穿出质感、职场精致LOOK、量身裁体的优雅、轻松舒适 送给双腿的温柔力量、基础裤型的舒适之选、体验温柔的质感、选对风格 只做自己、舒适源自高品质、享受宅家时光、透气舒爽 自由空间、温和安全 亲密呵护、贴身关怀 少束缚、绅士的第二肌肤、始于足下的品质生活、匠心打造 轻潮舒适、优雅 如此舒适、慵懒休闲时光 轻松惬意生活、呵护双脚 驱散行走的压力、包里装着你的整个世界、懂你的责任也更懂你、握在手中的精致、带着梦想即刻出发、璀璨闪耀 品质甄选、精致灵动的小确幸、你和潮流之间就差一个我、匠心雕琢细节 细节彰显品位、温柔亲肤 舒爽一夏、时髦 从“头”开始、一步获取元气女神、运动休闲型男魅力、好穿易搭轻松减龄、时尚生活有型有款,时尚生活有型有款,109255015,男式下装,1010000,0,279.0,1585006,https://yanxuan.nosdn.127.net/a67acf2967b188a6cd5e03cbf18a3a44.png,Yessing男式夏凉弹力合体梭织长裤,凉感舒适面料，弹力合体,279.0,5063,锦纶85% 氨纶15%,,很舒服42	质量上乘22	尺寸合适11	性价比高8	裤子不错7	透气性好6	穿着不错6	弹性不错5
网易严选服饰鞋包篇 - 舒爽穿搭 清凉一夏、夏季热力爆品 抢先预览、出游 少不了鞋和包、慵懒居家 一秒提升幸福感、穿出你的个性态度、内搭T恤 贴身自在、经典百搭 精致设计、高质感面料 休闲商务两适宜、颠覆牛仔认知 革新你的穿着体验、简约调性 儒雅休闲自如切换、自在潇洒穿着感、精选材质 穿出质感、职场精致LOOK、量身裁体的优雅、轻松舒适 送给双腿的温柔力量、基础裤型的舒适之选、体验温柔的质感、选对风格 只做自己、舒适源自高品质、享受宅家时光、透气舒爽 自由空间、温和安全 亲密呵护、贴身关怀 少束缚、绅士的第二肌肤、始于足下的品质生活、匠心打造 轻潮舒适、优雅 如此舒适、慵懒休闲时光 轻松惬意生活、呵护双脚 驱散行走的压力、包里装着你的整个世界、懂你的责任也更懂你、握在手中的精致、带着梦想即刻出发、璀璨闪耀 品质甄选、精致灵动的小确幸、你和潮流之间就差一个我、匠心雕琢细节 细节彰显品位、温柔亲肤 舒爽一夏、时髦 从“头”开始、一步获取元气女神、运动休闲型男魅力、好穿易搭轻松减龄、时尚生活有型有款,好穿易搭轻松减龄,109255017,女式下装,1010000,0,19.0,3440072,https://yanxuan.nosdn.127.net/450c6d592d4b748a52b97ad4cd8c57b8.png,Yessing女式复古条纹中筒棉袜子,复古条纹中袜，显高显瘦一招搞定,19.0,0,,休闲时尚、都市运动、居家生活,
网易严选服饰鞋包篇 - 舒爽穿搭 清凉一夏、夏季热力爆品 抢先预览、出游 少不了鞋和包、慵懒居家 一秒提升幸福感、穿出你的个性态度、内搭T恤 贴身自在、经典百搭 精致设计、高质感面料 休闲商务两适宜、颠覆牛仔认知 革新你的穿着体验、简约调性 儒雅休闲自如切换、自在潇洒穿着感、精选材质 穿出质感、职场精致LOOK、量身裁体的优雅、轻松舒适 送给双腿的温柔力量、基础裤型的舒适之选、体验温柔的质感、选对风格 只做自己、舒适源自高品质、享受宅家时光、透气舒爽 自由空间、温和安全 亲密呵护、贴身关怀 少束缚、绅士的第二肌肤、始于足下的品质生活、匠心打造 轻潮舒适、优雅 如此舒适、慵懒休闲时光 轻松惬意生活、呵护双脚 驱散行走的压力、包里装着你的整个世界、懂你的责任也更懂你、握在手中的精致、带着梦想即刻出发、璀璨闪耀 品质甄选、精致灵动的小确幸、你和潮流之间就差一个我、匠心雕琢细节 细节彰显品位、温柔亲肤 舒爽一夏、时髦 从“头”开始、一步获取元气女神、运动休闲型男魅力、好穿易搭轻松减龄、时尚生活有型有款,好穿易搭轻松减龄,109255017,女式下装,1010000,0,19.0,3441062,https://yanxuan.nosdn.127.net/815fdbd8efbd8da7d180524f98bd2499.png,Yessing女式条纹中长筒棉袜子,新潮条纹袜，要比鞋子更抢眼,19.0,0,,休闲时尚、都市运动、居家生活,质量上乘15	漂亮精致14	很舒服6	袜子不错5
网易严选服饰鞋包篇 - 舒爽穿搭 清凉一夏、夏季热力爆品 抢先预览、出游 少不了鞋和包、慵懒居家 一秒提升幸福感、穿出你的个性态度、内搭T恤 贴身自在、经典百搭 精致设计、高质感面料 休闲商务两适宜、颠覆牛仔认知 革新你的穿着体验、简约调性 儒雅休闲自如切换、自在潇洒穿着感、精选材质 穿出质感、职场精致LOOK、量身裁体的优雅、轻松舒适 送给双腿的温柔力量、基础裤型的舒适之选、体验温柔的质感、选对风格 只做自己、舒适源自高品质、享受宅家时光、透气舒爽 自由空间、温和安全 亲密呵护、贴身关怀 少束缚、绅士的第二肌肤、始于足下的品质生活、匠心打造 轻潮舒适、优雅 如此舒适、慵懒休闲时光 轻松惬意生活、呵护双脚 驱散行走的压力、包里装着你的整个世界、懂你的责任也更懂你、握在手中的精致、带着梦想即刻出发、璀璨闪耀 品质甄选、精致灵动的小确幸、你和潮流之间就差一个我、匠心雕琢细节 细节彰显品位、温柔亲肤 舒爽一夏、时髦 从“头”开始、一步获取元气女神、运动休闲型男魅力、好穿易搭轻松减龄、时尚生活有型有款,好穿易搭轻松减龄,109255017,女式下装,1010000,0,149.0,3420042,https://yanxuan.nosdn.127.net/7e1877ee6b324875c713b108d5bf4b0c.png,Yessing女式针织凉感织带长裤,夏日厌倦短裙拖鞋，用长裤耍帅也不想闷汗,149.0,0,,休闲时尚、运动休闲、都市运动,
网易严选服饰鞋包篇 - 舒爽穿搭 清凉一夏、夏季热力爆品 抢先预览、出游 少不了鞋和包、慵懒居家 一秒提升幸福感、穿出你的个性态度、内搭T恤 贴身自在、经典百搭 精致设计、高质感面料 休闲商务两适宜、颠覆牛仔认知 革新你的穿着体验、简约调性 儒雅休闲自如切换、自在潇洒穿着感、精选材质 穿出质感、职场精致LOOK、量身裁体的优雅、轻松舒适 送给双腿的温柔力量、基础裤型的舒适之选、体验温柔的质感、选对风格 只做自己、舒适源自高品质、享受宅家时光、透气舒爽 自由空间、温和安全 亲密呵护、贴身关怀 少束缚、绅士的第二肌肤、始于足下的品质生活、匠心打造 轻潮舒适、优雅 如此舒适、慵懒休闲时光 轻松惬意生活、呵护双脚 驱散行走的压力、包里装着你的整个世界、懂你的责任也更懂你、握在手中的精致、带着梦想即刻出发、璀璨闪耀 品质甄选、精致灵动的小确幸、你和潮流之间就差一个我、匠心雕琢细节 细节彰显品位、温柔亲肤 舒爽一夏、时髦 从“头”开始、一步获取元气女神、运动休闲型男魅力、好穿易搭轻松减龄、时尚生活有型有款,好穿易搭轻松减龄,109255017,女式下装,1010000,0,279.0,1506014,https://yanxuan.nosdn.127.net/1fe9b9e758d538c292d56a7b5bc8f758.png,Yessing女式凉感弹力修身长裤,2018夏日舒爽驾驭各种腿型的小诀窍,279.0,47,,,很舒服14	质量上乘9	显瘦6	弹性不错6	尺寸合适6
网易严选服饰鞋包篇 - 舒爽穿搭 清凉一夏、夏季热力爆品 抢先预览、出游 少不了鞋和包、慵懒居家 一秒提升幸福感、穿出你的个性态度、内搭T恤 贴身自在、经典百搭 精致设计、高质感面料 休闲商务两适宜、颠覆牛仔认知 革新你的穿着体验、简约调性 儒雅休闲自如切换、自在潇洒穿着感、精选材质 穿出质感、职场精致LOOK、量身裁体的优雅、轻松舒适 送给双腿的温柔力量、基础裤型的舒适之选、体验温柔的质感、选对风格 只做自己、舒适源自高品质、享受宅家时光、透气舒爽 自由空间、温和安全 亲密呵护、贴身关怀 少束缚、绅士的第二肌肤、始于足下的品质生活、匠心打造 轻潮舒适、优雅 如此舒适、慵懒休闲时光 轻松惬意生活、呵护双脚 驱散行走的压力、包里装着你的整个世界、懂你的责任也更懂你、握在手中的精致、带着梦想即刻出发、璀璨闪耀 品质甄选、精致灵动的小确幸、你和潮流之间就差一个我、匠心雕琢细节 细节彰显品位、温柔亲肤 舒爽一夏、时髦 从“头”开始、一步获取元气女神、运动休闲型男魅力、好穿易搭轻松减龄、时尚生活有型有款,好穿易搭轻松减龄,109255017,女式下装,1010000,0,29.0,3441038,https://yanxuan.nosdn.127.net/cf2685647bbf5240b5fb972570043779.png,Yessing女式马卡龙色短袜子三双装,百搭短袜，露出马卡龙清新一角,20.3,688,,时尚、运动,质量上乘22	很舒服11	颜色好看8	漂亮精致8
网易严选服饰鞋包篇 - 舒爽穿搭 清凉一夏、夏季热力爆品 抢先预览、出游 少不了鞋和包、慵懒居家 一秒提升幸福感、穿出你的个性态度、内搭T恤 贴身自在、经典百搭 精致设计、高质感面料 休闲商务两适宜、颠覆牛仔认知 革新你的穿着体验、简约调性 儒雅休闲自如切换、自在潇洒穿着感、精选材质 穿出质感、职场精致LOOK、量身裁体的优雅、轻松舒适 送给双腿的温柔力量、基础裤型的舒适之选、体验温柔的质感、选对风格 只做自己、舒适源自高品质、享受宅家时光、透气舒爽 自由空间、温和安全 亲密呵护、贴身关怀 少束缚、绅士的第二肌肤、始于足下的品质生活、匠心打造 轻潮舒适、优雅 如此舒适、慵懒休闲时光 轻松惬意生活、呵护双脚 驱散行走的压力、包里装着你的整个世界、懂你的责任也更懂你、握在手中的精致、带着梦想即刻出发、璀璨闪耀 品质甄选、精致灵动的小确幸、你和潮流之间就差一个我、匠心雕琢细节 细节彰显品位、温柔亲肤 舒爽一夏、时髦 从“头”开始、一步获取元气女神、运动休闲型男魅力、好穿易搭轻松减龄、时尚生活有型有款,好穿易搭轻松减龄,109255017,女式下装,1010000,0,39.0,3441037,https://yanxuan.nosdn.127.net/79c5b17fa50e1bd972b0589e49bc97fc.png,Yessing女式条纹中长筒棉袜子三双装,复古条纹中袜，显高显瘦一招搞定,27.3,734,,都市运动,质量上乘31	漂亮精致20	很舒服7	颜色好看6
网易严选服饰鞋包篇 - 舒爽穿搭 清凉一夏、夏季热力爆品 抢先预览、出游 少不了鞋和包、慵懒居家 一秒提升幸福感、穿出你的个性态度、内搭T恤 贴身自在、经典百搭 精致设计、高质感面料 休闲商务两适宜、颠覆牛仔认知 革新你的穿着体验、简约调性 儒雅休闲自如切换、自在潇洒穿着感、精选材质 穿出质感、职场精致LOOK、量身裁体的优雅、轻松舒适 送给双腿的温柔力量、基础裤型的舒适之选、体验温柔的质感、选对风格 只做自己、舒适源自高品质、享受宅家时光、透气舒爽 自由空间、温和安全 亲密呵护、贴身关怀 少束缚、绅士的第二肌肤、始于足下的品质生活、匠心打造 轻潮舒适、优雅 如此舒适、慵懒休闲时光 轻松惬意生活、呵护双脚 驱散行走的压力、包里装着你的整个世界、懂你的责任也更懂你、握在手中的精致、带着梦想即刻出发、璀璨闪耀 品质甄选、精致灵动的小确幸、你和潮流之间就差一个我、匠心雕琢细节 细节彰显品位、温柔亲肤 舒爽一夏、时髦 从“头”开始、一步获取元气女神、运动休闲型男魅力、好穿易搭轻松减龄、时尚生活有型有款,好穿易搭轻松减龄,109255017,女式下装,1010000,0,39.0,3441036,https://yanxuan.nosdn.127.net/b70402397f9045b1974ca7f334133a2c.png,Yessing女式条纹中筒棉袜三双装,复古条纹中袜，显高显瘦一招搞定,27.3,532,,时尚、运动,质量上乘27	漂亮精致21	很舒服12	袜子不错6
网易严选服饰鞋包篇 - 舒爽穿搭 清凉一夏、夏季热力爆品 抢先预览、出游 少不了鞋和包、慵懒居家 一秒提升幸福感、穿出你的个性态度、内搭T恤 贴身自在、经典百搭 精致设计、高质感面料 休闲商务两适宜、颠覆牛仔认知 革新你的穿着体验、简约调性 儒雅休闲自如切换、自在潇洒穿着感、精选材质 穿出质感、职场精致LOOK、量身裁体的优雅、轻松舒适 送给双腿的温柔力量、基础裤型的舒适之选、体验温柔的质感、选对风格 只做自己、舒适源自高品质、享受宅家时光、透气舒爽 自由空间、温和安全 亲密呵护、贴身关怀 少束缚、绅士的第二肌肤、始于足下的品质生活、匠心打造 轻潮舒适、优雅 如此舒适、慵懒休闲时光 轻松惬意生活、呵护双脚 驱散行走的压力、包里装着你的整个世界、懂你的责任也更懂你、握在手中的精致、带着梦想即刻出发、璀璨闪耀 品质甄选、精致灵动的小确幸、你和潮流之间就差一个我、匠心雕琢细节 细节彰显品位、温柔亲肤 舒爽一夏、时髦 从“头”开始、一步获取元气女神、运动休闲型男魅力、好穿易搭轻松减龄、时尚生活有型有款,好穿易搭轻松减龄,109255017,女式下装,1010000,0,16.0,3440074,https://yanxuan.nosdn.127.net/820a86b122278503abde398f3cbb2afa.png,Yessing女式马卡龙色短袜子,百搭短袜，露出马卡龙清新一角,11.2,8,,休闲时尚、都市运动、居家生活,质量上乘19	漂亮精致12	很舒服7	颜色好看6
网易严选服饰鞋包篇 - 舒爽穿搭 清凉一夏、夏季热力爆品 抢先预览、出游 少不了鞋和包、慵懒居家 一秒提升幸福感、穿出你的个性态度、内搭T恤 贴身自在、经典百搭 精致设计、高质感面料 休闲商务两适宜、颠覆牛仔认知 革新你的穿着体验、简约调性 儒雅休闲自如切换、自在潇洒穿着感、精选材质 穿出质感、职场精致LOOK、量身裁体的优雅、轻松舒适 送给双腿的温柔力量、基础裤型的舒适之选、体验温柔的质感、选对风格 只做自己、舒适源自高品质、享受宅家时光、透气舒爽 自由空间、温和安全 亲密呵护、贴身关怀 少束缚、绅士的第二肌肤、始于足下的品质生活、匠心打造 轻潮舒适、优雅 如此舒适、慵懒休闲时光 轻松惬意生活、呵护双脚 驱散行走的压力、包里装着你的整个世界、懂你的责任也更懂你、握在手中的精致、带着梦想即刻出发、璀璨闪耀 品质甄选、精致灵动的小确幸、你和潮流之间就差一个我、匠心雕琢细节 细节彰显品位、温柔亲肤 舒爽一夏、时髦 从“头”开始、一步获取元气女神、运动休闲型男魅力、好穿易搭轻松减龄、时尚生活有型有款,好穿易搭轻松减龄,109255017,女式下装,1010000,0,219.0,3383013,https://yanxuan.nosdn.127.net/6478e35239717df3f3359ae674381205.png,Yessing女式立体分割小脚针织裤, 立体分割，优化腿部线条感,153,1655,,,
网易严选服饰鞋包篇 - 舒爽穿搭 清凉一夏、夏季热力爆品 抢先预览、出游 少不了鞋和包、慵懒居家 一秒提升幸福感、穿出你的个性态度、内搭T恤 贴身自在、经典百搭 精致设计、高质感面料 休闲商务两适宜、颠覆牛仔认知 革新你的穿着体验、简约调性 儒雅休闲自如切换、自在潇洒穿着感、精选材质 穿出质感、职场精致LOOK、量身裁体的优雅、轻松舒适 送给双腿的温柔力量、基础裤型的舒适之选、体验温柔的质感、选对风格 只做自己、舒适源自高品质、享受宅家时光、透气舒爽 自由空间、温和安全 亲密呵护、贴身关怀 少束缚、绅士的第二肌肤、始于足下的品质生活、匠心打造 轻潮舒适、优雅 如此舒适、慵懒休闲时光 轻松惬意生活、呵护双脚 驱散行走的压力、包里装着你的整个世界、懂你的责任也更懂你、握在手中的精致、带着梦想即刻出发、璀璨闪耀 品质甄选、精致灵动的小确幸、你和潮流之间就差一个我、匠心雕琢细节 细节彰显品位、温柔亲肤 舒爽一夏、时髦 从“头”开始、一步获取元气女神、运动休闲型男魅力、好穿易搭轻松减龄、时尚生活有型有款,好穿易搭轻松减龄,109255017,女式下装,1010000,0,229.0,1652008,https://yanxuan.nosdn.127.net/dab8c42669f1a0897e07aafe54ac2e7d.png,Yessing女式蜜桃臀紧身打底裤,蜜桃臀裤，显瘦显腿长,137,3127,,,很舒服28	质量上乘18	弹性不错16	漂亮精致6	显瘦5
网易严选服饰鞋包篇 - 舒爽穿搭 清凉一夏、夏季热力爆品 抢先预览、出游 少不了鞋和包、慵懒居家 一秒提升幸福感、穿出你的个性态度、内搭T恤 贴身自在、经典百搭 精致设计、高质感面料 休闲商务两适宜、颠覆牛仔认知 革新你的穿着体验、简约调性 儒雅休闲自如切换、自在潇洒穿着感、精选材质 穿出质感、职场精致LOOK、量身裁体的优雅、轻松舒适 送给双腿的温柔力量、基础裤型的舒适之选、体验温柔的质感、选对风格 只做自己、舒适源自高品质、享受宅家时光、透气舒爽 自由空间、温和安全 亲密呵护、贴身关怀 少束缚、绅士的第二肌肤、始于足下的品质生活、匠心打造 轻潮舒适、优雅 如此舒适、慵懒休闲时光 轻松惬意生活、呵护双脚 驱散行走的压力、包里装着你的整个世界、懂你的责任也更懂你、握在手中的精致、带着梦想即刻出发、璀璨闪耀 品质甄选、精致灵动的小确幸、你和潮流之间就差一个我、匠心雕琢细节 细节彰显品位、温柔亲肤 舒爽一夏、时髦 从“头”开始、一步获取元气女神、运动休闲型男魅力、好穿易搭轻松减龄、时尚生活有型有款,好穿易搭轻松减龄,109255017,女式下装,1010000,0,249.0,1652005,https://yanxuan.nosdn.127.net/906b137356de376104d5ddce64e82c39.png,Yessing女式基础百搭加绒针织裤,不用试穿的百搭款,249.0,121,,,质量上乘50	很舒服45	版型不错11	漂亮精致10	显瘦9	性价比高8	很好穿8	尺寸合适8
网易严选服饰鞋包篇 - 舒爽穿搭 清凉一夏、夏季热力爆品 抢先预览、出游 少不了鞋和包、慵懒居家 一秒提升幸福感、穿出你的个性态度、内搭T恤 贴身自在、经典百搭 精致设计、高质感面料 休闲商务两适宜、颠覆牛仔认知 革新你的穿着体验、简约调性 儒雅休闲自如切换、自在潇洒穿着感、精选材质 穿出质感、职场精致LOOK、量身裁体的优雅、轻松舒适 送给双腿的温柔力量、基础裤型的舒适之选、体验温柔的质感、选对风格 只做自己、舒适源自高品质、享受宅家时光、透气舒爽 自由空间、温和安全 亲密呵护、贴身关怀 少束缚、绅士的第二肌肤、始于足下的品质生活、匠心打造 轻潮舒适、优雅 如此舒适、慵懒休闲时光 轻松惬意生活、呵护双脚 驱散行走的压力、包里装着你的整个世界、懂你的责任也更懂你、握在手中的精致、带着梦想即刻出发、璀璨闪耀 品质甄选、精致灵动的小确幸、你和潮流之间就差一个我、匠心雕琢细节 细节彰显品位、温柔亲肤 舒爽一夏、时髦 从“头”开始、一步获取元气女神、运动休闲型男魅力、好穿易搭轻松减龄、时尚生活有型有款,好穿易搭轻松减龄,109255017,女式下装,1010000,0,259.0,1644032,https://yanxuan.nosdn.127.net/2c250aa887c1b199df40a5aa7adf5ba9.png,Yessing女式石墨烯加绒保暖牛仔裤,温度与颜值同行，石墨烯保暖塑形牛仔,259.0,17,,,很舒服71	弹性不错32	质量上乘31	保暖性好26	漂亮精致17	显瘦15	尺寸合适14	穿着合身11
网易严选服饰鞋包篇 - 舒爽穿搭 清凉一夏、夏季热力爆品 抢先预览、出游 少不了鞋和包、慵懒居家 一秒提升幸福感、穿出你的个性态度、内搭T恤 贴身自在、经典百搭 精致设计、高质感面料 休闲商务两适宜、颠覆牛仔认知 革新你的穿着体验、简约调性 儒雅休闲自如切换、自在潇洒穿着感、精选材质 穿出质感、职场精致LOOK、量身裁体的优雅、轻松舒适 送给双腿的温柔力量、基础裤型的舒适之选、体验温柔的质感、选对风格 只做自己、舒适源自高品质、享受宅家时光、透气舒爽 自由空间、温和安全 亲密呵护、贴身关怀 少束缚、绅士的第二肌肤、始于足下的品质生活、匠心打造 轻潮舒适、优雅 如此舒适、慵懒休闲时光 轻松惬意生活、呵护双脚 驱散行走的压力、包里装着你的整个世界、懂你的责任也更懂你、握在手中的精致、带着梦想即刻出发、璀璨闪耀 品质甄选、精致灵动的小确幸、你和潮流之间就差一个我、匠心雕琢细节 细节彰显品位、温柔亲肤 舒爽一夏、时髦 从“头”开始、一步获取元气女神、运动休闲型男魅力、好穿易搭轻松减龄、时尚生活有型有款,好穿易搭轻松减龄,109255017,女式下装,1010000,0,259.0,1587022,https://yanxuan.nosdn.127.net/e38575d2a75cbdbb63e311d30697e0a9.png,Yessing女士复古运动裤,清新当如你，轻复古风萦绕,259.0,277,,,
网易严选服饰鞋包篇 - 舒爽穿搭 清凉一夏、夏季热力爆品 抢先预览、出游 少不了鞋和包、慵懒居家 一秒提升幸福感、穿出你的个性态度、内搭T恤 贴身自在、经典百搭 精致设计、高质感面料 休闲商务两适宜、颠覆牛仔认知 革新你的穿着体验、简约调性 儒雅休闲自如切换、自在潇洒穿着感、精选材质 穿出质感、职场精致LOOK、量身裁体的优雅、轻松舒适 送给双腿的温柔力量、基础裤型的舒适之选、体验温柔的质感、选对风格 只做自己、舒适源自高品质、享受宅家时光、透气舒爽 自由空间、温和安全 亲密呵护、贴身关怀 少束缚、绅士的第二肌肤、始于足下的品质生活、匠心打造 轻潮舒适、优雅 如此舒适、慵懒休闲时光 轻松惬意生活、呵护双脚 驱散行走的压力、包里装着你的整个世界、懂你的责任也更懂你、握在手中的精致、带着梦想即刻出发、璀璨闪耀 品质甄选、精致灵动的小确幸、你和潮流之间就差一个我、匠心雕琢细节 细节彰显品位、温柔亲肤 舒爽一夏、时髦 从“头”开始、一步获取元气女神、运动休闲型男魅力、好穿易搭轻松减龄、时尚生活有型有款,好穿易搭轻松减龄,109255017,女式下装,1010000,0,279.0,1585007,https://yanxuan.nosdn.127.net/8cbc7cbbac18a3065bf34e7f40841df9.png,Yessing女式夏凉织带小脚9分裤,遮瑕显瘦，凉爽体验，弹力舒适,195,5214,锦纶85% 氨纶15%,,显瘦10	很舒服10	尺寸合适6	质量上乘5
网易严选服饰鞋包篇 - 舒爽穿搭 清凉一夏、夏季热力爆品 抢先预览、出游 少不了鞋和包、慵懒居家 一秒提升幸福感、穿出你的个性态度、内搭T恤 贴身自在、经典百搭 精致设计、高质感面料 休闲商务两适宜、颠覆牛仔认知 革新你的穿着体验、简约调性 儒雅休闲自如切换、自在潇洒穿着感、精选材质 穿出质感、职场精致LOOK、量身裁体的优雅、轻松舒适 送给双腿的温柔力量、基础裤型的舒适之选、体验温柔的质感、选对风格 只做自己、舒适源自高品质、享受宅家时光、透气舒爽 自由空间、温和安全 亲密呵护、贴身关怀 少束缚、绅士的第二肌肤、始于足下的品质生活、匠心打造 轻潮舒适、优雅 如此舒适、慵懒休闲时光 轻松惬意生活、呵护双脚 驱散行走的压力、包里装着你的整个世界、懂你的责任也更懂你、握在手中的精致、带着梦想即刻出发、璀璨闪耀 品质甄选、精致灵动的小确幸、你和潮流之间就差一个我、匠心雕琢细节 细节彰显品位、温柔亲肤 舒爽一夏、时髦 从“头”开始、一步获取元气女神、运动休闲型男魅力、好穿易搭轻松减龄、时尚生活有型有款,好穿易搭轻松减龄,109255017,女式下装,1010000,0,349.0,1572021,https://yanxuan.nosdn.127.net/8b562dfc3a62e5b7631a5a7089956322.png,Yessing女式弹力修身微喇牛仔裤,春季微喇裤，让腿更美的魔法,349.0,489,"牛仔蓝 (面料：棉 91% 聚酯纤维 7% 氨纶 2%)
浅蓝(面料：棉 98% 氨纶 2% )",,漂亮精致28	很舒服25	质量上乘20	弹性不错11	尺寸合适11	版型不错9	款式不错9	显瘦9
网易严选服饰鞋包篇 - 舒爽穿搭 清凉一夏、夏季热力爆品 抢先预览、出游 少不了鞋和包、慵懒居家 一秒提升幸福感、穿出你的个性态度、内搭T恤 贴身自在、经典百搭 精致设计、高质感面料 休闲商务两适宜、颠覆牛仔认知 革新你的穿着体验、简约调性 儒雅休闲自如切换、自在潇洒穿着感、精选材质 穿出质感、职场精致LOOK、量身裁体的优雅、轻松舒适 送给双腿的温柔力量、基础裤型的舒适之选、体验温柔的质感、选对风格 只做自己、舒适源自高品质、享受宅家时光、透气舒爽 自由空间、温和安全 亲密呵护、贴身关怀 少束缚、绅士的第二肌肤、始于足下的品质生活、匠心打造 轻潮舒适、优雅 如此舒适、慵懒休闲时光 轻松惬意生活、呵护双脚 驱散行走的压力、包里装着你的整个世界、懂你的责任也更懂你、握在手中的精致、带着梦想即刻出发、璀璨闪耀 品质甄选、精致灵动的小确幸、你和潮流之间就差一个我、匠心雕琢细节 细节彰显品位、温柔亲肤 舒爽一夏、时髦 从“头”开始、一步获取元气女神、运动休闲型男魅力、好穿易搭轻松减龄、时尚生活有型有款,好穿易搭轻松减龄,109255017,女式下装,1010000,0,349.0,1572019,https://yanxuan.nosdn.127.net/21a41d1d4f1c23a2fae36257c60279c4.png,Yessing女式织带美腿修身牛仔裤,动感十足，只差你的笑脸,349.0,2773,棉 85% 聚酯纤维 12%， 氨纶 3%,,弹性不错43	很舒服28	漂亮精致21	质量上乘16	显瘦15	性价比高10	面料轻柔7	尺寸合适7
网易严选服饰鞋包篇 - 舒爽穿搭 清凉一夏、夏季热力爆品 抢先预览、出游 少不了鞋和包、慵懒居家 一秒提升幸福感、穿出你的个性态度、内搭T恤 贴身自在、经典百搭 精致设计、高质感面料 休闲商务两适宜、颠覆牛仔认知 革新你的穿着体验、简约调性 儒雅休闲自如切换、自在潇洒穿着感、精选材质 穿出质感、职场精致LOOK、量身裁体的优雅、轻松舒适 送给双腿的温柔力量、基础裤型的舒适之选、体验温柔的质感、选对风格 只做自己、舒适源自高品质、享受宅家时光、透气舒爽 自由空间、温和安全 亲密呵护、贴身关怀 少束缚、绅士的第二肌肤、始于足下的品质生活、匠心打造 轻潮舒适、优雅 如此舒适、慵懒休闲时光 轻松惬意生活、呵护双脚 驱散行走的压力、包里装着你的整个世界、懂你的责任也更懂你、握在手中的精致、带着梦想即刻出发、璀璨闪耀 品质甄选、精致灵动的小确幸、你和潮流之间就差一个我、匠心雕琢细节 细节彰显品位、温柔亲肤 舒爽一夏、时髦 从“头”开始、一步获取元气女神、运动休闲型男魅力、好穿易搭轻松减龄、时尚生活有型有款,好穿易搭轻松减龄,109255017,女式下装,1010000,0,299.0,1572020,https://yanxuan.nosdn.127.net/7b98629d31989b0cc6f7a1864ad5ef55.png,Yessing女式春季弹力塑形牛仔裤,弹力=舒适，塑形=好看,299.0,322,棉 64% 聚酯纤维 23%， 粘纤 10% 氨纶 3%,,质量上乘37	弹性不错30	很舒服19	漂亮精致10	显瘦9	很好穿8	尺寸合适8	版型不错7
网易严选服饰鞋包篇 - 舒爽穿搭 清凉一夏、夏季热力爆品 抢先预览、出游 少不了鞋和包、慵懒居家 一秒提升幸福感、穿出你的个性态度、内搭T恤 贴身自在、经典百搭 精致设计、高质感面料 休闲商务两适宜、颠覆牛仔认知 革新你的穿着体验、简约调性 儒雅休闲自如切换、自在潇洒穿着感、精选材质 穿出质感、职场精致LOOK、量身裁体的优雅、轻松舒适 送给双腿的温柔力量、基础裤型的舒适之选、体验温柔的质感、选对风格 只做自己、舒适源自高品质、享受宅家时光、透气舒爽 自由空间、温和安全 亲密呵护、贴身关怀 少束缚、绅士的第二肌肤、始于足下的品质生活、匠心打造 轻潮舒适、优雅 如此舒适、慵懒休闲时光 轻松惬意生活、呵护双脚 驱散行走的压力、包里装着你的整个世界、懂你的责任也更懂你、握在手中的精致、带着梦想即刻出发、璀璨闪耀 品质甄选、精致灵动的小确幸、你和潮流之间就差一个我、匠心雕琢细节 细节彰显品位、温柔亲肤 舒爽一夏、时髦 从“头”开始、一步获取元气女神、运动休闲型男魅力、好穿易搭轻松减龄、时尚生活有型有款,好穿易搭轻松减龄,109255017,女式下装,1010000,0,279.0,1666043,https://yanxuan.nosdn.127.net/9fa30610292543277265ed33c6396f37.png,Yessing女式时尚织带运动针织裤,织带时尚，初春高配裤装 ,279.0,968,,,质量上乘36	很舒服23	漂亮精致10	性价比高8	裤子不错6	很好穿6	尺寸合适6	款式不错5
网易严选服饰鞋包篇 - 舒爽穿搭 清凉一夏、夏季热力爆品 抢先预览、出游 少不了鞋和包、慵懒居家 一秒提升幸福感、穿出你的个性态度、内搭T恤 贴身自在、经典百搭 精致设计、高质感面料 休闲商务两适宜、颠覆牛仔认知 革新你的穿着体验、简约调性 儒雅休闲自如切换、自在潇洒穿着感、精选材质 穿出质感、职场精致LOOK、量身裁体的优雅、轻松舒适 送给双腿的温柔力量、基础裤型的舒适之选、体验温柔的质感、选对风格 只做自己、舒适源自高品质、享受宅家时光、透气舒爽 自由空间、温和安全 亲密呵护、贴身关怀 少束缚、绅士的第二肌肤、始于足下的品质生活、匠心打造 轻潮舒适、优雅 如此舒适、慵懒休闲时光 轻松惬意生活、呵护双脚 驱散行走的压力、包里装着你的整个世界、懂你的责任也更懂你、握在手中的精致、带着梦想即刻出发、璀璨闪耀 品质甄选、精致灵动的小确幸、你和潮流之间就差一个我、匠心雕琢细节 细节彰显品位、温柔亲肤 舒爽一夏、时髦 从“头”开始、一步获取元气女神、运动休闲型男魅力、好穿易搭轻松减龄、时尚生活有型有款,好穿易搭轻松减龄,109255017,女式下装,1010000,0,259.0,1586000,https://yanxuan.nosdn.127.net/3fe41cd190a9e78962a1883a889e1b90.png,Yessing女式夏凉弹力修身梭织长裤,夏日必备美腿舒适单品,259.0,1539,锦纶85% 氨纶15%,,很舒服78	质量上乘31	弹性不错26	显瘦25	穿着不错18	裤子不错14	尺寸合适13	性价比高12
